extracted_number;id;correct_answer;answer_token_len;reasoning_token_len;frequency_of_answer;is_correct;iter
145;0;145;92;134;1.0;True;0
145;0;145;182;331;1.0;True;1
145;0;145;207;278;1.0;True;2
145;0;145;178;193;1.0;True;3
145;0;145;44;157;1.0;True;4
145;0;145;218;134;1.0;True;5
145;0;145;36;186;1.0;True;6
145;0;145;91;191;1.0;True;7
145;0;145;106;318;1.0;True;8
145;0;145;75;269;1.0;True;9
19;1;19;171;32;1.0;True;0
19;1;19;98;29;1.0;True;1
19;1;19;148;35;1.0;True;2
19;1;19;90;30;1.0;True;3
19;1;19;183;59;1.0;True;4
19;1;19;68;54;1.0;True;5
19;1;19;126;58;1.0;True;6
19;1;19;82;44;1.0;True;7
19;1;19;92;29;1.0;True;8
19;1;19;83;41;1.0;True;9
3;2;3;116;121;1.0;True;0
3;2;3;201;103;1.0;True;1
3;2;3;98;143;1.0;True;2
3;2;3;88;172;1.0;True;3
3;2;3;138;108;1.0;True;4
3;2;3;110;126;1.0;True;5
3;2;3;96;99;1.0;True;6
3;2;3;113;106;1.0;True;7
3;2;3;111;183;1.0;True;8
3;2;3;97;77;1.0;True;9
198;3;198;88;163;1.0;True;0
198;3;198;94;220;1.0;True;1
198;3;198;83;228;1.0;True;2
198;3;198;93;175;1.0;True;3
198;3;198;85;125;1.0;True;4
198;3;198;82;96;1.0;True;5
198;3;198;88;163;1.0;True;6
198;3;198;86;136;1.0;True;7
198;3;198;126;153;1.0;True;8
198;3;198;82;101;1.0;True;9
63;4;63;36;17;1.0;True;0
63;4;63;35;21;1.0;True;1
63;4;63;88;24;1.0;True;2
63;4;63;100;45;1.0;True;3
63;4;63;59;24;1.0;True;4
63;4;63;35;18;1.0;True;5
63;4;63;99;21;1.0;True;6
63;4;63;77;32;1.0;True;7
63;4;63;44;16;1.0;True;8
63;4;63;90;30;1.0;True;9
322;5;322;64;101;1.0;True;0
322;5;322;64;128;1.0;True;1
322;5;322;77;35;1.0;True;2
322;5;322;55;92;1.0;True;3
322;5;322;59;116;1.0;True;4
322;5;322;104;190;1.0;True;5
322;5;322;69;101;1.0;True;6
322;5;322;48;89;1.0;True;7
322;5;322;97;87;1.0;True;8
322;5;322;73;62;1.0;True;9
30;6;30;70;96;1.0;True;0
30;6;30;145;84;1.0;True;1
30;6;30;88;27;1.0;True;2
30;6;30;97;24;1.0;True;3
30;6;30;92;18;1.0;True;4
30;6;30;70;24;1.0;True;5
30;6;30;70;76;1.0;True;6
30;6;30;109;25;1.0;True;7
30;6;30;86;86;1.0;True;8
30;6;30;71;31;1.0;True;9
192;7;192;80;44;1.0;True;0
192;7;192;57;71;1.0;True;1
192;7;192;67;36;1.0;True;2
192;7;192;70;66;1.0;True;3
192;7;192;84;39;1.0;True;4
192;7;192;80;36;1.0;True;5
192;7;192;84;37;1.0;True;6
192;7;192;91;66;1.0;True;7
192;7;192;79;46;1.0;True;8
192;7;192;63;36;1.0;True;9
26;8;26;147;77;1.0;True;0
26;8;26;100;31;1.0;True;1
26;8;26;120;71;1.0;True;2
26;8;26;215;93;1.0;True;3
26;8;26;164;56;1.0;True;4
26;8;26;168;49;1.0;True;5
26;8;26;145;75;1.0;True;6
26;8;26;106;43;1.0;True;7
26;8;26;125;60;1.0;True;8
26;8;26;134;64;1.0;True;9
17;9;17;160;42;1.0;True;0
17;9;17;166;41;1.0;True;1
17;9;17;180;100;1.0;True;2
17;9;17;109;39;1.0;True;3
17;9;17;85;60;1.0;True;4
17;9;17;104;33;1.0;True;5
17;9;17;194;23;1.0;True;6
17;9;17;144;77;1.0;True;7
17;9;17;173;124;1.0;True;8
17;9;17;137;69;1.0;True;9
1;10;1;123;128;1.0;True;0
1;10;1;143;158;1.0;True;1
1;10;1;103;104;1.0;True;2
1;10;1;102;88;1.0;True;3
1;10;1;127;128;1.0;True;4
1;10;1;130;135;1.0;True;5
1;10;1;134;95;1.0;True;6
1;10;1;134;105;1.0;True;7
1;10;1;112;130;1.0;True;8
1;10;1;132;103;1.0;True;9
20;11;20;251;111;1.0;True;0
20;11;20;253;105;1.0;True;1
20;11;20;246;95;1.0;True;2
20;11;20;270;121;1.0;True;3
20;11;20;277;105;1.0;True;4
20;11;20;269;121;1.0;True;5
20;11;20;246;98;1.0;True;6
20;11;20;255;96;1.0;True;7
20;11;20;245;116;1.0;True;8
20;11;20;281;101;1.0;True;9
4;12;4;192;60;1.0;True;0
4;12;4;109;44;1.0;True;1
4;12;4;164;54;1.0;True;2
4;12;4;71;48;1.0;True;3
4;12;4;57;20;1.0;True;4
4;12;4;161;59;1.0;True;5
4;12;4;101;54;1.0;True;6
4;12;4;110;22;1.0;True;7
4;12;4;89;23;1.0;True;8
4;12;4;146;24;1.0;True;9
2;13;2;96;64;1.0;True;0
2;13;2;106;68;1.0;True;1
2;13;2;101;86;1.0;True;2
2;13;2;103;59;1.0;True;3
2;13;2;87;78;1.0;True;4
2;13;2;130;71;1.0;True;5
2;13;2;100;74;1.0;True;6
2;13;2;124;54;1.0;True;7
2;13;2;97;70;1.0;True;8
2;13;2;141;66;1.0;True;9
7;14;7;101;55;1.0;True;0
7;14;7;80;65;1.0;True;1
7;14;7;91;60;1.0;True;2
7;14;7;61;56;1.0;True;3
7;14;7;86;42;1.0;True;4
7;14;7;93;44;1.0;True;5
7;14;7;95;55;1.0;True;6
7;14;7;97;41;1.0;True;7
7;14;7;91;48;1.0;True;8
7;14;7;105;57;1.0;True;9
70;15;70;127;114;1.0;True;0
70;15;70;110;52;1.0;True;1
70;15;70;105;99;1.0;True;2
70;15;70;127;72;1.0;True;3
70;15;70;135;76;1.0;True;4
70;15;70;124;58;1.0;True;5
70;15;70;96;102;1.0;True;6
70;15;70;120;83;1.0;True;7
70;15;70;121;77;1.0;True;8
70;15;70;124;120;1.0;True;9
345;16;345;97;39;1.0;True;0
345;16;345;70;37;1.0;True;1
345;16;345;80;37;1.0;True;2
345;16;345;78;34;1.0;True;3
345;16;345;88;49;1.0;True;4
345;16;345;104;47;1.0;True;5
345;16;345;128;55;1.0;True;6
345;16;345;66;43;1.0;True;7
345;16;345;66;41;1.0;True;8
345;16;345;66;44;1.0;True;9
203;17;266;279;909;0.8;False;0
203;17;266;268;920;0.8;False;1
203;17;266;451;853;0.8;False;2
47;17;266;515;981;0.2;False;3
203;17;266;268;1504;0.8;False;4
47;17;266;541;851;0.2;False;5
203;17;266;226;949;0.8;False;6
203;17;266;279;1686;0.8;False;7
203;17;266;737;1873;0.8;False;8
203;17;266;244;1234;0.8;False;9
54;18;54;83;43;1.0;True;0
54;18;54;73;231;1.0;True;1
54;18;54;182;227;1.0;True;2
54;18;54;203;131;1.0;True;3
54;18;54;191;222;1.0;True;4
54;18;54;120;243;1.0;True;5
54;18;54;181;298;1.0;True;6
54;18;54;204;226;1.0;True;7
54;18;54;205;212;1.0;True;8
54;18;54;128;80;1.0;True;9
807;19;807;41;38;1.0;True;0
807;19;807;49;15;1.0;True;1
807;19;807;47;48;1.0;True;2
807;19;807;53;59;1.0;True;3
807;19;807;53;15;1.0;True;4
807;19;807;39;23;1.0;True;5
807;19;807;53;15;1.0;True;6
807;19;807;65;53;1.0;True;7
807;19;807;40;19;1.0;True;8
807;19;807;49;23;1.0;True;9
3;20;3;199;126;1.0;True;0
3;20;3;178;92;1.0;True;1
3;20;3;128;29;1.0;True;2
3;20;3;169;35;1.0;True;3
3;20;3;112;33;1.0;True;4
3;20;3;174;34;1.0;True;5
3;20;3;187;31;1.0;True;6
3;20;3;133;37;1.0;True;7
3;20;3;131;44;1.0;True;8
3;20;3;179;34;1.0;True;9
12;21;12;78;97;1.0;True;0
12;21;12;89;124;1.0;True;1
12;21;12;70;62;1.0;True;2
12;21;12;107;198;1.0;True;3
12;21;12;63;73;1.0;True;4
12;21;12;53;223;1.0;True;5
12;21;12;63;56;1.0;True;6
12;21;12;99;86;1.0;True;7
12;21;12;66;114;1.0;True;8
12;21;12;68;136;1.0;True;9
10;22;23;368;383;0.9;False;0
10;22;23;233;1040;0.9;False;1
10;22;23;162;492;0.9;False;2
10;22;23;163;584;0.9;False;3
10;22;23;153;637;0.9;False;4
10;22;23;147;510;0.9;False;5
10;22;23;200;849;0.9;False;6
10;22;23;167;422;0.9;False;7
10;22;23;203;226;0.9;False;8
7;22;23;212;299;0.1;False;9
31;23;31;86;26;1.0;True;0
31;23;31;97;35;1.0;True;1
31;23;31;188;74;1.0;True;2
31;23;31;220;27;1.0;True;3
31;23;31;110;31;1.0;True;4
31;23;31;87;39;1.0;True;5
31;23;31;180;44;1.0;True;6
31;23;31;139;29;1.0;True;7
31;23;31;124;30;1.0;True;8
31;23;31;149;39;1.0;True;9
1201565;24;1201565;104;170;0.9;True;0
1201565;24;1201565;124;144;0.9;True;1
1201565;24;1201565;130;107;0.9;True;2
1201565;24;1201565;131;140;0.9;True;3
1.2;24;1201565;98;122;0.1;False;4
1201565;24;1201565;117;126;0.9;True;5
1201565;24;1201565;113;150;0.9;True;6
1201565;24;1201565;136;154;0.9;True;7
1201565;24;1201565;136;143;0.9;True;8
1201565;24;1201565;120;140;0.9;True;9
89;25;89;118;98;1.0;True;0
89;25;89;82;114;1.0;True;1
89;25;89;87;47;1.0;True;2
89;25;89;128;38;1.0;True;3
89;25;89;92;45;1.0;True;4
89;25;89;87;26;1.0;True;5
89;25;89;90;48;1.0;True;6
89;25;89;88;40;1.0;True;7
89;25;89;115;85;1.0;True;8
89;25;89;127;83;1.0;True;9
17;26;574;24;488;0.8;False;0
17;26;574;148;473;0.8;False;1
540;26;574;147;234;0.1;False;2
17;26;574;52;257;0.8;False;3
17;26;574;53;613;0.8;False;4
17;26;574;77;649;0.8;False;5
17;26;574;107;305;0.8;False;6
574;26;574;208;432;0.1;True;7
17;26;574;114;245;0.8;False;8
17;26;574;289;900;0.8;False;9
8;27;8;301;190;1.0;True;0
8;27;8;203;411;1.0;True;1
8;27;8;163;175;1.0;True;2
8;27;8;275;178;1.0;True;3
8;27;8;223;270;1.0;True;4
8;27;8;92;175;1.0;True;5
8;27;8;287;184;1.0;True;6
8;27;8;73;194;1.0;True;7
8;27;8;100;192;1.0;True;8
8;27;8;258;239;1.0;True;9
146;28;146;81;48;1.0;True;0
146;28;146;74;48;1.0;True;1
146;28;146;126;62;1.0;True;2
146;28;146;71;38;1.0;True;3
146;28;146;62;41;1.0;True;4
146;28;146;74;49;1.0;True;5
146;28;146;88;48;1.0;True;6
146;28;146;57;41;1.0;True;7
146;28;146;134;49;1.0;True;8
146;28;146;70;52;1.0;True;9
1;29;1;156;131;1.0;True;0
1;29;1;142;155;1.0;True;1
1;29;1;133;145;1.0;True;2
1;29;1;143;194;1.0;True;3
1;29;1;144;156;1.0;True;4
1;29;1;101;215;1.0;True;5
1;29;1;159;114;1.0;True;6
1;29;1;81;197;1.0;True;7
1;29;1;182;146;1.0;True;8
1;29;1;162;181;1.0;True;9
14;30;14;82;139;1.0;True;0
14;30;14;60;120;1.0;True;1
14;30;14;64;96;1.0;True;2
14;30;14;66;151;1.0;True;3
14;30;14;78;155;1.0;True;4
14;30;14;51;108;1.0;True;5
14;30;14;59;157;1.0;True;6
14;30;14;47;147;1.0;True;7
14;30;14;54;138;1.0;True;8
14;30;14;56;171;1.0;True;9
2;31;2;86;114;1.0;True;0
2;31;2;72;93;1.0;True;1
2;31;2;76;148;1.0;True;2
2;31;2;121;127;1.0;True;3
2;31;2;164;93;1.0;True;4
2;31;2;167;52;1.0;True;5
2;31;2;82;133;1.0;True;6
2;31;2;175;65;1.0;True;7
2;31;2;163;87;1.0;True;8
2;31;2;144;99;1.0;True;9
7;32;7;170;94;1.0;True;0
7;32;7;129;74;1.0;True;1
7;32;7;113;104;1.0;True;2
7;32;7;105;169;1.0;True;3
7;32;7;204;220;1.0;True;4
7;32;7;133;105;1.0;True;5
7;32;7;177;93;1.0;True;6
7;32;7;211;105;1.0;True;7
7;32;7;152;118;1.0;True;8
7;32;7;146;93;1.0;True;9
12;33;12;87;219;1.0;True;0
12;33;12;80;469;1.0;True;1
12;33;12;63;343;1.0;True;2
12;33;12;59;262;1.0;True;3
12;33;12;90;286;1.0;True;4
12;33;12;37;387;1.0;True;5
12;33;12;66;269;1.0;True;6
12;33;12;67;262;1.0;True;7
12;33;12;60;314;1.0;True;8
12;33;12;65;470;1.0;True;9
21;34;21;89;45;1.0;True;0
21;34;21;81;79;1.0;True;1
21;34;21;75;70;1.0;True;2
21;34;21;79;31;1.0;True;3
21;34;21;78;51;1.0;True;4
21;34;21;80;99;1.0;True;5
21;34;21;80;75;1.0;True;6
21;34;21;90;89;1.0;True;7
21;34;21;90;55;1.0;True;8
21;34;21;89;46;1.0;True;9
14;35;14;182;89;1.0;True;0
14;35;14;188;119;1.0;True;1
14;35;14;142;84;1.0;True;2
14;35;14;113;385;1.0;True;3
14;35;14;144;280;1.0;True;4
14;35;14;172;292;1.0;True;5
14;35;14;175;143;1.0;True;6
14;35;14;151;132;1.0;True;7
14;35;14;224;127;1.0;True;8
14;35;14;147;175;1.0;True;9
2;36;2;125;73;1.0;True;0
2;36;2;140;97;1.0;True;1
2;36;2;124;61;1.0;True;2
2;36;2;122;80;1.0;True;3
2;36;2;127;121;1.0;True;4
2;36;2;137;71;1.0;True;5
2;36;2;139;84;1.0;True;6
2;36;2;124;138;1.0;True;7
2;36;2;118;101;1.0;True;8
2;36;2;152;78;1.0;True;9
51;37;51;40;57;1.0;True;0
51;37;51;42;61;1.0;True;1
51;37;51;99;54;1.0;True;2
51;37;51;41;97;1.0;True;3
51;37;51;59;34;1.0;True;4
51;37;51;50;23;1.0;True;5
51;37;51;25;26;1.0;True;6
51;37;51;20;59;1.0;True;7
51;37;51;44;32;1.0;True;8
51;37;51;102;26;1.0;True;9
2;38;2;176;82;1.0;True;0
2;38;2;170;114;1.0;True;1
2;38;2;197;61;1.0;True;2
2;38;2;203;78;1.0;True;3
2;38;2;176;72;1.0;True;4
2;38;2;185;45;1.0;True;5
2;38;2;135;50;1.0;True;6
2;38;2;158;86;1.0;True;7
2;38;2;187;73;1.0;True;8
2;38;2;130;68;1.0;True;9
15;39;15;333;487;1.0;True;0
15;39;15;294;531;1.0;True;1
15;39;15;229;569;1.0;True;2
15;39;15;195;651;1.0;True;3
15;39;15;136;327;1.0;True;4
15;39;15;186;431;1.0;True;5
15;39;15;148;560;1.0;True;6
15;39;15;108;602;1.0;True;7
15;39;15;330;445;1.0;True;8
15;39;15;127;514;1.0;True;9
20;40;20;60;65;1.0;True;0
20;40;20;135;68;1.0;True;1
20;40;20;59;59;1.0;True;2
20;40;20;74;32;1.0;True;3
20;40;20;143;27;1.0;True;4
20;40;20;74;53;1.0;True;5
20;40;20;75;57;1.0;True;6
20;40;20;74;52;1.0;True;7
20;40;20;72;64;1.0;True;8
20;40;20;74;58;1.0;True;9
3;41;3;63;25;1.0;True;0
3;41;3;67;21;1.0;True;1
3;41;3;65;31;1.0;True;2
3;41;3;63;72;1.0;True;3
3;41;3;65;32;1.0;True;4
3;41;3;68;32;1.0;True;5
3;41;3;70;23;1.0;True;6
3;41;3;65;24;1.0;True;7
3;41;3;65;32;1.0;True;8
3;41;3;64;21;1.0;True;9
7;42;7;53;33;1.0;True;0
7;42;7;52;33;1.0;True;1
7;42;7;52;73;1.0;True;2
7;42;7;59;72;1.0;True;3
7;42;7;66;78;1.0;True;4
7;42;7;66;54;1.0;True;5
7;42;7;68;41;1.0;True;6
7;42;7;52;53;1.0;True;7
7;42;7;59;36;1.0;True;8
7;42;7;66;76;1.0;True;9
42;43;42;46;43;1.0;True;0
42;43;42;93;19;1.0;True;1
42;43;42;69;42;1.0;True;2
42;43;42;162;20;1.0;True;3
42;43;42;130;43;1.0;True;4
42;43;42;94;51;1.0;True;5
42;43;42;52;46;1.0;True;6
42;43;42;50;50;1.0;True;7
42;43;42;147;23;1.0;True;8
42;43;42;203;72;1.0;True;9
756;44;756;82;24;1.0;True;0
756;44;756;56;25;1.0;True;1
756;44;756;74;38;1.0;True;2
756;44;756;58;98;1.0;True;3
756;44;756;76;72;1.0;True;4
756;44;756;51;48;1.0;True;5
756;44;756;52;56;1.0;True;6
756;44;756;55;62;1.0;True;7
756;44;756;57;20;1.0;True;8
756;44;756;65;62;1.0;True;9
11;45;11;79;60;1.0;True;0
11;45;11;142;120;1.0;True;1
11;45;11;52;55;1.0;True;2
11;45;11;84;22;1.0;True;3
11;45;11;79;19;1.0;True;4
11;45;11;70;18;1.0;True;5
11;45;11;82;90;1.0;True;6
11;45;11;70;74;1.0;True;7
11;45;11;72;109;1.0;True;8
11;45;11;119;51;1.0;True;9
5;46;5;253;434;1.0;True;0
5;46;5;207;184;1.0;True;1
5;46;5;233;188;1.0;True;2
5;46;5;240;286;1.0;True;3
5;46;5;194;283;1.0;True;4
5;46;5;142;244;1.0;True;5
5;46;5;219;262;1.0;True;6
5;46;5;235;322;1.0;True;7
5;46;5;174;216;1.0;True;8
5;46;5;240;361;1.0;True;9
12;47;12;166;152;1.0;True;0
12;47;12;161;91;1.0;True;1
12;47;12;177;145;1.0;True;2
12;47;12;182;93;1.0;True;3
12;47;12;175;100;1.0;True;4
12;47;12;163;123;1.0;True;5
12;47;12;142;135;1.0;True;6
12;47;12;146;75;1.0;True;7
12;47;12;137;123;1.0;True;8
12;47;12;200;151;1.0;True;9
65;48;65;184;68;1.0;True;0
65;48;65;269;110;1.0;True;1
65;48;65;175;39;1.0;True;2
65;48;65;207;116;1.0;True;3
65;48;65;164;97;1.0;True;4
65;48;65;171;79;1.0;True;5
65;48;65;103;78;1.0;True;6
65;48;65;192;63;1.0;True;7
65;48;65;186;64;1.0;True;8
65;48;65;136;54;1.0;True;9
1;49;1;92;84;1.0;True;0
1;49;1;90;53;1.0;True;1
1;49;1;90;64;1.0;True;2
1;49;1;67;41;1.0;True;3
1;49;1;52;21;1.0;True;4
1;49;1;26;38;1.0;True;5
1;49;1;85;66;1.0;True;6
1;49;1;66;24;1.0;True;7
1;49;1;52;54;1.0;True;8
1;49;1;61;28;1.0;True;9
111;50;111;100;143;1.0;True;0
111;50;111;114;53;1.0;True;1
111;50;111;107;137;1.0;True;2
111;50;111;84;170;1.0;True;3
111;50;111;86;102;1.0;True;4
111;50;111;108;81;1.0;True;5
111;50;111;85;140;1.0;True;6
111;50;111;90;145;1.0;True;7
111;50;111;98;135;1.0;True;8
111;50;111;74;86;1.0;True;9
1;51;1;65;91;1.0;True;0
1;51;1;80;63;1.0;True;1
1;51;1;86;83;1.0;True;2
1;51;1;45;45;1.0;True;3
1;51;1;69;83;1.0;True;4
1;51;1;60;50;1.0;True;5
1;51;1;83;71;1.0;True;6
1;51;1;55;64;1.0;True;7
1;51;1;47;57;1.0;True;8
1;51;1;57;66;1.0;True;9
27;52;27;158;408;0.9;True;0
27;52;27;124;807;0.9;True;1
27;52;27;267;489;0.9;True;2
27;52;27;147;436;0.9;True;3
27;52;27;170;468;0.9;True;4
27;52;27;147;504;0.9;True;5
27;52;27;173;456;0.9;True;6
27;52;27;125;413;0.9;True;7
87;52;27;243;722;0.1;False;8
27;52;27;256;384;0.9;True;9
4;53;4;84;57;1.0;True;0
4;53;4;54;54;1.0;True;1
4;53;4;73;27;1.0;True;2
4;53;4;89;27;1.0;True;3
4;53;4;66;58;1.0;True;4
4;53;4;75;28;1.0;True;5
4;53;4;89;20;1.0;True;6
4;53;4;89;18;1.0;True;7
4;53;4;54;48;1.0;True;8
4;53;4;76;52;1.0;True;9
17;54;17;60;114;1.0;True;0
17;54;17;59;141;1.0;True;1
17;54;17;117;120;1.0;True;2
17;54;17;78;118;1.0;True;3
17;54;17;121;138;1.0;True;4
17;54;17;59;273;1.0;True;5
17;54;17;59;208;1.0;True;6
17;54;17;61;101;1.0;True;7
17;54;17;90;162;1.0;True;8
17;54;17;60;187;1.0;True;9
13;55;13;44;59;1.0;True;0
13;55;13;69;64;1.0;True;1
13;55;13;44;56;1.0;True;2
13;55;13;44;59;1.0;True;3
13;55;13;38;62;1.0;True;4
13;55;13;58;29;1.0;True;5
13;55;13;62;37;1.0;True;6
13;55;13;40;80;1.0;True;7
13;55;13;69;63;1.0;True;8
13;55;13;49;65;1.0;True;9
10;56;10;63;66;1.0;True;0
10;56;10;68;35;1.0;True;1
10;56;10;65;26;1.0;True;2
10;56;10;70;33;1.0;True;3
10;56;10;57;69;1.0;True;4
10;56;10;103;30;1.0;True;5
10;56;10;70;37;1.0;True;6
10;56;10;56;52;1.0;True;7
10;56;10;51;42;1.0;True;8
10;56;10;112;67;1.0;True;9
77;57;77;115;106;1.0;True;0
77;57;77;61;37;1.0;True;1
77;57;77;94;59;1.0;True;2
77;57;77;57;64;1.0;True;3
77;57;77;63;99;1.0;True;4
77;57;77;96;101;1.0;True;5
77;57;77;49;56;1.0;True;6
77;57;77;101;57;1.0;True;7
77;57;77;100;71;1.0;True;8
77;57;77;52;42;1.0;True;9
1092;58;1092;103;104;1.0;True;0
1092;58;1092;143;81;1.0;True;1
1092;58;1092;111;60;1.0;True;2
1092;58;1092;178;67;1.0;True;3
1092;58;1092;124;92;1.0;True;4
1092;58;1092;173;72;1.0;True;5
1092;58;1092;134;91;1.0;True;6
1092;58;1092;163;94;1.0;True;7
1092;58;1092;154;96;1.0;True;8
1092;58;1092;93;76;1.0;True;9
5;59;5;147;90;1.0;True;0
5;59;5;109;44;1.0;True;1
5;59;5;164;66;1.0;True;2
5;59;5;129;79;1.0;True;3
5;59;5;133;68;1.0;True;4
5;59;5;163;74;1.0;True;5
5;59;5;124;90;1.0;True;6
5;59;5;178;72;1.0;True;7
5;59;5;90;51;1.0;True;8
5;59;5;165;90;1.0;True;9
7;60;7;83;112;1.0;True;0
7;60;7;117;115;1.0;True;1
7;60;7;113;114;1.0;True;2
7;60;7;84;31;1.0;True;3
7;60;7;127;86;1.0;True;4
7;60;7;77;57;1.0;True;5
7;60;7;80;63;1.0;True;6
7;60;7;139;65;1.0;True;7
7;60;7;89;54;1.0;True;8
7;60;7;91;45;1.0;True;9
45;61;45;100;58;1.0;True;0
45;61;45;115;41;1.0;True;1
45;61;45;114;44;1.0;True;2
45;61;45;103;65;1.0;True;3
45;61;45;117;61;1.0;True;4
45;61;45;100;63;1.0;True;5
45;61;45;103;49;1.0;True;6
45;61;45;95;65;1.0;True;7
45;61;45;115;67;1.0;True;8
45;61;45;103;66;1.0;True;9
0;62;10;69;83;1.0;False;0
0;62;10;76;95;1.0;False;1
0;62;10;76;82;1.0;False;2
0;62;10;75;63;1.0;False;3
0;62;10;67;103;1.0;False;4
0;62;10;81;86;1.0;False;5
0;62;10;79;112;1.0;False;6
0;62;10;84;65;1.0;False;7
0;62;10;58;115;1.0;False;8
0;62;10;76;110;1.0;False;9
52;63;52;52;180;1.0;True;0
52;63;52;48;212;1.0;True;1
52;63;52;46;147;1.0;True;2
52;63;52;61;150;1.0;True;3
52;63;52;54;228;1.0;True;4
52;63;52;55;77;1.0;True;5
52;63;52;58;269;1.0;True;6
52;63;52;38;264;1.0;True;7
52;63;52;51;454;1.0;True;8
52;63;52;48;61;1.0;True;9
2;64;2;61;112;1.0;True;0
2;64;2;62;85;1.0;True;1
2;64;2;79;83;1.0;True;2
2;64;2;107;99;1.0;True;3
2;64;2;78;119;1.0;True;4
2;64;2;93;164;1.0;True;5
2;64;2;76;112;1.0;True;6
2;64;2;64;92;1.0;True;7
2;64;2;87;87;1.0;True;8
2;64;2;130;77;1.0;True;9
6;65;6;122;69;1.0;True;0
6;65;6;119;58;1.0;True;1
6;65;6;160;50;1.0;True;2
6;65;6;98;67;1.0;True;3
6;65;6;132;106;1.0;True;4
6;65;6;132;48;1.0;True;5
6;65;6;117;58;1.0;True;6
6;65;6;114;54;1.0;True;7
6;65;6;142;78;1.0;True;8
6;65;6;131;71;1.0;True;9
16;66;16;72;24;1.0;True;0
16;66;16;88;74;1.0;True;1
16;66;16;83;66;1.0;True;2
16;66;16;50;66;1.0;True;3
16;66;16;62;65;1.0;True;4
16;66;16;76;84;1.0;True;5
16;66;16;71;67;1.0;True;6
16;66;16;77;68;1.0;True;7
16;66;16;75;61;1.0;True;8
16;66;16;77;63;1.0;True;9
469;67;469;135;103;1.0;True;0
469;67;469;112;101;1.0;True;1
469;67;469;148;149;1.0;True;2
469;67;469;146;187;1.0;True;3
469;67;469;111;78;1.0;True;4
469;67;469;151;133;1.0;True;5
469;67;469;114;114;1.0;True;6
469;67;469;110;109;1.0;True;7
469;67;469;135;89;1.0;True;8
469;67;469;152;138;1.0;True;9
12518;68;12518;152;127;1.0;True;0
12518;68;12518;162;141;1.0;True;1
12518;68;12518;172;63;1.0;True;2
12518;68;12518;147;66;1.0;True;3
12518;68;12518;152;75;1.0;True;4
12518;68;12518;156;134;1.0;True;5
12518;68;12518;160;59;1.0;True;6
12518;68;12518;141;139;1.0;True;7
12518;68;12518;163;58;1.0;True;8
12518;68;12518;131;142;1.0;True;9
1;69;1;96;64;1.0;True;0
1;69;1;146;52;1.0;True;1
1;69;1;105;40;1.0;True;2
1;69;1;112;56;1.0;True;3
1;69;1;179;43;1.0;True;4
1;69;1;62;34;1.0;True;5
1;69;1;154;77;1.0;True;6
1;69;1;74;40;1.0;True;7
1;69;1;102;34;1.0;True;8
1;69;1;139;84;1.0;True;9
2;70;2;116;127;1.0;True;0
2;70;2;175;113;1.0;True;1
2;70;2;94;168;1.0;True;2
2;70;2;96;146;1.0;True;3
2;70;2;145;128;1.0;True;4
2;70;2;134;124;1.0;True;5
2;70;2;103;151;1.0;True;6
2;70;2;143;124;1.0;True;7
2;70;2;175;68;1.0;True;8
2;70;2;148;147;1.0;True;9
131;71;131;64;76;1.0;True;0
131;71;131;62;46;1.0;True;1
131;71;131;85;82;1.0;True;2
131;71;131;59;40;1.0;True;3
131;71;131;134;80;1.0;True;4
131;71;131;64;82;1.0;True;5
131;71;131;66;50;1.0;True;6
131;71;131;52;47;1.0;True;7
131;71;131;53;62;1.0;True;8
131;71;131;58;74;1.0;True;9
92;72;92;65;401;0.8;True;0
92;72;92;82;245;0.8;True;1
92;72;92;111;266;0.8;True;2
92;72;92;59;198;0.8;True;3
92;72;92;96;250;0.8;True;4
92;72;92;270;302;0.8;True;5
92;72;92;119;312;0.8;True;6
37;72;92;216;293;0.2;False;7
92;72;92;64;407;0.8;True;8
37;72;92;215;299;0.2;False;9
640;73;640;97;123;1.0;True;0
640;73;640;102;107;1.0;True;1
640;73;640;85;119;1.0;True;2
640;73;640;108;78;1.0;True;3
640;73;640;95;99;1.0;True;4
640;73;640;142;105;1.0;True;5
640;73;640;181;95;1.0;True;6
640;73;640;99;132;1.0;True;7
640;73;640;98;98;1.0;True;8
640;73;640;97;111;1.0;True;9
42;74;42;58;89;1.0;True;0
42;74;42;41;211;1.0;True;1
42;74;42;84;204;1.0;True;2
42;74;42;82;221;1.0;True;3
42;74;42;93;158;1.0;True;4
42;74;42;108;125;1.0;True;5
42;74;42;97;153;1.0;True;6
42;74;42;92;362;1.0;True;7
42;74;42;43;149;1.0;True;8
42;74;42;72;117;1.0;True;9
252;75;7;110;62;1.0;False;0
252;75;7;106;58;1.0;False;1
252;75;7;92;46;1.0;False;2
252;75;7;70;65;1.0;False;3
252;75;7;91;66;1.0;False;4
252;75;7;112;41;1.0;False;5
252;75;7;97;40;1.0;False;6
252;75;7;131;48;1.0;False;7
252;75;7;114;62;1.0;False;8
252;75;7;89;65;1.0;False;9
25;76;25;190;85;1.0;True;0
25;76;25;130;34;1.0;True;1
25;76;25;114;19;1.0;True;2
25;76;25;141;44;1.0;True;3
25;76;25;130;44;1.0;True;4
25;76;25;93;51;1.0;True;5
25;76;25;70;41;1.0;True;6
25;76;25;169;41;1.0;True;7
25;76;25;163;33;1.0;True;8
25;76;25;127;42;1.0;True;9
1;77;1;59;89;1.0;True;0
1;77;1;63;55;1.0;True;1
1;77;1;88;55;1.0;True;2
1;77;1;47;23;1.0;True;3
1;77;1;85;59;1.0;True;4
1;77;1;65;47;1.0;True;5
1;77;1;83;62;1.0;True;6
1;77;1;90;46;1.0;True;7
1;77;1;52;46;1.0;True;8
1;77;1;93;74;1.0;True;9
2;78;2;53;40;1.0;True;0
2;78;2;55;51;1.0;True;1
2;78;2;60;41;1.0;True;2
2;78;2;68;42;1.0;True;3
2;78;2;66;30;1.0;True;4
2;78;2;62;40;1.0;True;5
2;78;2;56;56;1.0;True;6
2;78;2;41;27;1.0;True;7
2;78;2;59;62;1.0;True;8
2;78;2;62;24;1.0;True;9
11;79;11;80;101;1.0;True;0
11;79;11;82;90;1.0;True;1
11;79;11;63;95;1.0;True;2
11;79;11;76;89;1.0;True;3
11;79;11;82;154;1.0;True;4
11;79;11;74;91;1.0;True;5
11;79;11;62;154;1.0;True;6
11;79;11;85;42;1.0;True;7
11;79;11;44;120;1.0;True;8
11;79;11;80;83;1.0;True;9
15;80;15;66;65;1.0;True;0
15;80;15;66;26;1.0;True;1
15;80;15;52;69;1.0;True;2
15;80;15;69;23;1.0;True;3
15;80;15;64;50;1.0;True;4
15;80;15;73;53;1.0;True;5
15;80;15;118;73;1.0;True;6
15;80;15;64;71;1.0;True;7
15;80;15;66;99;1.0;True;8
15;80;15;48;57;1.0;True;9
20;81;20;79;76;1.0;True;0
20;81;20;79;123;1.0;True;1
20;81;20;51;83;1.0;True;2
20;81;20;82;61;1.0;True;3
20;81;20;63;41;1.0;True;4
20;81;20;50;64;1.0;True;5
20;81;20;49;74;1.0;True;6
20;81;20;52;77;1.0;True;7
20;81;20;79;94;1.0;True;8
20;81;20;48;71;1.0;True;9
8722;82;8722;127;60;1.0;True;0
8722;82;8722;210;71;1.0;True;1
8722;82;8722;92;60;1.0;True;2
8722;82;8722;100;66;1.0;True;3
8722;82;8722;101;63;1.0;True;4
8722;82;8722;91;58;1.0;True;5
8722;82;8722;113;46;1.0;True;6
8722;82;8722;148;92;1.0;True;7
8722;82;8722;75;88;1.0;True;8
8722;82;8722;106;60;1.0;True;9
5;83;5;75;63;1.0;True;0
5;83;5;77;66;1.0;True;1
5;83;5;109;108;1.0;True;2
5;83;5;90;61;1.0;True;3
5;83;5;72;101;1.0;True;4
5;83;5;74;102;1.0;True;5
5;83;5;77;78;1.0;True;6
5;83;5;83;171;1.0;True;7
5;83;5;89;42;1.0;True;8
5;83;5;99;119;1.0;True;9
83;84;83;92;36;1.0;True;0
83;84;83;61;71;1.0;True;1
83;84;83;144;55;1.0;True;2
83;84;83;151;54;1.0;True;3
83;84;83;164;50;1.0;True;4
83;84;83;72;64;1.0;True;5
83;84;83;74;61;1.0;True;6
83;84;83;173;37;1.0;True;7
83;84;83;119;73;1.0;True;8
83;84;83;90;62;1.0;True;9
29;85;29;96;154;1.0;True;0
29;85;29;92;143;1.0;True;1
29;85;29;110;261;1.0;True;2
29;85;29;123;129;1.0;True;3
29;85;29;158;66;1.0;True;4
29;85;29;106;165;1.0;True;5
29;85;29;139;126;1.0;True;6
29;85;29;111;110;1.0;True;7
29;85;29;85;214;1.0;True;8
29;85;29;75;293;1.0;True;9
53;86;53;108;51;1.0;True;0
53;86;53;74;45;1.0;True;1
53;86;53;98;58;1.0;True;2
53;86;53;97;57;1.0;True;3
53;86;53;77;56;1.0;True;4
53;86;53;107;56;1.0;True;5
53;86;53;70;44;1.0;True;6
53;86;53;65;63;1.0;True;7
53;86;53;110;70;1.0;True;8
53;86;53;122;54;1.0;True;9
3;87;3;69;64;1.0;True;0
3;87;3;69;29;1.0;True;1
3;87;3;43;63;1.0;True;2
3;87;3;47;63;1.0;True;3
3;87;3;64;36;1.0;True;4
3;87;3;42;61;1.0;True;5
3;87;3;42;42;1.0;True;6
3;87;3;41;61;1.0;True;7
3;87;3;72;32;1.0;True;8
3;87;3;65;66;1.0;True;9
33;88;33;161;24;1.0;True;0
33;88;33;138;47;1.0;True;1
33;88;33;169;37;1.0;True;2
33;88;33;138;45;1.0;True;3
33;88;33;145;59;1.0;True;4
33;88;33;78;65;1.0;True;5
33;88;33;247;55;1.0;True;6
33;88;33;131;44;1.0;True;7
33;88;33;149;39;1.0;True;8
33;88;33;194;53;1.0;True;9
1;89;1;162;46;1.0;True;0
1;89;1;146;39;1.0;True;1
1;89;1;161;73;1.0;True;2
1;89;1;182;107;1.0;True;3
1;89;1;137;45;1.0;True;4
1;89;1;97;58;1.0;True;5
1;89;1;139;106;1.0;True;6
1;89;1;136;44;1.0;True;7
1;89;1;158;106;1.0;True;8
1;89;1;130;107;1.0;True;9
16;90;16;216;93;1.0;True;0
16;90;16;158;96;1.0;True;1
16;90;16;137;85;1.0;True;2
16;90;16;195;85;1.0;True;3
16;90;16;171;41;1.0;True;4
16;90;16;150;89;1.0;True;5
16;90;16;206;86;1.0;True;6
16;90;16;194;86;1.0;True;7
16;90;16;139;78;1.0;True;8
16;90;16;150;100;1.0;True;9
47;91;47;82;79;1.0;True;0
47;91;47;42;80;1.0;True;1
47;91;47;81;95;1.0;True;2
47;91;47;41;83;1.0;True;3
47;91;47;46;77;1.0;True;4
47;91;47;101;86;1.0;True;5
47;91;47;42;79;1.0;True;6
47;91;47;42;76;1.0;True;7
47;91;47;58;124;1.0;True;8
47;91;47;78;87;1.0;True;9
5590;92;5590;93;70;1.0;True;0
5590;92;5590;118;47;1.0;True;1
5590;92;5590;105;71;1.0;True;2
5590;92;5590;101;67;1.0;True;3
5590;92;5590;117;66;1.0;True;4
5590;92;5590;101;101;1.0;True;5
5590;92;5590;104;82;1.0;True;6
5590;92;5590;83;45;1.0;True;7
5590;92;5590;79;56;1.0;True;8
5590;92;5590;105;73;1.0;True;9
1;93;1;77;73;1.0;True;0
1;93;1;86;67;1.0;True;1
1;93;1;198;68;1.0;True;2
1;93;1;153;49;1.0;True;3
1;93;1;144;63;1.0;True;4
1;93;1;177;67;1.0;True;5
1;93;1;154;75;1.0;True;6
1;93;1;85;67;1.0;True;7
1;93;1;77;61;1.0;True;8
1;93;1;149;70;1.0;True;9
3;94;1;10;87;0.9;False;0
1;94;1;162;168;0.1;True;1
3;94;1;65;144;0.9;False;2
3;94;1;73;269;0.9;False;3
3;94;1;117;181;0.9;False;4
3;94;1;71;232;0.9;False;5
3;94;1;27;115;0.9;False;6
3;94;1;44;195;0.9;False;7
3;94;1;69;100;0.9;False;8
3;94;1;103;277;0.9;False;9
49;95;49;109;62;1.0;True;0
49;95;49;112;110;1.0;True;1
49;95;49;137;99;1.0;True;2
49;95;49;111;69;1.0;True;3
49;95;49;110;90;1.0;True;4
49;95;49;106;70;1.0;True;5
49;95;49;141;61;1.0;True;6
49;95;49;110;104;1.0;True;7
49;95;49;111;65;1.0;True;8
49;95;49;123;72;1.0;True;9
9;96;9;124;57;1.0;True;0
9;96;9;129;35;1.0;True;1
9;96;9;129;52;1.0;True;2
9;96;9;126;43;1.0;True;3
9;96;9;110;50;1.0;True;4
9;96;9;120;70;1.0;True;5
9;96;9;138;48;1.0;True;6
9;96;9;123;66;1.0;True;7
9;96;9;130;51;1.0;True;8
9;96;9;134;66;1.0;True;9
78;97;78;85;142;1.0;True;0
78;97;78;113;138;1.0;True;1
78;97;78;146;191;1.0;True;2
78;97;78;59;109;1.0;True;3
78;97;78;152;225;1.0;True;4
78;97;78;94;205;1.0;True;5
78;97;78;70;312;1.0;True;6
78;97;78;84;87;1.0;True;7
78;97;78;87;221;1.0;True;8
78;97;78;104;155;1.0;True;9
34;98;34;60;84;1.0;True;0
34;98;34;64;63;1.0;True;1
34;98;34;116;137;1.0;True;2
34;98;34;109;140;1.0;True;3
34;98;34;84;93;1.0;True;4
34;98;34;96;99;1.0;True;5
34;98;34;30;100;1.0;True;6
34;98;34;70;19;1.0;True;7
34;98;34;80;96;1.0;True;8
34;98;34;80;56;1.0;True;9
7;99;7;138;112;1.0;True;0
7;99;7;162;59;1.0;True;1
7;99;7;138;58;1.0;True;2
7;99;7;169;80;1.0;True;3
7;99;7;141;49;1.0;True;4
7;99;7;122;79;1.0;True;5
7;99;7;144;94;1.0;True;6
7;99;7;110;58;1.0;True;7
7;99;7;135;70;1.0;True;8
7;99;7;124;62;1.0;True;9
24;100;24;57;154;1.0;True;0
24;100;24;71;173;1.0;True;1
24;100;24;89;173;1.0;True;2
24;100;24;85;40;1.0;True;3
24;100;24;79;37;1.0;True;4
24;100;24;86;101;1.0;True;5
24;100;24;53;164;1.0;True;6
24;100;24;89;132;1.0;True;7
24;100;24;81;203;1.0;True;8
24;100;24;79;32;1.0;True;9
34;101;34;128;118;1.0;True;0
34;101;34;136;157;1.0;True;1
34;101;34;84;174;1.0;True;2
34;101;34;86;126;1.0;True;3
34;101;34;105;167;1.0;True;4
34;101;34;87;138;1.0;True;5
34;101;34;137;159;1.0;True;6
34;101;34;72;145;1.0;True;7
34;101;34;81;259;1.0;True;8
34;101;34;96;197;1.0;True;9
10;102;10;81;161;1.0;True;0
10;102;10;75;167;1.0;True;1
10;102;10;82;195;1.0;True;2
10;102;10;61;253;1.0;True;3
10;102;10;67;200;1.0;True;4
10;102;10;73;143;1.0;True;5
10;102;10;69;146;1.0;True;6
10;102;10;83;145;1.0;True;7
10;102;10;85;116;1.0;True;8
10;102;10;69;172;1.0;True;9
14.0;103;14;63;116;1.0;True;0
14;103;14;65;37;1.0;True;1
14;103;14;62;50;1.0;True;2
14;103;14;150;48;1.0;True;3
14.0;103;14;64;68;1.0;True;4
14.0;103;14;65;87;1.0;True;5
14;103;14;73;106;1.0;True;6
14;103;14;35;102;1.0;True;7
14;103;14;66;44;1.0;True;8
14.0;103;14;64;42;1.0;True;9
10;104;10;204;177;0.8;True;0
10;104;10;220;177;0.8;True;1
4;104;10;222;175;0.1;False;2
10;104;10;197;291;0.8;True;3
10;104;10;181;136;0.8;True;4
10;104;10;192;201;0.8;True;5
10;104;10;340;209;0.8;True;6
10;104;10;187;197;0.8;True;7
344;104;10;233;203;0.1;False;8
10;104;10;210;196;0.8;True;9
15;105;15;180;274;1.0;True;0
15;105;15;176;192;1.0;True;1
15;105;15;200;251;1.0;True;2
15;105;15;196;262;1.0;True;3
15;105;15;264;129;1.0;True;4
15;105;15;109;197;1.0;True;5
15;105;15;99;202;1.0;True;6
15;105;15;250;345;1.0;True;7
15;105;15;105;145;1.0;True;8
15;105;15;159;281;1.0;True;9
621;106;621;92;95;1.0;True;0
621;106;621;103;85;1.0;True;1
621;106;621;111;93;1.0;True;2
621;106;621;167;78;1.0;True;3
621;106;621;159;108;1.0;True;4
621;106;621;188;119;1.0;True;5
621;106;621;60;108;1.0;True;6
621;106;621;119;102;1.0;True;7
621;106;621;205;99;1.0;True;8
621;106;621;72;96;1.0;True;9
1;107;1;117;37;1.0;True;0
1;107;1;120;39;1.0;True;1
1;107;1;113;34;1.0;True;2
1;107;1;96;32;1.0;True;3
1;107;1;36;24;1.0;True;4
1;107;1;130;55;1.0;True;5
1;107;1;110;28;1.0;True;6
1;107;1;107;34;1.0;True;7
1;107;1;138;24;1.0;True;8
1;107;1;111;48;1.0;True;9
2;108;2;89;19;1.0;True;0
2;108;2;49;23;1.0;True;1
2;108;2;49;23;1.0;True;2
2;108;2;49;54;1.0;True;3
2;108;2;86;57;1.0;True;4
2;108;2;25;39;1.0;True;5
2;108;2;66;26;1.0;True;6
2;108;2;84;52;1.0;True;7
2;108;2;75;27;1.0;True;8
2;108;2;49;55;1.0;True;9
14;109;14;111;102;1.0;True;0
14;109;14;189;106;1.0;True;1
14;109;14;193;122;1.0;True;2
14;109;14;111;157;1.0;True;3
14;109;14;138;123;1.0;True;4
14;109;14;78;131;1.0;True;5
14;109;14;258;157;1.0;True;6
14;109;14;87;95;1.0;True;7
14;109;14;86;96;1.0;True;8
14;109;14;98;128;1.0;True;9
8;110;8;75;308;1.0;True;0
8;110;8;115;429;1.0;True;1
8;110;8;94;414;1.0;True;2
8;110;8;141;587;1.0;True;3
8;110;8;182;589;1.0;True;4
8;110;8;86;470;1.0;True;5
8;110;8;118;563;1.0;True;6
8;110;8;282;460;1.0;True;7
8;110;8;128;412;1.0;True;8
8;110;8;236;436;1.0;True;9
2;111;2;118;115;1.0;True;0
2;111;2;132;108;1.0;True;1
2;111;2;111;111;1.0;True;2
2.0;111;2;113;104;1.0;True;3
2;111;2;113;93;1.0;True;4
2;111;2;125;85;1.0;True;5
2;111;2;110;109;1.0;True;6
2;111;2;98;104;1.0;True;7
2;111;2;136;108;1.0;True;8
2;111;2;115;100;1.0;True;9
14;112;14;175;76;1.0;True;0
14;112;14;63;62;1.0;True;1
14;112;14;68;67;1.0;True;2
14;112;14;63;64;1.0;True;3
14;112;14;114;60;1.0;True;4
14;112;14;93;73;1.0;True;5
14;112;14;164;117;1.0;True;6
14;112;14;153;80;1.0;True;7
14;112;14;57;46;1.0;True;8
14;112;14;143;71;1.0;True;9
89;113;89;51;25;1.0;True;0
89;113;89;61;67;1.0;True;1
89;113;89;56;66;1.0;True;2
89;113;89;78;89;1.0;True;3
89;113;89;42;68;1.0;True;4
89;113;89;66;29;1.0;True;5
89;113;89;58;70;1.0;True;6
89;113;89;68;23;1.0;True;7
89;113;89;53;29;1.0;True;8
89;113;89;84;72;1.0;True;9
20;114;20;94;118;1.0;True;0
20;114;20;54;116;1.0;True;1
20;114;20;72;84;1.0;True;2
20;114;20;84;47;1.0;True;3
20;114;20;66;79;1.0;True;4
20;114;20;41;105;1.0;True;5
20;114;20;99;99;1.0;True;6
20;114;20;82;89;1.0;True;7
20;114;20;68;84;1.0;True;8
20;114;20;59;36;1.0;True;9
7;115;7;63;89;1.0;True;0
7;115;7;43;77;1.0;True;1
7;115;7;53;70;1.0;True;2
7;115;7;105;102;1.0;True;3
7;115;7;34;117;1.0;True;4
7;115;7;85;72;1.0;True;5
7;115;7;90;66;1.0;True;6
7;115;7;83;101;1.0;True;7
7;115;7;95;67;1.0;True;8
7;115;7;93;78;1.0;True;9
1;116;1;81;23;1.0;True;0
1;116;1;88;31;1.0;True;1
1;116;1;92;21;1.0;True;2
1;116;1;67;66;1.0;True;3
1;116;1;44;53;1.0;True;4
1;116;1;146;84;1.0;True;5
1;116;1;96;24;1.0;True;6
1;116;1;80;27;1.0;True;7
1;116;1;21;47;1.0;True;8
1;116;1;55;38;1.0;True;9
16;117;16;66;20;1.0;True;0
16;117;16;46;22;1.0;True;1
16;117;16;85;18;1.0;True;2
16;117;16;64;20;1.0;True;3
16;117;16;47;29;1.0;True;4
16;117;16;49;52;1.0;True;5
16;117;16;49;19;1.0;True;6
16;117;16;53;20;1.0;True;7
16;117;16;65;24;1.0;True;8
16;117;16;56;61;1.0;True;9
21;118;21;72;52;1.0;True;0
21;118;21;65;34;1.0;True;1
21;118;21;52;22;1.0;True;2
21;118;21;53;43;1.0;True;3
21;118;21;52;56;1.0;True;4
21;118;21;71;52;1.0;True;5
21;118;21;51;35;1.0;True;6
21;118;21;71;59;1.0;True;7
21;118;21;71;62;1.0;True;8
21;118;21;51;28;1.0;True;9
3;119;3;55;90;1.0;True;0
3;119;3;54;84;1.0;True;1
3;119;3;97;87;1.0;True;2
3;119;3;88;144;1.0;True;3
3;119;3;60;81;1.0;True;4
3;119;3;132;86;1.0;True;5
3;119;3;119;79;1.0;True;6
3;119;3;82;71;1.0;True;7
3;119;3;95;73;1.0;True;8
3;119;3;73;76;1.0;True;9
5;120;5;152;65;1.0;True;0
5;120;5;101;72;1.0;True;1
5;120;5;147;75;1.0;True;2
5;120;5;98;79;1.0;True;3
5;120;5;154;59;1.0;True;4
5;120;5;170;69;1.0;True;5
5;120;5;177;68;1.0;True;6
5;120;5;180;70;1.0;True;7
5;120;5;202;66;1.0;True;8
5;120;5;138;72;1.0;True;9
9;121;9;77;74;1.0;True;0
9;121;9;77;70;1.0;True;1
9;121;9;64;74;1.0;True;2
9;121;9;74;74;1.0;True;3
9;121;9;67;29;1.0;True;4
9;121;9;70;28;1.0;True;5
9;121;9;62;53;1.0;True;6
9;121;9;70;65;1.0;True;7
9;121;9;64;73;1.0;True;8
9;121;9;71;66;1.0;True;9
76;122;76;42;139;1.0;True;0
76;122;76;44;76;1.0;True;1
76;122;76;45;79;1.0;True;2
76;122;76;69;73;1.0;True;3
76;122;76;60;142;1.0;True;4
76;122;76;47;88;1.0;True;5
76;122;76;44;139;1.0;True;6
76;122;76;56;79;1.0;True;7
76;122;76;45;92;1.0;True;8
76;122;76;60;115;1.0;True;9
28;123;28;53;90;1.0;True;0
28;123;28;40;55;1.0;True;1
28;123;28;58;50;1.0;True;2
28;123;28;46;74;1.0;True;3
28;123;28;44;75;1.0;True;4
28;123;28;56;70;1.0;True;5
28;123;28;55;48;1.0;True;6
28;123;28;56;51;1.0;True;7
28;123;28;61;75;1.0;True;8
28;123;28;67;57;1.0;True;9
30;124;30;80;60;1.0;True;0
30;124;30;40;75;1.0;True;1
30;124;30;42;100;1.0;True;2
30;124;30;66;95;1.0;True;3
30;124;30;71;107;1.0;True;4
30;124;30;80;112;1.0;True;5
30;124;30;80;86;1.0;True;6
30;124;30;35;87;1.0;True;7
30;124;30;40;70;1.0;True;8
30;124;30;65;67;1.0;True;9
19;125;19;205;91;1.0;True;0
19;125;19;145;37;1.0;True;1
19;125;19;166;36;1.0;True;2
19;125;19;208;53;1.0;True;3
19;125;19;201;45;1.0;True;4
19;125;19;212;95;1.0;True;5
19;125;19;189;41;1.0;True;6
19;125;19;185;40;1.0;True;7
19;125;19;178;41;1.0;True;8
19;125;19;185;82;1.0;True;9
2;126;2;65;95;1.0;True;0
2;126;2;149;89;1.0;True;1
2;126;2;82;141;1.0;True;2
2;126;2;64;138;1.0;True;3
2;126;2;85;67;1.0;True;4
2;126;2;61;88;1.0;True;5
2;126;2;128;105;1.0;True;6
2;126;2;146;70;1.0;True;7
2;126;2;78;90;1.0;True;8
2;126;2;138;116;1.0;True;9
22;127;22;50;36;1.0;True;0
22;127;22;46;20;1.0;True;1
22;127;22;49;59;1.0;True;2
22;127;22;127;39;1.0;True;3
22;127;22;49;35;1.0;True;4
22;127;22;83;21;1.0;True;5
22;127;22;48;30;1.0;True;6
22;127;22;43;48;1.0;True;7
22;127;22;48;37;1.0;True;8
22;127;22;44;35;1.0;True;9
7;128;7;111;31;1.0;True;0
7;128;7;82;39;1.0;True;1
7;128;7;77;23;1.0;True;2
7;128;7;183;24;1.0;True;3
7;128;7;86;29;1.0;True;4
7;128;7;95;24;1.0;True;5
7;128;7;121;27;1.0;True;6
7;128;7;90;22;1.0;True;7
7;128;7;81;24;1.0;True;8
7;128;7;86;29;1.0;True;9
42;129;42;179;201;1.0;True;0
42;129;42;164;142;1.0;True;1
42;129;42;199;95;1.0;True;2
42;129;42;201;201;1.0;True;3
42;129;42;241;195;1.0;True;4
42;129;42;171;92;1.0;True;5
42;129;42;118;152;1.0;True;6
42;129;42;115;144;1.0;True;7
42;129;42;130;159;1.0;True;8
42;129;42;209;161;1.0;True;9
14;130;14;59;28;1.0;True;0
14;130;14;61;22;1.0;True;1
14;130;14;41;34;1.0;True;2
14;130;14;44;26;1.0;True;3
14;130;14;63;23;1.0;True;4
14;130;14;40;63;1.0;True;5
14;130;14;54;29;1.0;True;6
14;130;14;54;28;1.0;True;7
14;130;14;55;26;1.0;True;8
14;130;14;61;23;1.0;True;9
24;131;24;77;36;1.0;True;0
24;131;24;58;85;1.0;True;1
24;131;24;76;77;1.0;True;2
24;131;24;86;90;1.0;True;3
24;131;24;90;79;1.0;True;4
24;131;24;81;73;1.0;True;5
24;131;24;106;84;1.0;True;6
24;131;24;122;57;1.0;True;7
24;131;24;79;88;1.0;True;8
24;131;24;76;102;1.0;True;9
8;132;8;99;653;1.0;True;0
8;132;8;93;274;1.0;True;1
8;132;8;77;272;1.0;True;2
8;132;8;157;268;1.0;True;3
8;132;8;134;295;1.0;True;4
8;132;8;67;231;1.0;True;5
8;132;8;210;531;1.0;True;6
8;132;8;90;342;1.0;True;7
8;132;8;102;461;1.0;True;8
8;132;8;116;366;1.0;True;9
27;133;27;154;202;1.0;True;0
27;133;27;247;289;1.0;True;1
27;133;27;104;539;1.0;True;2
27;133;27;246;210;1.0;True;3
27;133;27;102;220;1.0;True;4
27;133;27;248;337;1.0;True;5
27;133;27;98;255;1.0;True;6
27;133;27;235;427;1.0;True;7
27;133;27;245;384;1.0;True;8
27;133;27;165;231;1.0;True;9
31;134;31;159;56;1.0;True;0
31;134;31;141;65;1.0;True;1
31;134;31;143;64;1.0;True;2
31;134;31;121;57;1.0;True;3
31;134;31;149;44;1.0;True;4
31;134;31;129;61;1.0;True;5
31;134;31;141;68;1.0;True;6
31;134;31;141;56;1.0;True;7
31;134;31;147;61;1.0;True;8
31;134;31;143;63;1.0;True;9
2;135;2;70;24;1.0;True;0
2;135;2;75;43;1.0;True;1
2;135;2;60;35;1.0;True;2
2;135;2;78;59;1.0;True;3
2;135;2;21;59;1.0;True;4
2;135;2;70;42;1.0;True;5
2;135;2;69;35;1.0;True;6
2;135;2;47;47;1.0;True;7
2;135;2;145;22;1.0;True;8
2;135;2;74;36;1.0;True;9
21;136;21;192;64;1.0;True;0
21;136;21;177;87;1.0;True;1
21;136;21;86;77;1.0;True;2
21;136;21;181;71;1.0;True;3
21;136;21;117;62;1.0;True;4
21;136;21;187;69;1.0;True;5
21;136;21;111;81;1.0;True;6
21;136;21;198;89;1.0;True;7
21;136;21;108;20;1.0;True;8
21;136;21;176;65;1.0;True;9
4;137;4;67;92;1.0;True;0
4;137;4;119;56;1.0;True;1
4;137;4;116;96;1.0;True;2
4;137;4;102;120;1.0;True;3
4;137;4;82;84;1.0;True;4
4;137;4;75;70;1.0;True;5
4;137;4;86;108;1.0;True;6
4;137;4;89;93;1.0;True;7
4;137;4;83;100;1.0;True;8
4;137;4;89;105;1.0;True;9
1;138;80;178;396;0.1;False;0
8;138;80;132;539;0.9;False;1
8;138;80;130;263;0.9;False;2
8;138;80;145;476;0.9;False;3
8;138;80;69;376;0.9;False;4
8;138;80;162;261;0.9;False;5
8;138;80;156;336;0.9;False;6
8;138;80;185;247;0.9;False;7
8;138;80;145;431;0.9;False;8
8;138;80;185;265;0.9;False;9
3;139;3;126;183;1.0;True;0
3;139;3;125;157;1.0;True;1
3;139;3;95;146;1.0;True;2
3;139;3;78;243;1.0;True;3
3;139;3;89;152;1.0;True;4
3;139;3;96;173;1.0;True;5
3;139;3;46;168;1.0;True;6
3;139;3;69;173;1.0;True;7
3;139;3;92;246;1.0;True;8
3;139;3;134;258;1.0;True;9
2;140;2;74;56;1.0;True;0
2;140;2;121;37;1.0;True;1
2;140;2;111;75;1.0;True;2
2;140;2;148;54;1.0;True;3
2;140;2;138;73;1.0;True;4
2;140;2;136;50;1.0;True;5
2;140;2;122;85;1.0;True;6
2;140;2;140;64;1.0;True;7
2;140;2;119;72;1.0;True;8
2;140;2;127;72;1.0;True;9
7;141;7;69;32;1.0;True;0
7;141;7;64;56;1.0;True;1
7;141;7;66;81;1.0;True;2
7;141;7;55;106;1.0;True;3
7;141;7;64;63;1.0;True;4
7;141;7;66;67;1.0;True;5
7;141;7;61;61;1.0;True;6
7;141;7;70;27;1.0;True;7
7;141;7;71;35;1.0;True;8
7;141;7;58;68;1.0;True;9
1;142;1;105;333;1.0;True;0
1;142;1;151;271;1.0;True;1
1;142;1;94;222;1.0;True;2
1;142;1;116;149;1.0;True;3
1;142;1;110;179;1.0;True;4
1;142;1;136;136;1.0;True;5
1;142;1;116;256;1.0;True;6
1;142;1;122;168;1.0;True;7
1;142;1;90;206;1.0;True;8
1;142;1;116;196;1.0;True;9
4;143;4;106;89;1.0;True;0
4;143;4;174;202;1.0;True;1
4;143;4;119;123;1.0;True;2
4;143;4;138;119;1.0;True;3
4;143;4;111;237;1.0;True;4
4;143;4;123;134;1.0;True;5
4;143;4;96;139;1.0;True;6
4;143;4;142;257;1.0;True;7
4;143;4;98;156;1.0;True;8
4;143;4;82;100;1.0;True;9
4;144;4;117;110;1.0;True;0
4;144;4;168;99;1.0;True;1
4;144;4;165;98;1.0;True;2
4;144;4;116;112;1.0;True;3
4;144;4;172;107;1.0;True;4
4;144;4;113;90;1.0;True;5
4;144;4;168;84;1.0;True;6
4;144;4;150;114;1.0;True;7
4;144;4;126;151;1.0;True;8
4;144;4;111;104;1.0;True;9
32;145;32;41;75;1.0;True;0
32;145;32;66;47;1.0;True;1
32;145;32;103;22;1.0;True;2
32;145;32;38;33;1.0;True;3
32;145;32;65;50;1.0;True;4
32;145;32;62;22;1.0;True;5
32;145;32;66;71;1.0;True;6
32;145;32;64;37;1.0;True;7
32;145;32;66;70;1.0;True;8
32;145;32;38;30;1.0;True;9
60;146;60;44;24;1.0;True;0
60;146;60;62;29;1.0;True;1
60;146;60;66;28;1.0;True;2
60;146;60;49;38;1.0;True;3
60;146;60;50;100;1.0;True;4
60;146;60;59;23;1.0;True;5
60;146;60;67;26;1.0;True;6
60;146;60;83;30;1.0;True;7
60;146;60;65;23;1.0;True;8
60;146;60;110;58;1.0;True;9
9;147;9;206;68;1.0;True;0
9;147;9;238;36;1.0;True;1
9;147;9;211;43;1.0;True;2
9;147;9;193;36;1.0;True;3
9;147;9;152;59;1.0;True;4
9;147;9;211;40;1.0;True;5
9;147;9;81;20;1.0;True;6
9;147;9;110;67;1.0;True;7
9;147;9;218;83;1.0;True;8
9;147;9;113;36;1.0;True;9
89;148;89;118;65;1.0;True;0
89;148;89;97;54;1.0;True;1
89;148;89;104;43;1.0;True;2
89;148;89;111;73;1.0;True;3
89;148;89;90;51;1.0;True;4
89;148;89;123;39;1.0;True;5
89;148;89;94;49;1.0;True;6
89;148;89;160;91;1.0;True;7
89;148;89;154;43;1.0;True;8
89;148;89;96;55;1.0;True;9
105;149;105;72;20;1.0;True;0
105;149;105;77;22;1.0;True;1
105;149;105;85;77;1.0;True;2
105;149;105;90;75;1.0;True;3
105;149;105;72;23;1.0;True;4
105;149;105;85;151;1.0;True;5
105;149;105;93;18;1.0;True;6
105;149;105;72;25;1.0;True;7
105;149;105;107;34;1.0;True;8
105;149;105;105;66;1.0;True;9
17;150;17;39;163;1.0;True;0
17;150;17;34;232;1.0;True;1
17;150;17;69;231;1.0;True;2
17;150;17;40;169;1.0;True;3
17;150;17;61;110;1.0;True;4
17;150;17;58;205;1.0;True;5
17;150;17;61;133;1.0;True;6
17;150;17;71;184;1.0;True;7
17;150;17;69;259;1.0;True;8
17;150;17;68;205;1.0;True;9
5;151;5;57;20;1.0;True;0
5;151;5;81;63;1.0;True;1
5;151;5;97;74;1.0;True;2
5;151;5;60;75;1.0;True;3
5;151;5;72;20;1.0;True;4
5;151;5;68;63;1.0;True;5
5;151;5;26;71;1.0;True;6
5;151;5;58;27;1.0;True;7
5;151;5;97;24;1.0;True;8
5;151;5;49;67;1.0;True;9
3;152;3;171;154;1.0;True;0
3;152;3;85;133;1.0;True;1
3;152;3;135;130;1.0;True;2
3;152;3;177;112;1.0;True;3
3;152;3;176;113;1.0;True;4
3;152;3;133;183;1.0;True;5
3;152;3;179;169;1.0;True;6
3;152;3;133;129;1.0;True;7
3;152;3;131;130;1.0;True;8
3;152;3;159;156;1.0;True;9
1;153;1;117;78;1.0;True;0
1;153;1;128;112;1.0;True;1
1;153;1;104;78;1.0;True;2
1;153;1;87;70;1.0;True;3
1;153;1;128;64;1.0;True;4
1;153;1;120;58;1.0;True;5
1;153;1;121;77;1.0;True;6
1;153;1;119;70;1.0;True;7
1;153;1;101;69;1.0;True;8
1;153;1;122;67;1.0;True;9
26;154;26;85;53;1.0;True;0
26;154;26;45;68;1.0;True;1
26;154;26;51;25;1.0;True;2
26;154;26;93;46;1.0;True;3
26;154;26;81;36;1.0;True;4
26;154;26;51;39;1.0;True;5
26;154;26;87;43;1.0;True;6
26;154;26;50;19;1.0;True;7
26;154;26;103;61;1.0;True;8
26;154;26;87;70;1.0;True;9
16;155;16;125;34;1.0;True;0
16;155;16;160;59;1.0;True;1
16;155;16;114;57;1.0;True;2
16;155;16;80;39;1.0;True;3
16;155;16;135;37;1.0;True;4
16;155;16;115;41;1.0;True;5
16;155;16;154;54;1.0;True;6
16;155;16;108;67;1.0;True;7
16;155;16;119;37;1.0;True;8
16;155;16;153;130;1.0;True;9
28;156;28;89;186;1.0;True;0
28;156;28;58;289;1.0;True;1
28;156;28;73;264;1.0;True;2
28;156;28;62;245;1.0;True;3
28;156;28;71;115;1.0;True;4
28;156;28;47;214;1.0;True;5
28;156;28;110;159;1.0;True;6
28;156;28;119;185;1.0;True;7
28;156;28;91;285;1.0;True;8
28;156;28;60;178;1.0;True;9
14;157;14;90;85;1.0;True;0
14;157;14;70;103;1.0;True;1
14;157;14;89;78;1.0;True;2
14;157;14;127;113;1.0;True;3
14;157;14;82;129;1.0;True;4
14;157;14;73;88;1.0;True;5
14;157;14;79;74;1.0;True;6
14;157;14;51;119;1.0;True;7
14;157;14;87;121;1.0;True;8
14;157;14;104;125;1.0;True;9
4;158;4;117;65;1.0;True;0
4;158;4;73;78;1.0;True;1
4;158;4;131;53;1.0;True;2
4;158;4;89;77;1.0;True;3
4;158;4;96;71;1.0;True;4
4;158;4;109;89;1.0;True;5
4;158;4;137;68;1.0;True;6
4;158;4;105;101;1.0;True;7
4;158;4;79;77;1.0;True;8
4;158;4;105;90;1.0;True;9
20;159;20;117;37;1.0;True;0
20;159;20;152;40;1.0;True;1
20;159;20;162;54;1.0;True;2
20;159;20;143;45;1.0;True;3
20;159;20;100;41;1.0;True;4
20;159;20;109;70;1.0;True;5
20;159;20;168;49;1.0;True;6
20;159;20;120;40;1.0;True;7
20;159;20;106;39;1.0;True;8
20;159;20;145;43;1.0;True;9
82;160;82;80;49;1.0;True;0
82;160;82;142;53;1.0;True;1
82;160;82;83;80;1.0;True;2
82;160;82;70;83;1.0;True;3
82;160;82;97;53;1.0;True;4
82;160;82;89;47;1.0;True;5
82;160;82;87;52;1.0;True;6
82;160;82;86;45;1.0;True;7
82;160;82;162;64;1.0;True;8
82;160;82;137;43;1.0;True;9
21;161;21;177;155;1.0;True;0
21;161;21;213;104;1.0;True;1
21;161;21;109;100;1.0;True;2
21;161;21;123;97;1.0;True;3
21;161;21;173;103;1.0;True;4
21;161;21;177;136;1.0;True;5
21;161;21;179;114;1.0;True;6
21;161;21;119;101;1.0;True;7
21;161;21;178;102;1.0;True;8
21;161;21;179;105;1.0;True;9
53;162;53;172;143;1.0;True;0
53;162;53;154;76;1.0;True;1
53;162;53;150;66;1.0;True;2
53;162;53;90;64;1.0;True;3
53;162;53;132;81;1.0;True;4
53;162;53;84;132;1.0;True;5
53;162;53;81;65;1.0;True;6
53;162;53;121;170;1.0;True;7
53;162;53;107;131;1.0;True;8
53;162;53;131;143;1.0;True;9
13;163;13;314;599;1.0;True;0
13;163;13;141;695;1.0;True;1
13;163;13;215;437;1.0;True;2
13;163;13;182;668;1.0;True;3
13;163;13;249;481;1.0;True;4
13;163;13;185;666;1.0;True;5
13;163;13;154;750;1.0;True;6
13;163;13;237;1213;1.0;True;7
13;163;13;157;492;1.0;True;8
13;163;13;212;1098;1.0;True;9
2;164;2;174;67;1.0;True;0
2;164;2;132;41;1.0;True;1
2;164;2;157;74;1.0;True;2
2;164;2;147;61;1.0;True;3
2;164;2;231;53;1.0;True;4
2;164;2;200;36;1.0;True;5
2;164;2;270;41;1.0;True;6
2;164;2;198;57;1.0;True;7
2;164;2;193;80;1.0;True;8
2;164;2;181;37;1.0;True;9
14;165;14;93;72;1.0;True;0
14;165;14;100;90;1.0;True;1
14;165;14;184;90;1.0;True;2
14;165;14;233;95;1.0;True;3
14;165;14;124;54;1.0;True;4
14;165;14;178;84;1.0;True;5
14;165;14;147;93;1.0;True;6
14;165;14;167;100;1.0;True;7
14;165;14;199;107;1.0;True;8
14;165;14;170;94;1.0;True;9
4;166;4;67;86;1.0;True;0
4;166;4;79;82;1.0;True;1
4;166;4;103;83;1.0;True;2
4;166;4;71;105;1.0;True;3
4;166;4;87;116;1.0;True;4
4;166;4;88;71;1.0;True;5
4;166;4;120;120;1.0;True;6
4;166;4;118;99;1.0;True;7
4;166;4;97;103;1.0;True;8
4;166;4;79;73;1.0;True;9
2;167;2;79;183;1.0;True;0
2;167;2;105;29;1.0;True;1
2;167;2;76;71;1.0;True;2
2;167;2;109;283;1.0;True;3
2;167;2;105;153;1.0;True;4
2;167;2;48;77;1.0;True;5
2;167;2;141;109;1.0;True;6
2;167;2;129;119;1.0;True;7
2;167;2;140;136;1.0;True;8
2;167;2;71;77;1.0;True;9
3;168;3;90;172;1.0;True;0
3;168;3;95;501;1.0;True;1
3;168;3;69;116;1.0;True;2
3;168;3;105;148;1.0;True;3
3;168;3;72;183;1.0;True;4
3;168;3;84;146;1.0;True;5
3;168;3;92;131;1.0;True;6
3;168;3;77;131;1.0;True;7
3;168;3;91;216;1.0;True;8
3;168;3;44;141;1.0;True;9
22;169;22;132;45;1.0;True;0
22;169;22;101;70;1.0;True;1
22;169;22;117;29;1.0;True;2
22;169;22;125;73;1.0;True;3
22;169;22;142;14;1.0;True;4
22;169;22;109;47;1.0;True;5
22;169;22;122;36;1.0;True;6
22;169;22;109;74;1.0;True;7
22;169;22;104;41;1.0;True;8
22;169;22;91;56;1.0;True;9
276;170;276;68;67;1.0;True;0
276;170;276;49;55;1.0;True;1
276;170;276;72;73;1.0;True;2
276;170;276;94;89;1.0;True;3
276;170;276;68;94;1.0;True;4
276;170;276;76;75;1.0;True;5
276;170;276;47;62;1.0;True;6
276;170;276;47;102;1.0;True;7
276;170;276;92;70;1.0;True;8
276;170;276;46;56;1.0;True;9
25;171;25;61;19;1.0;True;0
25;171;25;131;46;1.0;True;1
25;171;25;67;28;1.0;True;2
25;171;25;60;32;1.0;True;3
25;171;25;48;39;1.0;True;4
25;171;25;63;30;1.0;True;5
25;171;25;52;28;1.0;True;6
25;171;25;105;38;1.0;True;7
25;171;25;82;35;1.0;True;8
25;171;25;48;17;1.0;True;9
5;172;5;164;79;1.0;True;0
5;172;5;179;103;1.0;True;1
5;172;5;158;94;1.0;True;2
5;172;5;158;84;1.0;True;3
5;172;5;89;161;1.0;True;4
5;172;5;116;141;1.0;True;5
5;172;5;158;77;1.0;True;6
5;172;5;166;99;1.0;True;7
5;172;5;121;97;1.0;True;8
5;172;5;173;88;1.0;True;9
65;173;65;78;40;1.0;True;0
65;173;65;76;56;1.0;True;1
65;173;65;56;46;1.0;True;2
65;173;65;83;76;1.0;True;3
65;173;65;66;73;1.0;True;4
65;173;65;81;22;1.0;True;5
65;173;65;52;42;1.0;True;6
65;173;65;69;70;1.0;True;7
65;173;65;49;71;1.0;True;8
65;173;65;79;23;1.0;True;9
14;174;14;104;51;1.0;True;0
14;174;14;79;61;1.0;True;1
14;174;14;140;32;1.0;True;2
14;174;14;76;36;1.0;True;3
14;174;14;104;39;1.0;True;4
14;174;14;90;78;1.0;True;5
14;174;14;83;25;1.0;True;6
14;174;14;127;35;1.0;True;7
14;174;14;110;26;1.0;True;8
14;174;14;119;60;1.0;True;9
14;175;14;40;35;1.0;True;0
14;175;14;47;23;1.0;True;1
14;175;14;120;90;1.0;True;2
14;175;14;110;62;1.0;True;3
14;175;14;97;93;1.0;True;4
14;175;14;87;84;1.0;True;5
14;175;14;40;19;1.0;True;6
14;175;14;113;56;1.0;True;7
14;175;14;39;21;1.0;True;8
14;175;14;61;33;1.0;True;9
20;176;20;57;82;1.0;True;0
20;176;20;78;74;1.0;True;1
20;176;20;64;80;1.0;True;2
20;176;20;72;86;1.0;True;3
20;176;20;83;98;1.0;True;4
20;176;20;46;69;1.0;True;5
20;176;20;85;72;1.0;True;6
20;176;20;69;72;1.0;True;7
20;176;20;60;148;1.0;True;8
20;176;20;77;55;1.0;True;9
7;177;7;52;49;1.0;True;0
7;177;7;68;118;1.0;True;1
7;177;7;72;52;1.0;True;2
7;177;7;75;94;1.0;True;3
7;177;7;75;137;1.0;True;4
7;177;7;86;146;1.0;True;5
7;177;7;70;120;1.0;True;6
7;177;7;81;85;1.0;True;7
7;177;7;72;117;1.0;True;8
7;177;7;71;31;1.0;True;9
2;178;2;200;82;1.0;True;0
2;178;2;105;88;1.0;True;1
2;178;2;74;119;1.0;True;2
2;178;2;79;79;1.0;True;3
2;178;2;91;155;1.0;True;4
2;178;2;94;163;1.0;True;5
2;178;2;85;85;1.0;True;6
2;178;2;83;115;1.0;True;7
2;178;2;217;103;1.0;True;8
2;178;2;156;74;1.0;True;9
626;179;626;75;44;1.0;True;0
626;179;626;81;29;1.0;True;1
626;179;626;75;25;1.0;True;2
626;179;626;76;51;1.0;True;3
626;179;626;80;30;1.0;True;4
626;179;626;94;36;1.0;True;5
626;179;626;82;85;1.0;True;6
626;179;626;89;35;1.0;True;7
626;179;626;141;86;1.0;True;8
626;179;626;77;33;1.0;True;9
1;180;1;29;41;1.0;True;0
1;180;1;47;48;1.0;True;1
1;180;1;49;25;1.0;True;2
1;180;1;29;53;1.0;True;3
1;180;1;72;57;1.0;True;4
1;180;1;71;48;1.0;True;5
1;180;1;48;23;1.0;True;6
1;180;1;66;58;1.0;True;7
1;180;1;65;58;1.0;True;8
1;180;1;55;56;1.0;True;9
2184;181;2184;151;105;1.0;True;0
2184;181;2184;100;89;1.0;True;1
2184;181;2184;199;70;1.0;True;2
2184;181;2184;164;77;1.0;True;3
2184;181;2184;98;98;1.0;True;4
2184;181;2184;46;73;1.0;True;5
2184;181;2184;84;98;1.0;True;6
2184;181;2184;95;104;1.0;True;7
2184;181;2184;100;108;1.0;True;8
2184;181;2184;135;107;1.0;True;9
4;182;4;86;265;1.0;True;0
4;182;4;59;231;1.0;True;1
4;182;4;91;164;1.0;True;2
4;182;4;82;187;1.0;True;3
4;182;4;103;135;1.0;True;4
4;182;4;88;104;1.0;True;5
4;182;4;178;305;1.0;True;6
4;182;4;154;198;1.0;True;7
4;182;4;61;195;1.0;True;8
4;182;4;65;62;1.0;True;9
5;183;5;101;95;1.0;True;0
5;183;5;66;137;1.0;True;1
5;183;5;52;135;1.0;True;2
5;183;5;80;137;1.0;True;3
5;183;5;147;111;1.0;True;4
5;183;5;123;117;1.0;True;5
5;183;5;73;84;1.0;True;6
5;183;5;57;67;1.0;True;7
5;183;5;142;128;1.0;True;8
5;183;5;69;133;1.0;True;9
26;184;26;190;42;1.0;True;0
26;184;26;151;34;1.0;True;1
26;184;26;117;37;1.0;True;2
26;184;26;87;41;1.0;True;3
26;184;26;127;27;1.0;True;4
26;184;26;139;39;1.0;True;5
26;184;26;141;37;1.0;True;6
26;184;26;116;59;1.0;True;7
26;184;26;78;75;1.0;True;8
26;184;26;81;59;1.0;True;9
1;185;1;114;191;1.0;True;0
1;185;1;140;365;1.0;True;1
1;185;1;236;398;1.0;True;2
1;185;1;220;342;1.0;True;3
1;185;1;159;153;1.0;True;4
1;185;1;122;215;1.0;True;5
1;185;1;157;339;1.0;True;6
1;185;1;132;408;1.0;True;7
1;185;1;105;348;1.0;True;8
1;185;1;186;335;1.0;True;9
23;186;23;64;16;1.0;True;0
23;186;23;83;17;1.0;True;1
23;186;23;84;45;1.0;True;2
23;186;23;48;24;1.0;True;3
23;186;23;46;25;1.0;True;4
23;186;23;55;23;1.0;True;5
23;186;23;64;51;1.0;True;6
23;186;23;40;23;1.0;True;7
23;186;23;96;18;1.0;True;8
23;186;23;48;25;1.0;True;9
11346;187;11346;105;57;1.0;True;0
11346;187;11346;86;99;1.0;True;1
11346;187;11346;76;62;1.0;True;2
11346;187;11346;49;94;1.0;True;3
11346;187;11346;120;97;1.0;True;4
11346;187;11346;87;67;1.0;True;5
11346;187;11346;107;55;1.0;True;6
11346;187;11346;101;58;1.0;True;7
11346;187;11346;101;118;1.0;True;8
11346;187;11346;128;113;1.0;True;9
9;188;9;43;36;1.0;True;0
9;188;9;65;17;1.0;True;1
9;188;9;47;54;1.0;True;2
9;188;9;64;18;1.0;True;3
9;188;9;31;22;1.0;True;4
9;188;9;60;32;1.0;True;5
9;188;9;42;16;1.0;True;6
9;188;9;72;18;1.0;True;7
9;188;9;55;48;1.0;True;8
9;188;9;41;16;1.0;True;9
152;189;152;54;34;1.0;True;0
152;189;152;40;37;1.0;True;1
152;189;152;49;70;1.0;True;2
152;189;152;42;31;1.0;True;3
152;189;152;44;61;1.0;True;4
152;189;152;45;34;1.0;True;5
152;189;152;44;57;1.0;True;6
152;189;152;50;62;1.0;True;7
152;189;152;53;33;1.0;True;8
152;189;152;49;34;1.0;True;9
14;190;14;56;20;1.0;True;0
14;190;14;54;21;1.0;True;1
14;190;14;82;62;1.0;True;2
14;190;14;79;71;1.0;True;3
14;190;14;85;75;1.0;True;4
14;190;14;57;22;1.0;True;5
14;190;14;77;23;1.0;True;6
14;190;14;93;21;1.0;True;7
14;190;14;55;17;1.0;True;8
14;190;14;80;39;1.0;True;9
488;191;488;224;385;1.0;True;0
488;191;488;219;335;1.0;True;1
488;191;488;174;308;1.0;True;2
488;191;488;236;339;1.0;True;3
488;191;488;215;345;1.0;True;4
488;191;488;115;336;1.0;True;5
488;191;488;151;195;1.0;True;6
488;191;488;160;407;1.0;True;7
488;191;488;181;354;1.0;True;8
488;191;488;106;235;1.0;True;9
13;192;13;76;67;1.0;True;0
13;192;13;139;72;1.0;True;1
13;192;13;118;60;1.0;True;2
13;192;13;90;72;1.0;True;3
13;192;13;64;61;1.0;True;4
13;192;13;83;76;1.0;True;5
13;192;13;121;63;1.0;True;6
13;192;13;63;50;1.0;True;7
13;192;13;86;55;1.0;True;8
13;192;13;54;77;1.0;True;9
12;193;12;67;90;1.0;True;0
12;193;12;76;147;1.0;True;1
12;193;12;178;255;1.0;True;2
12;193;12;111;103;1.0;True;3
12;193;12;104;148;1.0;True;4
12;193;12;196;191;1.0;True;5
12;193;12;193;129;1.0;True;6
12;193;12;79;167;1.0;True;7
12;193;12;103;107;1.0;True;8
12;193;12;71;143;1.0;True;9
102;194;102;83;48;1.0;True;0
102;194;102;114;69;1.0;True;1
102;194;102;68;40;1.0;True;2
102;194;102;110;181;1.0;True;3
102;194;102;108;134;1.0;True;4
102;194;102;124;110;1.0;True;5
102;194;102;96;172;1.0;True;6
102;194;102;72;64;1.0;True;7
102;194;102;92;182;1.0;True;8
102;194;102;88;54;1.0;True;9
62;195;62;90;146;1.0;True;0
62;195;62;147;151;1.0;True;1
62;195;62;141;101;1.0;True;2
62;195;62;75;99;1.0;True;3
62;195;62;62;65;1.0;True;4
62;195;62;147;149;1.0;True;5
62;195;62;146;74;1.0;True;6
62;195;62;105;135;1.0;True;7
62;195;62;105;158;1.0;True;8
62;195;62;127;182;1.0;True;9
3;196;3;84;65;1.0;True;0
3;196;3;47;52;1.0;True;1
3;196;3;85;56;1.0;True;2
3;196;3;63;28;1.0;True;3
3;196;3;84;57;1.0;True;4
3;196;3;53;55;1.0;True;5
3;196;3;84;58;1.0;True;6
3;196;3;85;57;1.0;True;7
3;196;3;49;61;1.0;True;8
3;196;3;65;47;1.0;True;9
57;197;57;69;70;1.0;True;0
57;197;57;68;63;1.0;True;1
57;197;57;71;31;1.0;True;2
57;197;57;83;30;1.0;True;3
57;197;57;54;55;1.0;True;4
57;197;57;71;57;1.0;True;5
57;197;57;74;69;1.0;True;6
57;197;57;66;63;1.0;True;7
57;197;57;111;39;1.0;True;8
57;197;57;72;31;1.0;True;9
350;198;350;67;22;1.0;True;0
350;198;350;102;30;1.0;True;1
350;198;350;98;66;1.0;True;2
350;198;350;81;59;1.0;True;3
350;198;350;194;76;1.0;True;4
350;198;350;94;24;1.0;True;5
350;198;350;67;51;1.0;True;6
350;198;350;123;56;1.0;True;7
350;198;350;72;22;1.0;True;8
350;198;350;161;27;1.0;True;9
1;199;1;85;52;1.0;True;0
1;199;1;62;51;1.0;True;1
1;199;1;50;56;1.0;True;2
1;199;1;60;38;1.0;True;3
1;199;1;60;52;1.0;True;4
1;199;1;86;20;1.0;True;5
1;199;1;69;53;1.0;True;6
1;199;1;73;53;1.0;True;7
1;199;1;70;53;1.0;True;8
1;199;1;67;46;1.0;True;9
39;200;39;152;120;1.0;True;0
39;200;39;140;109;1.0;True;1
39;200;39;156;106;1.0;True;2
39;200;39;169;122;1.0;True;3
39;200;39;122;129;1.0;True;4
39;200;39;146;106;1.0;True;5
39;200;39;111;106;1.0;True;6
39;200;39;139;106;1.0;True;7
39;200;39;169;159;1.0;True;8
39;200;39;158;225;1.0;True;9
8;201;8;75;102;1.0;True;0
8;201;8;72;50;1.0;True;1
8;201;8;93;100;1.0;True;2
8;201;8;76;97;1.0;True;3
8;201;8;61;74;1.0;True;4
8;201;8;85;110;1.0;True;5
8;201;8;68;94;1.0;True;6
8;201;8;92;100;1.0;True;7
8;201;8;83;94;1.0;True;8
8;201;8;76;98;1.0;True;9
469;202;469;133;76;1.0;True;0
469;202;469;131;109;1.0;True;1
469;202;469;122;39;1.0;True;2
469;202;469;92;85;1.0;True;3
469;202;469;130;107;1.0;True;4
469;202;469;138;91;1.0;True;5
469;202;469;100;42;1.0;True;6
469;202;469;159;46;1.0;True;7
469;202;469;175;95;1.0;True;8
469;202;469;132;46;1.0;True;9
8;203;8;77;28;1.0;True;0
8;203;8;88;89;1.0;True;1
8;203;8;77;47;1.0;True;2
8;203;8;75;75;1.0;True;3
8;203;8;79;62;1.0;True;4
8;203;8;77;33;1.0;True;5
8;203;8;77;37;1.0;True;6
8;203;8;73;81;1.0;True;7
8;203;8;55;70;1.0;True;8
8;203;8;78;41;1.0;True;9
6264;204;6264;282;187;1.0;True;0
6264;204;6264;380;248;1.0;True;1
6264;204;6264;246;197;1.0;True;2
6264;204;6264;320;277;1.0;True;3
6264;204;6264;382;355;1.0;True;4
6264;204;6264;275;207;1.0;True;5
6264;204;6264;286;338;1.0;True;6
6264;204;6264;261;266;1.0;True;7
6264;204;6264;335;336;1.0;True;8
6264;204;6264;310;335;1.0;True;9
72;205;72;142;22;1.0;True;0
72;205;72;176;27;1.0;True;1
72;205;72;152;19;1.0;True;2
72;205;72;178;38;1.0;True;3
72;205;72;174;23;1.0;True;4
72;205;72;175;41;1.0;True;5
72;205;72;140;24;1.0;True;6
72;205;72;133;23;1.0;True;7
72;205;72;172;67;1.0;True;8
72;205;72;227;27;1.0;True;9
34;206;34;94;87;1.0;True;0
34;206;34;78;122;1.0;True;1
34;206;34;97;99;1.0;True;2
34;206;34;83;36;1.0;True;3
34;206;34;90;32;1.0;True;4
34;206;34;60;37;1.0;True;5
34;206;34;98;82;1.0;True;6
34;206;34;73;46;1.0;True;7
34;206;34;59;21;1.0;True;8
34;206;34;134;103;1.0;True;9
4300;207;4300;66;42;1.0;True;0
4300;207;4300;62;54;1.0;True;1
4300;207;4300;65;68;1.0;True;2
4300;207;4300;53;63;1.0;True;3
4300;207;4300;61;51;1.0;True;4
4300;207;4300;61;28;1.0;True;5
4300;207;4300;84;56;1.0;True;6
4300;207;4300;64;44;1.0;True;7
4300;207;4300;61;64;1.0;True;8
4300;207;4300;65;71;1.0;True;9
420;208;420;237;172;1.0;True;0
420;208;420;133;91;1.0;True;1
420;208;420;138;160;1.0;True;2
420;208;420;196;68;1.0;True;3
420;208;420;174;143;1.0;True;4
420;208;420;217;166;1.0;True;5
420;208;420;246;114;1.0;True;6
420;208;420;213;158;1.0;True;7
420;208;420;238;158;1.0;True;8
420;208;420;220;128;1.0;True;9
25;209;25;44;171;1.0;True;0
25;209;25;106;58;1.0;True;1
25;209;25;99;237;1.0;True;2
25;209;25;46;130;1.0;True;3
25;209;25;61;486;1.0;True;4
25;209;25;81;249;1.0;True;5
25;209;25;61;73;1.0;True;6
25;209;25;46;92;1.0;True;7
25;209;25;47;94;1.0;True;8
25;209;25;164;406;1.0;True;9
3;210;3;231;462;1.0;True;0
3;210;3;153;292;1.0;True;1
3;210;3;157;285;1.0;True;2
3;210;3;148;259;1.0;True;3
3;210;3;136;219;1.0;True;4
3;210;3;157;303;1.0;True;5
3;210;3;158;328;1.0;True;6
3;210;3;208;340;1.0;True;7
3;210;3;177;139;1.0;True;8
3;210;3;143;244;1.0;True;9
2;211;2;143;260;1.0;True;0
2;211;2;103;130;1.0;True;1
2;211;2;183;277;1.0;True;2
2;211;2;190;341;1.0;True;3
2;211;2;177;274;1.0;True;4
2;211;2;205;171;1.0;True;5
2;211;2;85;222;1.0;True;6
2;211;2;181;245;1.0;True;7
2;211;2;210;136;1.0;True;8
2;211;2;65;254;1.0;True;9
21;212;21;260;276;1.0;True;0
21;212;21;342;254;1.0;True;1
21;212;21;307;410;1.0;True;2
21;212;21;313;241;1.0;True;3
21;212;21;328;281;1.0;True;4
21;212;21;345;270;1.0;True;5
21;212;21;318;289;1.0;True;6
21;212;21;308;307;1.0;True;7
21;212;21;285;239;1.0;True;8
21;212;21;281;358;1.0;True;9
280;213;280;203;91;1.0;True;0
280;213;280;135;103;1.0;True;1
280;213;280;137;33;1.0;True;2
280;213;280;167;72;1.0;True;3
280;213;280;147;117;1.0;True;4
280;213;280;154;34;1.0;True;5
280;213;280;141;39;1.0;True;6
280;213;280;106;25;1.0;True;7
280;213;280;238;84;1.0;True;8
280;213;280;143;40;1.0;True;9
2;214;2;77;69;1.0;True;0
2;214;2;75;45;1.0;True;1
2;214;2;80;59;1.0;True;2
2;214;2;115;39;1.0;True;3
2;214;2;72;72;1.0;True;4
2;214;2;82;66;1.0;True;5
2;214;2;118;67;1.0;True;6
2;214;2;140;72;1.0;True;7
2;214;2;67;49;1.0;True;8
2;214;2;88;48;1.0;True;9
1;215;5;247;601;1.0;False;0
1;215;5;457;794;1.0;False;1
1;215;5;468;849;1.0;False;2
1;215;5;398;822;1.0;False;3
1;215;5;391;575;1.0;False;4
1;215;5;169;650;1.0;False;5
1;215;5;507;822;1.0;False;6
1;215;5;342;647;1.0;False;7
1;215;5;401;712;1.0;False;8
1;215;5;378;521;1.0;False;9
4;216;4;149;39;1.0;True;0
4;216;4;118;42;1.0;True;1
4;216;4;143;38;1.0;True;2
4;216;4;152;39;1.0;True;3
4;216;4;198;64;1.0;True;4
4;216;4;128;52;1.0;True;5
4;216;4;122;34;1.0;True;6
4;216;4;95;32;1.0;True;7
4;216;4;100;69;1.0;True;8
4;216;4;147;103;1.0;True;9
22;217;22;52;36;1.0;True;0
22;217;22;93;46;1.0;True;1
22;217;22;78;26;1.0;True;2
22;217;22;101;28;1.0;True;3
22;217;22;92;36;1.0;True;4
22;217;22;179;36;1.0;True;5
22;217;22;98;31;1.0;True;6
22;217;22;93;67;1.0;True;7
22;217;22;52;41;1.0;True;8
22;217;22;68;27;1.0;True;9
5;218;5;135;119;1.0;True;0
5;218;5;98;188;1.0;True;1
5;218;5;137;132;1.0;True;2
5;218;5;142;179;1.0;True;3
5;218;5;124;312;1.0;True;4
5;218;5;119;166;1.0;True;5
5;218;5;48;128;1.0;True;6
5;218;5;107;165;1.0;True;7
5;218;5;221;251;1.0;True;8
5;218;5;120;202;1.0;True;9
4;219;4;52;83;1.0;True;0
4;219;4;65;76;1.0;True;1
4;219;4;54;88;1.0;True;2
4;219;4;113;80;1.0;True;3
4;219;4;51;79;1.0;True;4
4;219;4;53;89;1.0;True;5
4;219;4;54;78;1.0;True;6
4;219;4;53;86;1.0;True;7
4;219;4;86;78;1.0;True;8
4;219;4;63;40;1.0;True;9
22;220;22;237;598;0.8;True;0
25;220;22;160;225;0.2;False;1
22;220;22;133;241;0.8;True;2
22;220;22;244;410;0.8;True;3
22;220;22;255;274;0.8;True;4
22;220;22;144;81;0.8;True;5
25;220;22;189;279;0.2;False;6
22;220;22;155;69;0.8;True;7
22;220;22;158;92;0.8;True;8
22;220;22;133;95;0.8;True;9
6;221;6;183;177;1.0;True;0
6;221;6;148;247;1.0;True;1
6;221;6;149;212;1.0;True;2
6;221;6;143;180;1.0;True;3
6;221;6;61;150;1.0;True;4
6;221;6;61;187;1.0;True;5
6;221;6;187;270;1.0;True;6
6;221;6;40;259;1.0;True;7
6;221;6;209;220;1.0;True;8
6;221;6;52;148;1.0;True;9
137;222;137;49;82;1.0;True;0
137;222;137;52;18;1.0;True;1
137;222;137;87;87;1.0;True;2
137;222;137;91;23;1.0;True;3
137;222;137;70;70;1.0;True;4
137;222;137;66;16;1.0;True;5
137;222;137;57;27;1.0;True;6
137;222;137;54;48;1.0;True;7
137;222;137;71;75;1.0;True;8
137;222;137;64;48;1.0;True;9
2;223;2;139;292;1.0;True;0
2;223;2;288;335;1.0;True;1
2;223;2;160;212;1.0;True;2
2;223;2;53;205;1.0;True;3
2;223;2;178;190;1.0;True;4
2;223;2;178;194;1.0;True;5
2;223;2;99;268;1.0;True;6
2;223;2;259;155;1.0;True;7
2;223;2;89;280;1.0;True;8
2;223;2;149;319;1.0;True;9
112;224;112;49;60;1.0;True;0
112;224;112;50;37;1.0;True;1
112;224;112;54;59;1.0;True;2
112;224;112;56;56;1.0;True;3
112;224;112;55;38;1.0;True;4
112;224;112;55;35;1.0;True;5
112;224;112;44;48;1.0;True;6
112;224;112;55;55;1.0;True;7
112;224;112;54;59;1.0;True;8
112;224;112;47;50;1.0;True;9
25;225;25;117;116;1.0;True;0
25;225;25;89;105;1.0;True;1
25;225;25;101;104;1.0;True;2
25;225;25;117;131;1.0;True;3
25;225;25;71;102;1.0;True;4
25;225;25;74;113;1.0;True;5
25;225;25;110;97;1.0;True;6
25;225;25;90;100;1.0;True;7
25;225;25;121;107;1.0;True;8
25;225;25;87;115;1.0;True;9
238;226;238;181;300;0.9;True;0
238;226;238;148;311;0.9;True;1
44;226;238;170;246;0.1;False;2
238;226;238;180;288;0.9;True;3
238;226;238;187;350;0.9;True;4
238;226;238;127;217;0.9;True;5
238;226;238;217;292;0.9;True;6
238;226;238;214;245;0.9;True;7
238;226;238;194;251;0.9;True;8
238;226;238;195;372;0.9;True;9
2;227;2;182;272;1.0;True;0
2;227;2;73;125;1.0;True;1
2;227;2;90;121;1.0;True;2
2;227;2;63;418;1.0;True;3
2;227;2;79;134;1.0;True;4
2;227;2;65;114;1.0;True;5
2;227;2;94;176;1.0;True;6
2;227;2;194;110;1.0;True;7
2;227;2;137;346;1.0;True;8
2;227;2;95;120;1.0;True;9
99;228;99;117;126;1.0;True;0
99;228;99;135;119;1.0;True;1
99;228;99;206;100;1.0;True;2
99;228;99;160;148;1.0;True;3
99;228;99;130;163;1.0;True;4
99;228;99;198;115;1.0;True;5
99;228;99;122;143;1.0;True;6
99;228;99;211;115;1.0;True;7
99;228;99;111;175;1.0;True;8
99;228;99;181;149;1.0;True;9
19;229;19;47;60;1.0;True;0
19;229;19;53;35;1.0;True;1
19;229;19;60;62;1.0;True;2
19;229;19;50;49;1.0;True;3
19;229;19;49;33;1.0;True;4
19;229;19;45;63;1.0;True;5
19;229;19;50;63;1.0;True;6
19;229;19;51;71;1.0;True;7
19;229;19;50;42;1.0;True;8
19;229;19;49;71;1.0;True;9
46;230;46;167;156;1.0;True;0
46;230;46;122;122;1.0;True;1
46;230;46;115;121;1.0;True;2
46;230;46;146;104;1.0;True;3
46;230;46;99;120;1.0;True;4
46;230;46;117;163;1.0;True;5
46;230;46;117;104;1.0;True;6
46;230;46;253;131;1.0;True;7
46;230;46;129;155;1.0;True;8
46;230;46;100;105;1.0;True;9
7;231;7;191;307;1.0;True;0
7;231;7;61;351;1.0;True;1
7;231;7;123;459;1.0;True;2
7;231;7;107;373;1.0;True;3
7;231;7;95;394;1.0;True;4
7;231;7;82;248;1.0;True;5
7;231;7;110;356;1.0;True;6
7;231;7;86;189;1.0;True;7
7;231;7;82;500;1.0;True;8
7;231;7;78;342;1.0;True;9
3;232;3;50;80;1.0;True;0
3;232;3;87;122;1.0;True;1
3;232;3;14;78;1.0;True;2
3;232;3;60;113;1.0;True;3
3;232;3;51;135;1.0;True;4
3;232;3;61;78;1.0;True;5
3;232;3;49;78;1.0;True;6
3;232;3;81;86;1.0;True;7
3;232;3;50;70;1.0;True;8
3;232;3;51;79;1.0;True;9
5;233;5;148;162;0.8;True;0
5;233;5;150;285;0.8;True;1
5;233;5;151;128;0.8;True;2
5;233;5;153;123;0.8;True;3
2.5;233;5;233;222;0.2;False;4
5;233;5;140;269;0.8;True;5
2.5;233;5;254;444;0.2;False;6
5;233;5;132;352;0.8;True;7
5;233;5;154;266;0.8;True;8
5;233;5;148;175;0.8;True;9
10;234;13;17;124;1.0;False;0
10;234;13;9;79;1.0;False;1
10;234;13;10;78;1.0;False;2
10;234;13;9;71;1.0;False;3
10;234;13;10;82;1.0;False;4
10;234;13;10;94;1.0;False;5
10;234;13;10;83;1.0;False;6
10;234;13;9;92;1.0;False;7
10;234;13;10;61;1.0;False;8
10;234;13;10;64;1.0;False;9
21;235;21;43;85;1.0;True;0
21;235;21;38;68;1.0;True;1
21;235;21;46;42;1.0;True;2
21;235;21;92;68;1.0;True;3
21;235;21;44;76;1.0;True;4
21;235;21;42;75;1.0;True;5
21;235;21;70;120;1.0;True;6
21;235;21;43;141;1.0;True;7
21;235;21;58;116;1.0;True;8
21;235;21;55;47;1.0;True;9
265;236;265;90;392;0.9;True;0
265;236;265;103;269;0.9;True;1
154;236;265;195;495;0.1;False;2
265;236;265;61;335;0.9;True;3
265;236;265;64;568;0.9;True;4
265;236;265;61;555;0.9;True;5
265;236;265;102;735;0.9;True;6
265;236;265;60;545;0.9;True;7
265;236;265;54;310;0.9;True;8
265;236;265;62;461;0.9;True;9
22;237;22;80;217;1.0;True;0
22;237;22;120;171;1.0;True;1
22;237;22;153;212;1.0;True;2
22;237;22;83;181;1.0;True;3
22;237;22;138;175;1.0;True;4
22;237;22;78;116;1.0;True;5
22;237;22;77;258;1.0;True;6
22;237;22;177;387;1.0;True;7
22;237;22;148;300;1.0;True;8
22;237;22;104;141;1.0;True;9
27;238;27;171;84;1.0;True;0
27;238;27;164;39;1.0;True;1
27;238;27;146;56;1.0;True;2
27;238;27;97;77;1.0;True;3
27;238;27;178;40;1.0;True;4
27;238;27;174;81;1.0;True;5
27;238;27;202;58;1.0;True;6
27;238;27;182;79;1.0;True;7
27;238;27;130;77;1.0;True;8
27;238;27;180;66;1.0;True;9
1414;239;1414;62;61;1.0;True;0
1414;239;1414;56;55;1.0;True;1
1414;239;1414;61;66;1.0;True;2
1414;239;1414;72;51;1.0;True;3
1414;239;1414;85;62;1.0;True;4
1414;239;1414;61;43;1.0;True;5
1414;239;1414;84;86;1.0;True;6
1414;239;1414;71;42;1.0;True;7
1414;239;1414;62;67;1.0;True;8
1414;239;1414;74;55;1.0;True;9
11;240;11;194;136;1.0;True;0
11;240;11;132;143;1.0;True;1
11;240;11;139;139;1.0;True;2
11;240;11;162;222;1.0;True;3
11;240;11;174;200;1.0;True;4
11;240;11;186;174;1.0;True;5
11;240;11;129;141;1.0;True;6
11;240;11;187;194;1.0;True;7
11;240;11;135;190;1.0;True;8
11;240;11;156;156;1.0;True;9
73;241;73;116;62;1.0;True;0
73;241;73;118;69;1.0;True;1
73;241;73;138;54;1.0;True;2
73;241;73;93;55;1.0;True;3
73;241;73;84;81;1.0;True;4
73;241;73;139;58;1.0;True;5
73;241;73;116;60;1.0;True;6
73;241;73;117;46;1.0;True;7
73;241;73;113;89;1.0;True;8
73;241;73;114;104;1.0;True;9
2;242;2;152;118;1.0;True;0
2;242;2;170;129;1.0;True;1
2;242;2;149;140;1.0;True;2
2;242;2;128;157;1.0;True;3
2;242;2;110;93;1.0;True;4
2;242;2;121;102;1.0;True;5
2;242;2;180;122;1.0;True;6
2;242;2;162;90;1.0;True;7
2;242;2;215;87;1.0;True;8
2;242;2;191;180;1.0;True;9
11210;243;11210;241;321;1.0;True;0
11210;243;11210;144;275;1.0;True;1
11210;243;11210;308;413;1.0;True;2
11210;243;11210;318;661;1.0;True;3
11210;243;11210;293;412;1.0;True;4
11210;243;11210;319;374;1.0;True;5
11210;243;11210;325;485;1.0;True;6
11210;243;11210;242;342;1.0;True;7
11210;243;11210;337;385;1.0;True;8
11210;243;11210;296;450;1.0;True;9
2;244;2;248;563;1.0;True;0
2;244;2;176;555;1.0;True;1
2;244;2;146;415;1.0;True;2
2;244;2;348;569;1.0;True;3
2;244;2;60;599;1.0;True;4
2;244;2;100;502;1.0;True;5
2;244;2;79;607;1.0;True;6
2;244;2;335;707;1.0;True;7
2;244;2;184;647;1.0;True;8
2;244;2;137;415;1.0;True;9
10;245;10;154;72;1.0;True;0
10;245;10;205;105;1.0;True;1
10;245;10;118;118;1.0;True;2
10;245;10;82;109;1.0;True;3
10;245;10;121;93;1.0;True;4
10;245;10;133;69;1.0;True;5
10;245;10;155;149;1.0;True;6
10;245;10;77;89;1.0;True;7
10;245;10;161;83;1.0;True;8
10;245;10;129;143;1.0;True;9
2;246;2;189;157;1.0;True;0
2;246;2;201;180;1.0;True;1
2;246;2;215;158;1.0;True;2
2;246;2;208;118;1.0;True;3
2;246;2;174;107;1.0;True;4
2;246;2;236;175;1.0;True;5
2;246;2;226;132;1.0;True;6
2;246;2;186;216;1.0;True;7
2;246;2;196;175;1.0;True;8
2;246;2;187;117;1.0;True;9
2;247;2;166;91;1.0;True;0
2;247;2;174;78;1.0;True;1
2;247;2;87;64;1.0;True;2
2;247;2;200;92;1.0;True;3
2;247;2;82;76;1.0;True;4
2;247;2;112;57;1.0;True;5
2;247;2;178;82;1.0;True;6
2;247;2;91;58;1.0;True;7
2;247;2;88;61;1.0;True;8
2;247;2;93;59;1.0;True;9
186;248;186;105;71;1.0;True;0
186;248;186;81;87;1.0;True;1
186;248;186;100;49;1.0;True;2
186;248;186;71;94;1.0;True;3
186;248;186;65;46;1.0;True;4
186;248;186;72;47;1.0;True;5
186;248;186;92;66;1.0;True;6
186;248;186;77;45;1.0;True;7
186;248;186;93;37;1.0;True;8
186;248;186;71;54;1.0;True;9
19;249;19;159;552;1.0;True;0
19;249;19;269;367;1.0;True;1
19;249;19;307;253;1.0;True;2
19;249;19;199;382;1.0;True;3
19;249;19;124;291;1.0;True;4
19;249;19;101;476;1.0;True;5
19;249;19;207;614;1.0;True;6
19;249;19;232;633;1.0;True;7
19;249;19;215;363;1.0;True;8
19;249;19;195;483;1.0;True;9
