id;iter;answer_token_len;correct_answer;extracted_number;finish_reasons;finish_reasons_post;frequency_of_answer;is_correct;reasoning_token_len
0;0;150;145;145;stop;stop;1.0;True;107
0;1;179;145;145;stop;stop;1.0;True;92
0;2;210;145;145;stop;stop;1.0;True;92
0;3;152;145;145;stop;stop;1.0;True;87
0;4;139;145;145;stop;stop;1.0;True;88
0;5;202;145;145;stop;stop;1.0;True;124
0;6;173;145;145;stop;stop;1.0;True;97
0;7;98;145;145;stop;stop;1.0;True;82
0;8;147;145;145;stop;stop;1.0;True;91
0;9;173;145;145;stop;stop;1.0;True;77
1;0;150;19;19;stop;stop;1.0;True;122
1;1;223;19;19;stop;stop;1.0;True;102
1;2;184;19;19;stop;stop;1.0;True;84
1;3;145;19;19;stop;stop;1.0;True;103
1;4;187;19;19;stop;stop;1.0;True;95
1;5;230;19;19;stop;stop;1.0;True;113
1;6;202;19;19;stop;stop;1.0;True;94
1;7;283;19;19;stop;stop;1.0;True;81
1;8;185;19;19;stop;stop;1.0;True;88
1;9;199;19;19;stop;stop;1.0;True;75
2;0;151;3;3;stop;stop;1.0;True;72
2;1;129;3;3;stop;stop;1.0;True;91
2;2;241;3;3;stop;stop;1.0;True;144
2;3;229;3;3;stop;stop;1.0;True;79
2;4;204;3;3;stop;stop;1.0;True;62
2;5;207;3;3;stop;stop;1.0;True;121
2;6;142;3;3;stop;stop;1.0;True;65
2;7;119;3;3;stop;stop;1.0;True;58
2;8;219;3;3;stop;stop;1.0;True;59
2;9;165;3;3;stop;stop;1.0;True;118
3;0;202;198;198;stop;stop;1.0;True;61
3;1;196;198;198;stop;stop;1.0;True;135
3;2;257;198;198;stop;stop;1.0;True;207
3;3;181;198;198;stop;stop;1.0;True;112
3;4;324;198;198;stop;stop;1.0;True;129
3;5;166;198;198;stop;stop;1.0;True;139
3;6;215;198;198;stop;stop;1.0;True;99
3;7;175;198;198;stop;stop;1.0;True;148
3;8;136;198;198;stop;stop;1.0;True;79
3;9;188;198;198;stop;stop;1.0;True;132
4;0;124;63;63;stop;stop;1.0;True;66
4;1;192;63;63;stop;stop;1.0;True;61
4;2;195;63;63;stop;stop;1.0;True;90
4;3;147;63;63;stop;stop;1.0;True;78
4;4;142;63;63;stop;stop;1.0;True;79
4;5;85;63;63;stop;stop;1.0;True;58
4;6;186;63;63;stop;stop;1.0;True;58
4;7;132;63;63;stop;stop;1.0;True;71
4;8;81;63;63;stop;stop;1.0;True;66
4;9;197;63;63;stop;stop;1.0;True;72
5;0;181;322;322;stop;stop;1.0;True;99
5;1;211;322;322;stop;stop;1.0;True;106
5;2;181;322;322;stop;stop;1.0;True;119
5;3;198;322;322;stop;stop;1.0;True;139
5;4;214;322;322;stop;stop;1.0;True;122
5;5;154;322;322;stop;stop;1.0;True;126
5;6;163;322;322;stop;stop;1.0;True;127
5;7;184;322;322;stop;stop;1.0;True;96
5;8;185;322;322;stop;stop;1.0;True;92
5;9;116;322;322;stop;stop;1.0;True;124
6;0;217;30;30;stop;stop;1.0;True;111
6;1;205;30;30;stop;stop;1.0;True;145
6;2;133;30;30;stop;stop;1.0;True;102
6;3;159;30;30;stop;stop;1.0;True;115
6;4;146;30;30;stop;stop;1.0;True;111
6;5;185;30;30;stop;stop;1.0;True;110
6;6;167;30;30;stop;stop;1.0;True;126
6;7;166;30;30;stop;stop;1.0;True;90
6;8;191;30;30;stop;stop;1.0;True;111
6;9;136;30;30;stop;stop;1.0;True;91
7;0;218;192;192;stop;stop;1.0;True;80
7;1;236;192;192;stop;stop;1.0;True;103
7;2;136;192;192;stop;stop;1.0;True;80
7;3;217;192;192;stop;stop;1.0;True;79
7;4;182;192;192;stop;stop;1.0;True;82
7;5;253;192;192;stop;stop;1.0;True;99
7;6;213;192;192;stop;stop;1.0;True;92
7;7;137;192;192;stop;stop;1.0;True;42
7;8;252;192;192;stop;stop;1.0;True;90
7;9;198;192;192;stop;stop;1.0;True;81
8;0;184;26;26;stop;stop;1.0;True;69
8;1;213;26;26;stop;stop;1.0;True;85
8;2;213;26;26;stop;stop;1.0;True;98
8;3;187;26;26;stop;stop;1.0;True;88
8;4;147;26;26;stop;stop;1.0;True;90
8;5;197;26;26;stop;stop;1.0;True;84
8;6;217;26;26;stop;stop;1.0;True;76
8;7;176;26;26;stop;stop;1.0;True;84
8;8;208;26;26;stop;stop;1.0;True;108
8;9;166;26;26;stop;stop;1.0;True;86
9;0;193;17;17;stop;stop;1.0;True;110
9;1;223;17;17;stop;stop;1.0;True;84
9;2;230;17;17;stop;stop;1.0;True;77
9;3;157;17;17;stop;stop;1.0;True;104
9;4;158;17;17;stop;stop;1.0;True;88
9;5;210;17;17;stop;stop;1.0;True;74
9;6;208;17;17;stop;stop;1.0;True;90
9;7;171;17;17;stop;stop;1.0;True;86
9;8;138;17;17;stop;stop;1.0;True;85
9;9;178;17;17;stop;stop;1.0;True;81
21;0;169;12;12;stop;stop;1.0;True;90
21;1;173;12;12;stop;stop;1.0;True;92
21;2;136;12;12;stop;stop;1.0;True;71
21;3;179;12;12;stop;stop;1.0;True;113
21;4;171;12;12;stop;stop;1.0;True;110
21;5;181;12;12;stop;stop;1.0;True;84
21;6;121;12;12;stop;stop;1.0;True;107
21;7;157;12;12;stop;stop;1.0;True;99
21;8;189;12;12;stop;stop;1.0;True;133
21;9;212;12;12;stop;stop;1.0;True;81
22;0;251;23;13;stop;stop;0.3;False;104
22;1;278;23;;stop;stop;0.0;False;155
22;2;255;23;;stop;stop;0.0;False;144
22;3;238;23;;stop;stop;0.0;False;76
22;4;270;23;3;stop;stop;0.1;False;125
22;5;167;23;10;stop;stop;0.2;False;1303
22;6;200;23;13;stop;stop;0.3;False;173
22;7;151;23;10;stop;stop;0.2;False;126
22;8;381;23;;stop;stop;0.0;False;79
22;9;360;23;13;stop;stop;0.3;False;152
23;0;177;31;31;stop;stop;1.0;True;79
23;1;152;31;31;stop;stop;1.0;True;114
23;2;253;31;31;stop;stop;1.0;True;116
23;3;165;31;31;stop;stop;1.0;True;91
23;4;247;31;31;stop;stop;1.0;True;113
23;5;158;31;31;stop;stop;1.0;True;102
23;6;191;31;31;stop;stop;1.0;True;146
23;7;221;31;31;stop;stop;1.0;True;82
23;8;121;31;31;stop;stop;1.0;True;78
23;9;190;31;31;stop;stop;1.0;True;86
24;0;250;1201565;1201565;stop;stop;1.0;True;128
24;1;284;1201565;1201565;stop;stop;1.0;True;88
24;2;290;1201565;1201565;stop;stop;1.0;True;177
24;3;227;1201565;1201565;stop;stop;1.0;True;105
24;4;206;1201565;1201565;stop;stop;1.0;True;100
24;5;284;1201565;1201565;stop;stop;1.0;True;124
24;6;220;1201565;1201565;stop;stop;1.0;True;165
24;7;229;1201565;1201565;stop;stop;1.0;True;138
24;8;233;1201565;1201565;stop;stop;1.0;True;99
24;9;307;1201565;1201565;stop;stop;1.0;True;156
25;0;130;89;89;stop;stop;1.0;True;66
25;1;166;89;89;stop;stop;1.0;True;73
25;2;161;89;89;stop;stop;1.0;True;76
25;3;166;89;89;stop;stop;1.0;True;73
25;4;159;89;89;stop;stop;1.0;True;93
25;5;132;89;89;stop;stop;1.0;True;67
25;6;261;89;89;stop;stop;1.0;True;95
25;7;161;89;89;stop;stop;1.0;True;81
25;8;203;89;89;stop;stop;1.0;True;65
25;9;185;89;89;stop;stop;1.0;True;86
26;0;176;574;540;stop;stop;0.5;False;97
26;1;164;574;17;stop;stop;0.4;False;110
26;2;138;574;17;stop;stop;0.4;False;115
26;3;160;574;540;stop;stop;0.5;False;94
26;4;179;574;17;stop;stop;0.4;False;81
26;5;163;574;17;stop;stop;0.4;False;60
26;6;140;574;540;stop;stop;0.5;False;112
26;7;252;574;540;stop;stop;0.5;False;85
26;8;241;574;32764.7;stop;stop;0.1;False;108
26;9;168;574;540;stop;stop;0.5;False;75
27;0;102;8;8;stop;stop;1.0;True;70
27;1;187;8;8;stop;stop;1.0;True;98
27;2;110;8;8;stop;stop;1.0;True;88
27;3;227;8;8;stop;stop;1.0;True;108
27;4;197;8;8;stop;stop;1.0;True;141
27;5;101;8;8;stop;stop;1.0;True;95
27;6;102;8;8;stop;stop;1.0;True;105
27;7;217;8;8;stop;stop;1.0;True;113
27;8;156;8;8;stop;stop;1.0;True;109
27;9;134;8;8;stop;stop;1.0;True;106
28;0;186;146;146;stop;stop;1.0;True;127
28;1;186;146;146;stop;stop;1.0;True;63
28;2;187;146;146;stop;stop;1.0;True;93
28;3;175;146;146;stop;stop;1.0;True;72
28;4;218;146;146;stop;stop;1.0;True;100
28;5;205;146;146;stop;stop;1.0;True;89
28;6;178;146;146;stop;stop;1.0;True;74
28;7;219;146;146;stop;stop;1.0;True;131
28;8;242;146;146;stop;stop;1.0;True;108
28;9;204;146;146;stop;stop;1.0;True;91
29;0;275;1;1;stop;stop;1.0;True;164
29;1;252;1;1;stop;stop;1.0;True;151
29;2;257;1;1;stop;stop;1.0;True;131
29;3;272;1;1;stop;stop;1.0;True;149
29;4;301;1;1;stop;stop;1.0;True;194
29;5;301;1;1;stop;stop;1.0;True;172
29;6;256;1;1;stop;stop;1.0;True;85
29;7;262;1;1;stop;stop;1.0;True;165
29;8;249;1;1;stop;stop;1.0;True;146
29;9;222;1;1;stop;stop;1.0;True;191
10;0;215;1;1;stop;stop;1.0;True;142
10;1;238;1;1;stop;stop;1.0;True;157
10;2;257;1;1;stop;stop;1.0;True;113
10;3;235;1;1;stop;stop;1.0;True;127
10;4;290;1;1;stop;stop;1.0;True;135
10;5;302;1;1;stop;stop;1.0;True;137
10;6;285;1;1;stop;stop;1.0;True;149
10;7;434;1;1;stop;stop;1.0;True;142
10;8;261;1;1;stop;stop;1.0;True;145
10;9;278;1;1;stop;stop;1.0;True;111
11;0;347;20;20;stop;stop;1.0;True;293
11;1;315;20;20;stop;stop;1.0;True;226
11;2;341;20;20;stop;stop;1.0;True;221
11;3;277;20;20;stop;stop;1.0;True;166
11;4;302;20;20;stop;stop;1.0;True;1370
11;5;293;20;20;stop;stop;1.0;True;201
11;6;317;20;20;stop;stop;1.0;True;197
11;7;393;20;20;stop;stop;1.0;True;148
11;8;286;20;20;stop;stop;1.0;True;147
11;9;321;20;20;stop;stop;1.0;True;166
12;0;195;4;4;stop;stop;1.0;True;91
12;1;208;4;4;stop;stop;1.0;True;80
12;2;185;4;4;stop;stop;1.0;True;200
12;3;225;4;4;stop;stop;1.0;True;78
12;4;160;4;4;stop;stop;1.0;True;101
12;5;167;4;4;stop;stop;1.0;True;100
12;6;274;4;4;stop;stop;1.0;True;79
12;7;137;4;4;stop;stop;1.0;True;74
12;8;210;4;4;stop;stop;1.0;True;100
12;9;206;4;4;stop;stop;1.0;True;74
13;0;194;2;2;stop;stop;1.0;True;109
13;1;163;2;2;stop;stop;1.0;True;129
13;2;148;2;2;stop;stop;1.0;True;90
13;3;155;2;2;stop;stop;1.0;True;109
13;4;124;2;2;stop;stop;1.0;True;88
13;5;187;2;2;stop;stop;1.0;True;82
13;6;162;2;2;stop;stop;1.0;True;91
13;7;222;2;2;stop;stop;1.0;True;117
13;8;240;2;2;stop;stop;1.0;True;110
13;9;158;2;2;stop;stop;1.0;True;114
14;0;84;7;7;stop;stop;1.0;True;850
14;1;182;7;7;stop;stop;1.0;True;92
14;2;204;7;7;stop;stop;1.0;True;79
14;3;209;7;7;stop;stop;1.0;True;83
14;4;203;7;7;stop;stop;1.0;True;96
14;5;160;7;7;stop;stop;1.0;True;77
14;6;197;7;7;stop;stop;1.0;True;898
14;7;167;7;7;stop;stop;1.0;True;115
14;8;191;7;7;stop;stop;1.0;True;90
14;9;259;7;7;stop;stop;1.0;True;101
15;0;208;70;70;stop;stop;1.0;True;138
15;1;207;70;70;stop;stop;1.0;True;116
15;2;327;70;70;stop;stop;1.0;True;121
15;3;250;70;70;stop;stop;1.0;True;144
15;4;197;70;70;stop;stop;1.0;True;121
15;5;137;70;70;stop;stop;1.0;True;583
15;6;309;70;70;stop;stop;1.0;True;62
15;7;238;70;70;stop;stop;1.0;True;133
15;8;240;70;70;stop;stop;1.0;True;140
15;9;204;70;70;stop;stop;1.0;True;147
16;0;211;345;345;stop;stop;1.0;True;127
16;1;358;345;345;stop;stop;1.0;True;110
16;2;179;345;345;stop;stop;1.0;True;116
16;3;246;345;345;stop;stop;1.0;True;138
16;4;173;345;345;stop;stop;1.0;True;58
16;5;225;345;345;stop;stop;1.0;True;137
16;6;258;345;345;stop;stop;1.0;True;82
16;7;209;345;345;stop;stop;1.0;True;57
16;8;315;345;345;stop;stop;1.0;True;131
16;9;225;345;345;stop;stop;1.0;True;88
17;0;1070;266;;stop;length;0.0;False;424
17;1;382;266;47;stop;length;0.3;False;284
17;2;718;266;;stop;length;0.0;False;244
17;3;543;266;;stop;length;0.0;False;212
17;4;322;266;;stop;length;0.0;False;267
17;5;321;266;;stop;length;0.0;False;158
17;6;404;266;47;stop;length;0.3;False;279
17;7;492;266;415;stop;length;0.1;False;321
17;8;545;266;;stop;length;0.0;False;304
17;9;430;266;47;stop;length;0.3;False;227
18;0;169;54;54;stop;stop;1.0;True;192
18;1;204;54;54;stop;stop;1.0;True;193
18;2;136;54;54;stop;stop;1.0;True;79
18;3;204;54;54;stop;stop;1.0;True;102
18;4;190;54;54;stop;stop;1.0;True;100
18;5;146;54;54;stop;stop;1.0;True;81
18;6;183;54;54;stop;stop;1.0;True;98
18;7;157;54;54;stop;stop;1.0;True;94
18;8;219;54;54;stop;stop;1.0;True;74
18;9;204;54;54;stop;stop;1.0;True;98
19;0;134;807;807;stop;stop;1.0;True;94
19;1;133;807;807;stop;stop;1.0;True;87
19;2;104;807;807;stop;stop;1.0;True;109
19;3;134;807;807;stop;stop;1.0;True;88
19;4;195;807;807;stop;stop;1.0;True;108
19;5;134;807;807;stop;stop;1.0;True;84
19;6;160;807;807;stop;stop;1.0;True;84
19;7;160;807;807;stop;stop;1.0;True;90
19;8;175;807;807;stop;stop;1.0;True;83
19;9;135;807;807;stop;stop;1.0;True;83
20;0;163;3;3;stop;stop;1.0;True;105
20;1;172;3;3;stop;stop;1.0;True;100
20;2;173;3;3;stop;stop;1.0;True;75
20;3;183;3;3;stop;stop;1.0;True;99
20;4;165;3;3;stop;stop;1.0;True;80
20;5;141;3;3;stop;stop;1.0;True;61
20;6;105;3;3;stop;stop;1.0;True;83
20;7;146;3;3;stop;stop;1.0;True;72
20;8;181;3;3;stop;stop;1.0;True;115
20;9;193;3;3;stop;stop;1.0;True;78
30;0;170;14;14;stop;stop;0.8;True;129
30;1;213;14;14;stop;stop;0.8;True;81
30;2;219;14;14;stop;stop;0.8;True;135
30;3;308;14;16;stop;stop;0.1;False;169
30;4;212;14;14;stop;stop;0.8;True;104
30;5;235;14;14;stop;stop;0.8;True;158
30;6;243;14;12;stop;stop;0.1;False;174
30;7;127;14;14;stop;stop;0.8;True;87
30;8;185;14;14;stop;stop;0.8;True;80
30;9;129;14;14;stop;stop;0.8;True;126
31;0;211;2;2;stop;stop;1.0;True;135
31;1;159;2;2;stop;stop;1.0;True;153
31;2;149;2;2;stop;stop;1.0;True;94
31;3;175;2;2;stop;stop;1.0;True;92
31;4;180;2;2;stop;stop;1.0;True;91
31;5;179;2;2;stop;stop;1.0;True;115
31;6;246;2;2;stop;stop;1.0;True;92
31;7;145;2;2;stop;stop;1.0;True;102
31;8;212;2;2;stop;stop;1.0;True;120
31;9;187;2;2;stop;stop;1.0;True;85
32;0;185;7;7;stop;stop;1.0;True;172
32;1;134;7;7;stop;stop;1.0;True;117
32;2;195;7;7;stop;stop;1.0;True;179
32;3;167;7;7;stop;stop;1.0;True;109
32;4;194;7;7;stop;stop;1.0;True;76
32;5;180;7;7;stop;stop;1.0;True;79
32;6;208;7;7;stop;stop;1.0;True;163
32;7;184;7;7;stop;stop;1.0;True;80
32;8;185;7;7;stop;stop;1.0;True;119
32;9;163;7;7;stop;stop;1.0;True;103
33;0;85;12;12;stop;stop;0.4;True;117
33;1;279;12;59;stop;stop;0.6;False;182
33;2;311;12;12;stop;stop;0.4;True;120
33;3;176;12;12;stop;stop;0.4;True;157
33;4;201;12;59;stop;stop;0.6;False;132
33;5;217;12;59;stop;stop;0.6;False;160
33;6;337;12;12;stop;stop;0.4;True;284
33;7;285;12;59;stop;stop;0.6;False;142
33;8;260;12;59;stop;stop;0.6;False;131
33;9;200;12;59;stop;stop;0.6;False;168
34;0;203;21;21;stop;stop;1.0;True;124
34;1;159;21;21;stop;stop;1.0;True;107
34;2;122;21;21;stop;stop;1.0;True;100
34;3;220;21;21;stop;stop;1.0;True;63
34;4;129;21;21;stop;stop;1.0;True;76
34;5;256;21;21;stop;stop;1.0;True;87
34;6;207;21;21;stop;stop;1.0;True;79
34;7;164;21;21;stop;stop;1.0;True;74
34;8;212;21;21;stop;stop;1.0;True;99
34;9;180;21;21;stop;stop;1.0;True;98
35;0;231;14;14;stop;stop;1.0;True;117
35;1;206;14;14;stop;stop;1.0;True;173
35;2;173;14;14;stop;stop;1.0;True;127
35;3;262;14;14;stop;stop;1.0;True;162
35;4;177;14;14;stop;stop;1.0;True;147
35;5;179;14;14;stop;stop;1.0;True;137
35;6;208;14;14;stop;stop;1.0;True;241
35;7;212;14;14;stop;stop;1.0;True;185
35;8;198;14;14;stop;stop;1.0;True;146
35;9;276;14;14;stop;stop;1.0;True;102
36;0;169;2;2;stop;stop;1.0;True;127
36;1;264;2;2;stop;stop;1.0;True;152
36;2;174;2;2;stop;stop;1.0;True;93
36;3;190;2;2;stop;stop;1.0;True;130
36;4;236;2;2;stop;stop;1.0;True;145
36;5;239;2;2;stop;stop;1.0;True;108
36;6;166;2;2;stop;stop;1.0;True;127
36;7;229;2;2;stop;stop;1.0;True;151
36;8;201;2;2;stop;stop;1.0;True;124
36;9;143;2;2;stop;stop;1.0;True;114
37;0;213;51;51;stop;stop;1.0;True;86
37;1;141;51;51;stop;stop;1.0;True;72
37;2;154;51;51;stop;stop;1.0;True;53
37;3;151;51;51;stop;stop;1.0;True;55
37;4;155;51;51;stop;stop;1.0;True;84
37;5;127;51;51;stop;stop;1.0;True;80
37;6;170;51;51;stop;stop;1.0;True;69
37;7;205;51;51;stop;stop;1.0;True;73
37;8;184;51;51;stop;stop;1.0;True;91
37;9;164;51;51;stop;stop;1.0;True;96
38;0;199;2;2;stop;stop;1.0;True;93
38;1;226;2;2;stop;stop;1.0;True;115
38;2;216;2;2;stop;stop;1.0;True;94
38;3;219;2;2;stop;stop;1.0;True;125
38;4;249;2;2;stop;stop;1.0;True;101
38;5;121;2;2;stop;stop;1.0;True;98
38;6;177;2;2;stop;stop;1.0;True;120
38;7;94;2;2;stop;stop;1.0;True;68
38;8;262;2;2;stop;stop;1.0;True;98
38;9;181;2;2;stop;stop;1.0;True;89
39;0;335;15;15;stop;stop;0.7;True;195
39;1;337;15;15;stop;stop;0.7;True;161
39;2;267;15;10;stop;stop;0.2;False;156
39;3;493;15;15;stop;stop;0.7;True;150
39;4;191;15;14;stop;stop;0.1;False;74
39;5;240;15;15;stop;stop;0.7;True;151
39;6;344;15;10;stop;stop;0.2;False;108
39;7;220;15;15;stop;stop;0.7;True;80
39;8;200;15;15;stop;stop;0.7;True;75
39;9;256;15;15;stop;stop;0.7;True;163
91;0;149;47;47;stop;stop;1.0;True;55
91;1;285;47;47;stop;stop;1.0;True;148
91;2;169;47;47;stop;stop;1.0;True;104
91;3;247;47;47;stop;stop;1.0;True;181
91;4;147;47;47;stop;stop;1.0;True;87
91;5;140;47;47;stop;stop;1.0;True;92
91;6;135;47;47;stop;stop;1.0;True;71
91;7;157;47;47;stop;stop;1.0;True;88
91;8;141;47;47;stop;stop;1.0;True;87
91;9;146;47;47;stop;stop;1.0;True;91
92;0;231;5590;5590;stop;stop;1.0;True;120
92;1;281;5590;5590;stop;stop;1.0;True;132
92;2;376;5590;5590;stop;stop;1.0;True;81
92;3;199;5590;5590;stop;stop;1.0;True;114
92;4;192;5590;5590;stop;stop;1.0;True;100
92;5;244;5590;5590;stop;stop;1.0;True;169
92;6;191;5590;5590;stop;stop;1.0;True;190
92;7;200;5590;5590;stop;stop;1.0;True;176
92;8;241;5590;5590;stop;stop;1.0;True;97
92;9;331;5590;5590;stop;stop;1.0;True;175
93;0;230;1;1;stop;stop;1.0;True;123
93;1;191;1;1;stop;stop;1.0;True;80
93;2;204;1;1;stop;stop;1.0;True;97
93;3;189;1;1;stop;stop;1.0;True;121
93;4;186;1;1;stop;stop;1.0;True;98
93;5;219;1;1;stop;stop;1.0;True;146
93;6;200;1;1;stop;stop;1.0;True;113
93;7;194;1;1;stop;stop;1.0;True;119
93;8;191;1;1;stop;stop;1.0;True;97
93;9;200;1;1;stop;stop;1.0;True;104
94;0;216;1;3;stop;stop;0.8;False;125
94;1;229;1;1;stop;stop;0.2;True;87
94;2;369;1;3;stop;stop;0.8;False;156
94;3;240;1;3;stop;stop;0.8;False;170
94;4;196;1;3;stop;stop;0.8;False;92
94;5;232;1;1;stop;stop;0.2;True;143
94;6;551;1;3;stop;stop;0.8;False;94
94;7;248;1;3;stop;stop;0.8;False;108
94;8;199;1;3;stop;stop;0.8;False;88
94;9;272;1;3;stop;stop;0.8;False;127
95;0;167;49;49;stop;stop;1.0;True;112
95;1;264;49;49;stop;stop;1.0;True;91
95;2;271;49;49;stop;stop;1.0;True;149
95;3;168;49;49;stop;stop;1.0;True;93
95;4;191;49;49;stop;stop;1.0;True;119
95;5;189;49;49;stop;stop;1.0;True;48
95;6;224;49;49;stop;stop;1.0;True;139
95;7;152;49;49;stop;stop;1.0;True;90
95;8;227;49;49;stop;stop;1.0;True;135
95;9;189;49;49;stop;stop;1.0;True;136
96;0;300;9;9;stop;stop;1.0;True;156
96;1;244;9;9;stop;stop;1.0;True;91
96;2;203;9;9;stop;stop;1.0;True;104
96;3;269;9;9;stop;stop;1.0;True;138
96;4;256;9;9;stop;stop;1.0;True;117
96;5;240;9;9;stop;stop;1.0;True;124
96;6;265;9;9;stop;stop;1.0;True;126
96;7;225;9;9;stop;stop;1.0;True;116
96;8;202;9;9;stop;stop;1.0;True;165
96;9;231;9;9;stop;stop;1.0;True;130
97;0;167;78;78;stop;stop;1.0;True;102
97;1;167;78;78;stop;stop;1.0;True;85
97;2;170;78;78;stop;stop;1.0;True;99
97;3;233;78;78;stop;stop;1.0;True;66
97;4;170;78;78;stop;stop;1.0;True;98
97;5;160;78;78;stop;stop;1.0;True;78
97;6;123;78;78;stop;stop;1.0;True;74
97;7;193;78;78;stop;stop;1.0;True;52
97;8;164;78;78;stop;stop;1.0;True;149
97;9;178;78;78;stop;stop;1.0;True;98
98;0;130;34;34;stop;stop;1.0;True;135
98;1;168;34;34;stop;stop;1.0;True;121
98;2;172;34;34;stop;stop;1.0;True;72
98;3;155;34;34;stop;stop;1.0;True;108
98;4;166;34;34;stop;stop;1.0;True;132
98;5;179;34;34;stop;stop;1.0;True;92
98;6;152;34;34;stop;stop;1.0;True;128
98;7;144;34;34;stop;stop;1.0;True;119
98;8;180;34;34;stop;stop;1.0;True;114
98;9;146;34;34;stop;stop;1.0;True;108
99;0;199;7;7;stop;stop;1.0;True;109
99;1;156;7;7;stop;stop;1.0;True;128
99;2;189;7;7;stop;stop;1.0;True;132
99;3;267;7;7;stop;stop;1.0;True;107
99;4;232;7;7;stop;stop;1.0;True;89
99;5;184;7;7;stop;stop;1.0;True;53
99;6;190;7;7;stop;stop;1.0;True;123
99;7;157;7;7;stop;stop;1.0;True;133
99;8;247;7;7;stop;stop;1.0;True;70
99;9;175;7;7;stop;stop;1.0;True;119
81;0;219;20;20;stop;stop;1.0;True;100
81;1;135;20;20;stop;stop;1.0;True;97
81;2;129;20;20;stop;stop;1.0;True;101
81;3;189;20;20;stop;stop;1.0;True;97
81;4;161;20;20;stop;stop;1.0;True;101
81;5;150;20;20;stop;stop;1.0;True;90
81;6;116;20;20;stop;stop;1.0;True;103
81;7;156;20;20;stop;stop;1.0;True;105
81;8;108;20;20;stop;stop;1.0;True;81
81;9;130;20;20;stop;stop;1.0;True;109
82;0;400;8722;8722;stop;stop;0.9;True;66
82;1;250;8722;7252;stop;stop;0.1;False;156
82;2;174;8722;8722;stop;stop;0.9;True;103
82;3;268;8722;8722;stop;stop;0.9;True;102
82;4;205;8722;8722;stop;stop;0.9;True;144
82;5;249;8722;8722;stop;stop;0.9;True;100
82;6;187;8722;8722;stop;stop;0.9;True;81
82;7;232;8722;8722;stop;stop;0.9;True;115
82;8;302;8722;8722;stop;stop;0.9;True;98
82;9;212;8722;8722;stop;stop;0.9;True;84
83;0;159;5;5;stop;stop;1.0;True;108
83;1;192;5;5;stop;stop;1.0;True;99
83;2;151;5;5;stop;stop;1.0;True;76
83;3;159;5;5;stop;stop;1.0;True;111
83;4;211;5;5;stop;stop;1.0;True;121
83;5;194;5;5;stop;stop;1.0;True;76
83;6;149;5;5;stop;stop;1.0;True;79
83;7;159;5;5;stop;stop;1.0;True;77
83;8;221;5;5;stop;stop;1.0;True;78
83;9;150;5;5;stop;stop;1.0;True;78
84;0;203;83;83;stop;stop;1.0;True;107
84;1;187;83;83;stop;stop;1.0;True;62
84;2;208;83;83;stop;stop;1.0;True;83
84;3;97;83;83;stop;stop;1.0;True;73
84;4;92;83;83;stop;stop;1.0;True;82
84;5;206;83;83;stop;stop;1.0;True;97
84;6;185;83;83;stop;stop;1.0;True;91
84;7;139;83;83;stop;stop;1.0;True;123
84;8;134;83;83;stop;stop;1.0;True;84
84;9;190;83;83;stop;stop;1.0;True;70
85;0;219;29;29;stop;stop;1.0;True;49
85;1;252;29;29;stop;stop;1.0;True;89
85;2;266;29;29;stop;stop;1.0;True;92
85;3;184;29;29;stop;stop;1.0;True;72
85;4;177;29;29;stop;stop;1.0;True;83
85;5;178;29;29;stop;stop;1.0;True;75
85;6;163;29;29;stop;stop;1.0;True;131
85;7;145;29;29;stop;stop;1.0;True;131
85;8;144;29;29;stop;stop;1.0;True;76
85;9;176;29;29;stop;stop;1.0;True;115
86;0;158;53;53;stop;stop;1.0;True;62
86;1;283;53;53;stop;stop;1.0;True;94
86;2;188;53;53;stop;stop;1.0;True;63
86;3;148;53;53;stop;stop;1.0;True;87
86;4;221;53;53;stop;stop;1.0;True;96
86;5;162;53;53;stop;stop;1.0;True;67
86;6;83;53;53;stop;stop;1.0;True;1171
86;7;143;53;53;stop;stop;1.0;True;708
86;8;178;53;53;stop;stop;1.0;True;77
86;9;158;53;53;stop;stop;1.0;True;114
87;0;149;3;3;stop;stop;1.0;True;93
87;1;131;3;3;stop;stop;1.0;True;88
87;2;147;3;3;stop;stop;1.0;True;129
87;3;133;3;3;stop;stop;1.0;True;101
87;4;95;3;3;stop;stop;1.0;True;1036
87;5;169;3;3;stop;stop;1.0;True;93
87;6;139;3;3;stop;stop;1.0;True;85
87;7;167;3;3;stop;stop;1.0;True;73
87;8;178;3;3;stop;stop;1.0;True;89
87;9;156;3;3;stop;stop;1.0;True;113
88;0;186;33;33;stop;stop;1.0;True;138
88;1;187;33;33;stop;stop;1.0;True;89
88;2;192;33;33;stop;stop;1.0;True;132
88;3;237;33;33;stop;stop;1.0;True;109
88;4;226;33;33;stop;stop;1.0;True;134
88;5;129;33;33;stop;stop;1.0;True;271
88;6;185;33;33;stop;stop;1.0;True;152
88;7;245;33;33;stop;stop;1.0;True;149
88;8;206;33;33;stop;stop;1.0;True;95
88;9;207;33;33;stop;stop;1.0;True;102
89;0;188;1;1;stop;stop;1.0;True;73
89;1;188;1;1;stop;stop;1.0;True;87
89;2;188;1;1;stop;stop;1.0;True;112
89;3;244;1;1;stop;stop;1.0;True;90
89;4;195;1;1;stop;stop;1.0;True;93
89;5;181;1;1;stop;stop;1.0;True;91
89;6;170;1;1;stop;stop;1.0;True;96
89;7;221;1;1;stop;stop;1.0;True;88
89;8;233;1;1;stop;stop;1.0;True;89
89;9;181;1;1;stop;stop;1.0;True;120
90;0;179;16;16;stop;stop;1.0;True;90
90;1;184;16;16;stop;stop;1.0;True;116
90;2;148;16;16;stop;stop;1.0;True;98
90;3;185;16;16;stop;stop;1.0;True;75
90;4;211;16;16;stop;stop;1.0;True;130
90;5;231;16;16;stop;stop;1.0;True;101
90;6;155;16;16;stop;stop;1.0;True;86
90;7;147;16;16;stop;stop;1.0;True;92
90;8;209;16;16;stop;stop;1.0;True;108
90;9;178;16;16;stop;stop;1.0;True;96
61;0;189;45;45;stop;stop;1.0;True;100
61;1;215;45;45;stop;stop;1.0;True;83
61;2;243;45;45;stop;stop;1.0;True;111
61;3;303;45;45;stop;stop;1.0;True;122
61;4;197;45;45;stop;stop;1.0;True;88
61;5;265;45;45;stop;stop;1.0;True;93
61;6;224;45;45;stop;stop;1.0;True;92
61;7;186;45;45;stop;stop;1.0;True;103
61;8;227;45;45;stop;stop;1.0;True;132
61;9;199;45;45;stop;stop;1.0;True;101
62;0;188;10;;stop;stop;0.0;False;118
62;1;203;10;10;stop;stop;0.6;True;106
62;2;149;10;10;stop;stop;0.6;True;71
62;3;152;10;0;stop;stop;0.3;False;113
62;4;156;10;10;stop;stop;0.6;True;107
62;5;135;10;10;stop;stop;0.6;True;92
62;6;150;10;0;stop;stop;0.3;False;126
62;7;281;10;10;stop;stop;0.6;True;144
62;8;178;10;10;stop;stop;0.6;True;98
62;9;220;10;0;stop;stop;0.3;False;105
63;0;196;52;52;stop;stop;0.6;True;79
63;1;385;52;88;stop;stop;0.4;False;75
63;2;173;52;52;stop;stop;0.6;True;123
63;3;183;52;52;stop;stop;0.6;True;99
63;4;229;52;88;stop;stop;0.4;False;213
63;5;175;52;52;stop;stop;0.6;True;90
63;6;413;52;88;stop;stop;0.4;False;243
63;7;221;52;52;stop;stop;0.6;True;77
63;8;222;52;52;stop;stop;0.6;True;81
63;9;241;52;88;stop;stop;0.4;False;129
64;0;233;2;2;stop;stop;1.0;True;120
64;1;198;2;2;stop;stop;1.0;True;63
64;2;286;2;2;stop;stop;1.0;True;95
64;3;173;2;2;stop;stop;1.0;True;58
64;4;257;2;2;stop;stop;1.0;True;85
64;5;233;2;2;stop;stop;1.0;True;92
64;6;257;2;2;stop;stop;1.0;True;53
64;7;219;2;2;stop;stop;1.0;True;70
64;8;193;2;2;stop;stop;1.0;True;94
64;9;156;2;2;stop;stop;1.0;True;95
65;0;248;6;6;stop;stop;1.0;True;167
65;1;255;6;6;stop;stop;1.0;True;152
65;2;276;6;6;stop;stop;1.0;True;93
65;3;294;6;6;stop;stop;1.0;True;131
65;4;235;6;6;stop;stop;1.0;True;144
65;5;294;6;6;stop;stop;1.0;True;146
65;6;153;6;6;stop;stop;1.0;True;125
65;7;266;6;6;stop;stop;1.0;True;134
65;8;232;6;6;stop;stop;1.0;True;119
65;9;166;6;6;stop;stop;1.0;True;174
66;0;177;16;16;stop;stop;0.8;True;95
66;1;167;16;16;stop;stop;0.8;True;143
66;2;258;16;16;stop;stop;0.8;True;64
66;3;136;16;16;stop;stop;0.8;True;97
66;4;238;16;21;stop;stop;0.1;False;101
66;5;181;16;16;stop;stop;0.8;True;103
66;6;167;16;16;stop;stop;0.8;True;85
66;7;146;16;26;stop;stop;0.1;False;102
66;8;194;16;16;stop;stop;0.8;True;104
66;9;188;16;16;stop;stop;0.8;True;93
67;0;170;469;469;stop;stop;1.0;True;80
67;1;209;469;469;stop;stop;1.0;True;170
67;2;199;469;469;stop;stop;1.0;True;189
67;3;173;469;469;stop;stop;1.0;True;168
67;4;150;469;469;stop;stop;1.0;True;165
67;5;176;469;469;stop;stop;1.0;True;150
67;6;165;469;469;stop;stop;1.0;True;163
67;7;174;469;469;stop;stop;1.0;True;156
67;8;237;469;469;stop;stop;1.0;True;152
67;9;217;469;469;stop;stop;1.0;True;153
68;0;220;12518;12518;stop;stop;1.0;True;96
68;1;249;12518;12518;stop;stop;1.0;True;82
68;2;146;12518;12518;stop;stop;1.0;True;107
68;3;213;12518;12518;stop;stop;1.0;True;100
68;4;146;12518;12518;stop;stop;1.0;True;107
68;5;186;12518;12518;stop;stop;1.0;True;100
68;6;334;12518;12518;stop;stop;1.0;True;105
68;7;157;12518;12518;stop;stop;1.0;True;100
68;8;207;12518;12518;stop;stop;1.0;True;97
68;9;172;12518;12518;stop;stop;1.0;True;100
69;0;141;1;1;stop;stop;1.0;True;79
69;1;230;1;1;stop;stop;1.0;True;107
69;2;160;1;1;stop;stop;1.0;True;66
69;3;158;1;1;stop;stop;1.0;True;87
69;4;206;1;1;stop;stop;1.0;True;67
69;5;189;1;1;stop;stop;1.0;True;91
69;6;173;1;1;stop;stop;1.0;True;55
69;7;228;1;1;stop;stop;1.0;True;64
69;8;200;1;1;stop;stop;1.0;True;76
69;9;139;1;1;stop;stop;1.0;True;62
111;0;270;2;2;stop;stop;1.0;True;105
111;1;175;2;2;stop;stop;1.0;True;111
111;2;212;2;2;stop;stop;1.0;True;85
111;3;204;2;2;stop;stop;1.0;True;107
111;4;189;2;2;stop;stop;1.0;True;93
111;5;164;2;2;stop;stop;1.0;True;70
111;6;189;2;2;stop;stop;1.0;True;94
111;7;160;2;2;stop;stop;1.0;True;93
111;8;140;2;2;stop;stop;1.0;True;80
111;9;108;2;2;stop;stop;1.0;True;132
112;0;229;14;14;stop;stop;1.0;True;74
112;1;210;14;14;stop;stop;1.0;True;89
112;2;193;14;14;stop;stop;1.0;True;66
112;3;171;14;14;stop;stop;1.0;True;75
112;4;127;14;14;stop;stop;1.0;True;83
112;5;335;14;14;stop;stop;1.0;True;66
112;6;236;14;14;stop;stop;1.0;True;81
112;7;158;14;14;stop;stop;1.0;True;72
112;8;180;14;14;stop;stop;1.0;True;70
112;9;180;14;14;stop;stop;1.0;True;100
113;0;189;89;89;stop;stop;1.0;True;67
113;1;156;89;89;stop;stop;1.0;True;124
113;2;203;89;89;stop;stop;1.0;True;92
113;3;115;89;89;stop;stop;1.0;True;95
113;4;149;89;89;stop;stop;1.0;True;87
113;5;254;89;89;stop;stop;1.0;True;79
113;6;211;89;89;stop;stop;1.0;True;92
113;7;178;89;89;stop;stop;1.0;True;80
113;8;193;89;89;stop;stop;1.0;True;92
113;9;169;89;89;stop;stop;1.0;True;70
114;0;143;20;20;stop;stop;1.0;True;114
114;1;260;20;20;stop;stop;1.0;True;169
114;2;167;20;20;stop;stop;1.0;True;79
114;3;155;20;20;stop;stop;1.0;True;120
114;4;163;20;20;stop;stop;1.0;True;115
114;5;138;20;20;stop;stop;1.0;True;114
114;6;146;20;20;stop;stop;1.0;True;105
114;7;190;20;20;stop;stop;1.0;True;43
114;8;176;20;20;stop;stop;1.0;True;108
114;9;185;20;20;stop;stop;1.0;True;148
115;0;115;7;7;stop;stop;1.0;True;68
115;1;100;7;7;stop;stop;1.0;True;88
115;2;143;7;7;stop;stop;1.0;True;70
115;3;198;7;7;stop;stop;1.0;True;101
115;4;183;7;7;stop;stop;1.0;True;82
115;5;178;7;7;stop;stop;1.0;True;62
115;6;160;7;7;stop;stop;1.0;True;90
115;7;189;7;7;stop;stop;1.0;True;89
115;8;203;7;7;stop;stop;1.0;True;68
115;9;135;7;7;stop;stop;1.0;True;82
116;0;161;1;1;stop;stop;1.0;True;89
116;1;125;1;1;stop;stop;1.0;True;110
116;2;128;1;1;stop;stop;1.0;True;84
116;3;168;1;1;stop;stop;1.0;True;102
116;4;151;1;1;stop;stop;1.0;True;100
116;5;142;1;1;stop;stop;1.0;True;90
116;6;201;1;1;stop;stop;1.0;True;79
116;7;135;1;1;stop;stop;1.0;True;81
116;8;136;1;1;stop;stop;1.0;True;108
116;9;190;1;1;stop;stop;1.0;True;104
117;0;178;16;16;stop;stop;1.0;True;87
117;1;177;16;16;stop;stop;1.0;True;117
117;2;142;16;16;stop;stop;1.0;True;85
117;3;202;16;16;stop;stop;1.0;True;61
117;4;168;16;16;stop;stop;1.0;True;86
117;5;193;16;16;stop;stop;1.0;True;106
117;6;111;16;16;stop;stop;1.0;True;84
117;7;216;16;16;stop;stop;1.0;True;108
117;8;169;16;16;stop;stop;1.0;True;125
117;9;174;16;16;stop;stop;1.0;True;95
118;0;182;21;21;stop;stop;1.0;True;112
118;1;126;21;21;stop;stop;1.0;True;85
118;2;174;21;21;stop;stop;1.0;True;98
118;3;163;21;21;stop;stop;1.0;True;86
118;4;167;21;21;stop;stop;1.0;True;90
118;5;149;21;21;stop;stop;1.0;True;107
118;6;170;21;21;stop;stop;1.0;True;116
118;7;137;21;21;stop;stop;1.0;True;115
118;8;135;21;21;stop;stop;1.0;True;132
118;9;166;21;21;stop;stop;1.0;True;74
119;0;240;3;3;stop;stop;1.0;True;109
119;1;182;3;3;stop;stop;1.0;True;94
119;2;237;3;3;stop;stop;1.0;True;110
119;3;184;3;3;stop;stop;1.0;True;110
119;4;184;3;3;stop;stop;1.0;True;87
119;5;203;3;3;stop;stop;1.0;True;93
119;6;240;3;3;stop;stop;1.0;True;78
119;7;261;3;3;stop;stop;1.0;True;84
119;8;297;3;3;stop;stop;1.0;True;103
119;9;252;3;3;stop;stop;1.0;True;112
100;0;147;24;24;stop;stop;1.0;True;81
100;1;177;24;24;stop;stop;1.0;True;90
100;2;160;24;24;stop;stop;1.0;True;92
100;3;157;24;24;stop;stop;1.0;True;100
100;4;156;24;24;stop;stop;1.0;True;108
100;5;160;24;24;stop;stop;1.0;True;91
100;6;145;24;24;stop;stop;1.0;True;62
100;7;109;24;24;stop;stop;1.0;True;116
100;8;122;24;24;stop;stop;1.0;True;115
100;9;155;24;24;stop;stop;1.0;True;61
101;0;168;34;34;stop;stop;1.0;True;99
101;1;182;34;34;stop;stop;1.0;True;121
101;2;141;34;34;stop;stop;1.0;True;101
101;3;143;34;34;stop;stop;1.0;True;115
101;4;175;34;34;stop;stop;1.0;True;96
101;5;211;34;34;stop;stop;1.0;True;103
101;6;156;34;34;stop;stop;1.0;True;83
101;7;241;34;34;stop;stop;1.0;True;120
101;8;220;34;34;stop;stop;1.0;True;110
101;9;163;34;34;stop;stop;1.0;True;135
102;0;193;10;10;stop;stop;1.0;True;111
102;1;123;10;10;stop;stop;1.0;True;112
102;2;154;10;10;stop;stop;1.0;True;91
102;3;210;10;10;stop;stop;1.0;True;166
102;4;145;10;10;stop;stop;1.0;True;141
102;5;322;10;10;stop;stop;1.0;True;116
102;6;146;10;10;stop;stop;1.0;True;109
102;7;120;10;10;stop;stop;1.0;True;585
102;8;275;10;10;stop;stop;1.0;True;117
102;9;134;10;10;stop;stop;1.0;True;100
103;0;197;14;14;stop;stop;1.0;True;60
103;1;159;14;14;stop;stop;1.0;True;84
103;2;165;14;14;stop;stop;1.0;True;74
103;3;193;14;14;stop;stop;1.0;True;77
103;4;92;14;14;stop;stop;1.0;True;74
103;5;201;14;14.0;stop;stop;1.0;True;36
103;6;210;14;14;stop;stop;1.0;True;60
103;7;152;14;14.0;stop;stop;1.0;True;67
103;8;278;14;14;stop;stop;1.0;True;75
103;9;188;14;14;stop;stop;1.0;True;59
104;0;289;10;86;stop;stop;0.1;False;135
104;1;165;10;860;stop;stop;0.3;False;119
104;2;558;10;860;stop;stop;0.3;False;185
104;3;268;10;10;stop;stop;0.5;True;87
104;4;195;10;10;stop;stop;0.5;True;127
104;5;301;10;860;stop;stop;0.3;False;122
104;6;183;10;10;stop;stop;0.5;True;93
104;7;322;10;4;stop;stop;0.1;False;196
104;8;145;10;10;stop;stop;0.5;True;74
104;9;205;10;10;stop;stop;0.5;True;52
105;0;173;15;15;stop;stop;1.0;True;94
105;1;167;15;15;stop;stop;1.0;True;81
105;2;141;15;15;stop;stop;1.0;True;74
105;3;145;15;15;stop;stop;1.0;True;112
105;4;163;15;15;stop;stop;1.0;True;77
105;5;211;15;15;stop;stop;1.0;True;80
105;6;175;15;15;stop;stop;1.0;True;46
105;7;182;15;15;stop;stop;1.0;True;170
105;8;323;15;15;stop;stop;1.0;True;222
105;9;213;15;15;stop;stop;1.0;True;101
106;0;198;621;621;stop;stop;1.0;True;72
106;1;167;621;621;stop;stop;1.0;True;89
106;2;178;621;621;stop;stop;1.0;True;81
106;3;215;621;621;stop;stop;1.0;True;88
106;4;204;621;621;stop;stop;1.0;True;79
106;5;179;621;621;stop;stop;1.0;True;137
106;6;184;621;621;stop;stop;1.0;True;96
106;7;182;621;621;stop;stop;1.0;True;87
106;8;279;621;621;stop;stop;1.0;True;97
106;9;265;621;621;stop;stop;1.0;True;77
107;0;176;1;1;stop;stop;1.0;True;84
107;1;164;1;1;stop;stop;1.0;True;71
107;2;177;1;1;stop;stop;1.0;True;72
107;3;138;1;1;stop;stop;1.0;True;84
107;4;246;1;1;stop;stop;1.0;True;83
107;5;216;1;1;stop;stop;1.0;True;58
107;6;74;1;1;stop;stop;1.0;True;397
107;7;226;1;1;stop;stop;1.0;True;43
107;8;188;1;1;stop;stop;1.0;True;87
107;9;152;1;1;stop;stop;1.0;True;88
108;0;117;2;2;stop;stop;1.0;True;86
108;1;183;2;2;stop;stop;1.0;True;93
108;2;222;2;2;stop;stop;1.0;True;123
108;3;136;2;2;stop;stop;1.0;True;124
108;4;91;2;2;stop;stop;1.0;True;90
108;5;143;2;2;stop;stop;1.0;True;94
108;6;129;2;2;stop;stop;1.0;True;129
108;7;199;2;2;stop;stop;1.0;True;109
108;8;179;2;2;stop;stop;1.0;True;87
108;9;139;2;2;stop;stop;1.0;True;72
109;0;163;14;14;stop;stop;1.0;True;85
109;1;114;14;14;stop;stop;1.0;True;87
109;2;161;14;14;stop;stop;1.0;True;98
109;3;131;14;14;stop;stop;1.0;True;121
109;4;127;14;14;stop;stop;1.0;True;76
109;5;293;14;14;stop;stop;1.0;True;73
109;6;140;14;14;stop;stop;1.0;True;110
109;7;239;14;14;stop;stop;1.0;True;132
109;8;244;14;14;stop;stop;1.0;True;93
109;9;163;14;14;stop;stop;1.0;True;88
110;0;283;8;8;stop;stop;0.9;True;215
110;1;236;8;8;stop;stop;0.9;True;111
110;2;131;8;8;stop;stop;0.9;True;69
110;3;231;8;8;stop;stop;0.9;True;138
110;4;343;8;8;stop;stop;0.9;True;116
110;5;246;8;8;stop;stop;0.9;True;155
110;6;364;8;8;stop;stop;0.9;True;169
110;7;589;8;6.4;stop;stop;0.1;False;164
110;8;270;8;8;stop;stop;0.9;True;166
110;9;397;8;8;stop;stop;0.9;True;203
120;0;185;5;5;stop;stop;1.0;True;102
120;1;130;5;5;stop;stop;1.0;True;90
120;2;169;5;5;stop;stop;1.0;True;133
120;3;140;5;5;stop;stop;1.0;True;1684
120;4;147;5;5;stop;stop;1.0;True;94
120;5;159;5;5;stop;stop;1.0;True;147
120;6;177;5;5;stop;stop;1.0;True;138
120;7;208;5;5;stop;stop;1.0;True;123
120;8;158;5;5;stop;stop;1.0;True;152
120;9;167;5;5;stop;stop;1.0;True;122
121;0;162;9;9;stop;stop;1.0;True;100
121;1;130;9;9;stop;stop;1.0;True;107
121;2;164;9;9;stop;stop;1.0;True;128
121;3;151;9;9;stop;stop;1.0;True;85
121;4;128;9;9;stop;stop;1.0;True;90
121;5;143;9;9;stop;stop;1.0;True;126
121;6;147;9;9;stop;stop;1.0;True;54
121;7;170;9;9;stop;stop;1.0;True;78
121;8;136;9;9;stop;stop;1.0;True;80
121;9;108;9;9;stop;stop;1.0;True;83
122;0;151;76;76;stop;stop;1.0;True;87
122;1;158;76;76;stop;stop;1.0;True;80
122;2;245;76;76;stop;stop;1.0;True;88
122;3;210;76;76;stop;stop;1.0;True;96
122;4;178;76;76;stop;stop;1.0;True;82
122;5;159;76;76;stop;stop;1.0;True;89
122;6;190;76;76;stop;stop;1.0;True;81
122;7;225;76;76;stop;stop;1.0;True;104
122;8;170;76;76;stop;stop;1.0;True;84
122;9;208;76;76;stop;stop;1.0;True;114
123;0;211;28;28;stop;stop;1.0;True;65
123;1;152;28;28;stop;stop;1.0;True;114
123;2;182;28;28;stop;stop;1.0;True;113
123;3;185;28;28;stop;stop;1.0;True;113
123;4;170;28;28;stop;stop;1.0;True;121
123;5;110;28;28;stop;stop;1.0;True;494
123;6;155;28;28;stop;stop;1.0;True;99
123;7;194;28;28;stop;stop;1.0;True;115
123;8;158;28;28;stop;stop;1.0;True;70
123;9;177;28;28;stop;stop;1.0;True;97
124;0;92;30;30;stop;stop;1.0;True;87
124;1;141;30;30;stop;stop;1.0;True;122
124;2;135;30;30;stop;stop;1.0;True;77
124;3;127;30;30;stop;stop;1.0;True;129
124;4;187;30;30;stop;stop;1.0;True;112
124;5;166;30;30;stop;stop;1.0;True;91
124;6;114;30;30;stop;stop;1.0;True;112
124;7;135;30;30;stop;stop;1.0;True;86
124;8;202;30;30;stop;stop;1.0;True;56
124;9;143;30;30;stop;stop;1.0;True;98
125;0;158;19;19;stop;stop;1.0;True;69
125;1;194;19;19;stop;stop;1.0;True;80
125;2;180;19;19;stop;stop;1.0;True;101
125;3;180;19;19;stop;stop;1.0;True;98
125;4;199;19;19;stop;stop;1.0;True;99
125;5;237;19;19;stop;stop;1.0;True;100
125;6;270;19;19;stop;stop;1.0;True;83
125;7;174;19;19;stop;stop;1.0;True;88
125;8;159;19;19;stop;stop;1.0;True;85
125;9;236;19;19;stop;stop;1.0;True;93
126;0;238;2;2;stop;stop;1.0;True;102
126;1;170;2;2;stop;stop;1.0;True;89
126;2;196;2;2;stop;stop;1.0;True;117
126;3;261;2;2;stop;stop;1.0;True;114
126;4;189;2;2;stop;stop;1.0;True;77
126;5;203;2;2;stop;stop;1.0;True;71
126;6;114;2;2;stop;stop;1.0;True;64
126;7;150;2;2;stop;stop;1.0;True;82
126;8;231;2;2;stop;stop;1.0;True;115
126;9;161;2;2;stop;stop;1.0;True;78
127;0;173;22;22;stop;stop;1.0;True;85
127;1;187;22;22;stop;stop;1.0;True;94
127;2;140;22;22;stop;stop;1.0;True;95
127;3;228;22;22;stop;stop;1.0;True;87
127;4;221;22;22;stop;stop;1.0;True;92
127;5;195;22;22;stop;stop;1.0;True;453
127;6;285;22;22;stop;stop;1.0;True;97
127;7;194;22;22;stop;stop;1.0;True;96
127;8;167;22;22;stop;stop;1.0;True;104
127;9;179;22;22;stop;stop;1.0;True;113
128;0;141;7;7;stop;stop;1.0;True;170
128;1;179;7;7;stop;stop;1.0;True;157
128;2;231;7;7;stop;stop;1.0;True;110
128;3;184;7;7;stop;stop;1.0;True;145
128;4;210;7;7;stop;stop;1.0;True;81
128;5;151;7;7;stop;stop;1.0;True;158
128;6;154;7;7;stop;stop;1.0;True;163
128;7;178;7;7;stop;stop;1.0;True;135
128;8;205;7;7;stop;stop;1.0;True;94
128;9;268;7;7;stop;stop;1.0;True;143
129;0;292;42;42;stop;stop;1.0;True;152
129;1;215;42;42;stop;stop;1.0;True;148
129;2;153;42;42;stop;stop;1.0;True;124
129;3;220;42;42;stop;stop;1.0;True;156
129;4;229;42;42;stop;stop;1.0;True;155
129;5;285;42;42;stop;stop;1.0;True;138
129;6;224;42;42;stop;stop;1.0;True;131
129;7;203;42;42;stop;stop;1.0;True;117
129;8;205;42;42;stop;stop;1.0;True;158
129;9;250;42;42;stop;stop;1.0;True;148
141;0;178;7;7;stop;stop;1.0;True;114
141;1;189;7;7;stop;stop;1.0;True;92
141;2;195;7;7;stop;stop;1.0;True;146
141;3;165;7;7;stop;stop;1.0;True;59
141;4;145;7;7;stop;stop;1.0;True;86
141;5;128;7;7;stop;stop;1.0;True;59
141;6;285;7;7;stop;stop;1.0;True;129
141;7;117;7;7;stop;stop;1.0;True;121
141;8;196;7;7;stop;stop;1.0;True;114
141;9;206;7;7;stop;stop;1.0;True;107
142;0;326;1;1;stop;stop;0.9;True;186
142;1;99;1;1;stop;stop;0.9;True;86
142;2;249;1;1;stop;stop;0.9;True;211
142;3;324;1;6;stop;stop;0.1;False;141
142;4;292;1;1;stop;stop;0.9;True;119
142;5;162;1;1;stop;stop;0.9;True;72
142;6;154;1;1;stop;stop;0.9;True;90
142;7;374;1;1;stop;stop;0.9;True;202
142;8;145;1;1;stop;stop;0.9;True;126
142;9;147;1;1;stop;stop;0.9;True;90
143;0;157;4;4;stop;stop;1.0;True;80
143;1;192;4;4;stop;stop;1.0;True;106
143;2;127;4;4;stop;stop;1.0;True;83
143;3;288;4;4;stop;stop;1.0;True;108
143;4;174;4;4;stop;stop;1.0;True;89
143;5;181;4;4;stop;stop;1.0;True;119
143;6;224;4;4;stop;stop;1.0;True;170
143;7;174;4;4;stop;stop;1.0;True;125
143;8;132;4;4;stop;stop;1.0;True;100
143;9;177;4;4;stop;stop;1.0;True;115
144;0;266;4;4;stop;stop;1.0;True;125
144;1;199;4;4;stop;stop;1.0;True;119
144;2;303;4;4;stop;stop;1.0;True;138
144;3;264;4;4;stop;stop;1.0;True;154
144;4;232;4;4;stop;stop;1.0;True;135
144;5;193;4;4;stop;stop;1.0;True;126
144;6;227;4;4;stop;stop;1.0;True;112
144;7;276;4;4;stop;stop;1.0;True;117
144;8;244;4;4;stop;stop;1.0;True;173
144;9;266;4;4;stop;stop;1.0;True;141
145;0;203;32;32;stop;stop;1.0;True;106
145;1;131;32;32;stop;stop;1.0;True;334
145;2;249;32;32;stop;stop;1.0;True;106
145;3;226;32;32;stop;stop;1.0;True;90
145;4;164;32;32;stop;stop;1.0;True;87
145;5;148;32;32;stop;stop;1.0;True;96
145;6;234;32;32;stop;stop;1.0;True;112
145;7;150;32;32;stop;stop;1.0;True;63
145;8;205;32;32;stop;stop;1.0;True;112
145;9;116;32;32;stop;stop;1.0;True;107
146;0;159;60;60;stop;stop;1.0;True;108
146;1;145;60;60;stop;stop;1.0;True;95
146;2;176;60;60;stop;stop;1.0;True;79
146;3;152;60;60;stop;stop;1.0;True;73
146;4;236;60;60;stop;stop;1.0;True;109
146;5;211;60;60;stop;stop;1.0;True;138
146;6;128;60;60;stop;stop;1.0;True;37
146;7;131;60;60;stop;stop;1.0;True;61
146;8;138;60;60;stop;stop;1.0;True;74
146;9;122;60;60;stop;stop;1.0;True;75
147;0;247;9;9;stop;stop;1.0;True;75
147;1;212;9;9;stop;stop;1.0;True;82
147;2;159;9;9;stop;stop;1.0;True;80
147;3;156;9;9;stop;stop;1.0;True;86
147;4;204;9;9;stop;stop;1.0;True;84
147;5;176;9;9;stop;stop;1.0;True;80
147;6;231;9;9;stop;stop;1.0;True;157
147;7;127;9;9;stop;stop;1.0;True;92
147;8;198;9;9;stop;stop;1.0;True;85
147;9;238;9;9;stop;stop;1.0;True;78
148;0;184;89;89;stop;stop;1.0;True;102
148;1;160;89;89;stop;stop;1.0;True;125
148;2;218;89;89;stop;stop;1.0;True;55
148;3;190;89;89;stop;stop;1.0;True;93
148;4;157;89;89;stop;stop;1.0;True;125
148;5;203;89;89;stop;stop;1.0;True;109
148;6;166;89;89;stop;stop;1.0;True;87
148;7;189;89;89;stop;stop;1.0;True;106
148;8;253;89;89;stop;stop;1.0;True;97
148;9;200;89;89;stop;stop;1.0;True;117
149;0;223;105;105;stop;stop;1.0;True;88
149;1;186;105;105;stop;stop;1.0;True;67
149;2;141;105;105;stop;stop;1.0;True;93
149;3;186;105;105;stop;stop;1.0;True;92
149;4;187;105;105;stop;stop;1.0;True;78
149;5;99;105;105;stop;stop;1.0;True;95
149;6;128;105;105;stop;stop;1.0;True;81
149;7;284;105;105;stop;stop;1.0;True;63
149;8;219;105;105;stop;stop;1.0;True;97
149;9;166;105;105;stop;stop;1.0;True;76
130;0;154;14;14;stop;stop;1.0;True;81
130;1;139;14;14;stop;stop;1.0;True;103
130;2;163;14;14;stop;stop;1.0;True;92
130;3;170;14;14;stop;stop;1.0;True;84
130;4;158;14;14;stop;stop;1.0;True;45
130;5;123;14;14;stop;stop;1.0;True;108
130;6;105;14;14;stop;stop;1.0;True;81
130;7;186;14;14;stop;stop;1.0;True;73
130;8;153;14;14;stop;stop;1.0;True;91
130;9;187;14;14;stop;stop;1.0;True;78
131;0;252;24;24;stop;stop;1.0;True;90
131;1;157;24;24;stop;stop;1.0;True;100
131;2;150;24;24;stop;stop;1.0;True;117
131;3;196;24;24;stop;stop;1.0;True;92
131;4;160;24;24;stop;stop;1.0;True;99
131;5;159;24;24;stop;stop;1.0;True;93
131;6;154;24;24;stop;stop;1.0;True;92
131;7;138;24;24;stop;stop;1.0;True;124
131;8;288;24;24;stop;stop;1.0;True;93
131;9;175;24;24;stop;stop;1.0;True;91
132;0;360;8;1.6;stop;stop;0.8;False;150
132;1;265;8;1.6;stop;stop;0.8;False;162
132;2;248;8;1.6;stop;stop;0.8;False;55
132;3;323;8;1.6;stop;stop;0.8;False;91
132;4;383;8;8;stop;stop;0.2;True;158
132;5;183;8;1.6;stop;stop;0.8;False;109
132;6;249;8;8;stop;stop;0.2;True;139
132;7;294;8;1.6;stop;stop;0.8;False;123
132;8;259;8;1.6;stop;stop;0.8;False;90
132;9;307;8;1.6;stop;stop;0.8;False;158
133;0;354;27;27;stop;stop;0.7;True;174
133;1;838;27;27;stop;stop;0.7;True;74
133;2;613;27;;stop;stop;0.0;False;126
133;3;355;27;27;stop;stop;0.7;True;178
133;4;683;27;;stop;stop;0.0;False;129
133;5;382;27;27;stop;stop;0.7;True;218
133;6;514;27;;stop;stop;0.0;False;172
133;7;314;27;27;stop;stop;0.7;True;164
133;8;308;27;27;stop;stop;0.7;True;125
133;9;353;27;27;stop;stop;0.7;True;125
134;0;211;31;31;stop;stop;1.0;True;47
134;1;207;31;31;stop;stop;1.0;True;100
134;2;212;31;31;stop;stop;1.0;True;109
134;3;235;31;31;stop;stop;1.0;True;108
134;4;304;31;31;stop;stop;1.0;True;131
134;5;195;31;31;stop;stop;1.0;True;99
134;6;256;31;31;stop;stop;1.0;True;83
134;7;203;31;31;stop;stop;1.0;True;152
134;8;194;31;31;stop;stop;1.0;True;117
134;9;216;31;31;stop;stop;1.0;True;95
135;0;143;2;2;stop;stop;1.0;True;73
135;1;146;2;2;stop;stop;1.0;True;81
135;2;210;2;2;stop;stop;1.0;True;86
135;3;122;2;2;stop;stop;1.0;True;66
135;4;122;2;2;stop;stop;1.0;True;73
135;5;217;2;2;stop;stop;1.0;True;86
135;6;148;2;2;stop;stop;1.0;True;78
135;7;176;2;2;stop;stop;1.0;True;38
135;8;140;2;2;stop;stop;1.0;True;74
135;9;139;2;2;stop;stop;1.0;True;77
136;0;186;21;21;stop;stop;1.0;True;88
136;1;217;21;21;stop;stop;1.0;True;79
136;2;138;21;21;stop;stop;1.0;True;88
136;3;126;21;21;stop;stop;1.0;True;120
136;4;127;21;21;stop;stop;1.0;True;80
136;5;151;21;21;stop;stop;1.0;True;70
136;6;172;21;21;stop;stop;1.0;True;85
136;7;177;21;21;stop;stop;1.0;True;110
136;8;211;21;21;stop;stop;1.0;True;82
136;9;237;21;21;stop;stop;1.0;True;88
137;0;168;4;4;stop;stop;1.0;True;79
137;1;170;4;4;stop;stop;1.0;True;116
137;2;141;4;4;stop;stop;1.0;True;93
137;3;230;4;4;stop;stop;1.0;True;86
137;4;225;4;4;stop;stop;1.0;True;108
137;5;135;4;4;stop;stop;1.0;True;87
137;6;131;4;4;stop;stop;1.0;True;69
137;7;167;4;4;stop;stop;1.0;True;80
137;8;194;4;4;stop;stop;1.0;True;77
137;9;150;4;4;stop;stop;1.0;True;68
138;0;302;80;1;stop;stop;0.8;False;117
138;1;291;80;0.8;stop;stop;0.2;False;176
138;2;244;80;1;stop;stop;0.8;False;123
138;3;233;80;1;stop;stop;0.8;False;98
138;4;281;80;1;stop;stop;0.8;False;176
138;5;237;80;1;stop;stop;0.8;False;118
138;6;193;80;1;stop;stop;0.8;False;103
138;7;236;80;1;stop;stop;0.8;False;119
138;8;275;80;0.8;stop;stop;0.2;False;129
138;9;274;80;1;stop;stop;0.8;False;113
139;0;143;3;3;stop;stop;1.0;True;92
139;1;114;3;3;stop;stop;1.0;True;52
139;2;114;3;3;stop;stop;1.0;True;73
139;3;123;3;3;stop;stop;1.0;True;74
139;4;173;3;3;stop;stop;1.0;True;98
139;5;115;3;3;stop;stop;1.0;True;94
139;6;125;3;3;stop;stop;1.0;True;53
139;7;168;3;3;stop;stop;1.0;True;76
139;8;118;3;3;stop;stop;1.0;True;80
139;9;144;3;3;stop;stop;1.0;True;76
140;0;214;2;2;stop;stop;1.0;True;90
140;1;211;2;2;stop;stop;1.0;True;71
140;2;94;2;2;stop;stop;1.0;True;118
140;3;148;2;2;stop;stop;1.0;True;67
140;4;152;2;2;stop;stop;1.0;True;95
140;5;235;2;2;stop;stop;1.0;True;92
140;6;172;2;2;stop;stop;1.0;True;85
140;7;214;2;2;stop;stop;1.0;True;78
140;8;136;2;2;stop;stop;1.0;True;80
140;9;162;2;2;stop;stop;1.0;True;79
40;0;168;20;20;stop;stop;1.0;True;114
40;1;231;20;20;stop;stop;1.0;True;72
40;2;122;20;20;stop;stop;1.0;True;56
40;3;132;20;20;stop;stop;1.0;True;90
40;4;203;20;20;stop;stop;1.0;True;76
40;5;213;20;20;stop;stop;1.0;True;69
40;6;185;20;20;stop;stop;1.0;True;108
40;7;181;20;20;stop;stop;1.0;True;109
40;8;188;20;20;stop;stop;1.0;True;120
40;9;147;20;20;stop;stop;1.0;True;69
41;0;166;3;3;stop;stop;1.0;True;95
41;1;177;3;3;stop;stop;1.0;True;98
41;2;142;3;3;stop;stop;1.0;True;92
41;3;236;3;3;stop;stop;1.0;True;110
41;4;151;3;3;stop;stop;1.0;True;102
41;5;206;3;3;stop;stop;1.0;True;102
41;6;129;3;3;stop;stop;1.0;True;88
41;7;137;3;3;stop;stop;1.0;True;112
41;8;189;3;3;stop;stop;1.0;True;81
41;9;160;3;3;stop;stop;1.0;True;102
42;0;159;7;7;stop;stop;1.0;True;80
42;1;105;7;7;stop;stop;1.0;True;104
42;2;96;7;7;stop;stop;1.0;True;98
42;3;189;7;7;stop;stop;1.0;True;84
42;4;126;7;7;stop;stop;1.0;True;84
42;5;174;7;7;stop;stop;1.0;True;129
42;6;165;7;7;stop;stop;1.0;True;112
42;7;165;7;7;stop;stop;1.0;True;111
42;8;173;7;7;stop;stop;1.0;True;91
42;9;193;7;7;stop;stop;1.0;True;82
43;0;125;42;42;stop;stop;1.0;True;87
43;1;127;42;42;stop;stop;1.0;True;79
43;2;236;42;42;stop;stop;1.0;True;95
43;3;127;42;42;stop;stop;1.0;True;73
43;4;145;42;42;stop;stop;1.0;True;112
43;5;103;42;42;stop;stop;1.0;True;95
43;6;210;42;42;stop;stop;1.0;True;92
43;7;210;42;42;stop;stop;1.0;True;95
43;8;177;42;42;stop;stop;1.0;True;92
43;9;149;42;42;stop;stop;1.0;True;90
44;0;113;756;756;stop;stop;1.0;True;89
44;1;132;756;756;stop;stop;1.0;True;124
44;2;128;756;756;stop;stop;1.0;True;68
44;3;168;756;756;stop;stop;1.0;True;95
44;4;145;756;756;stop;stop;1.0;True;135
44;5;148;756;756;stop;stop;1.0;True;57
44;6;131;756;756;stop;stop;1.0;True;104
44;7;164;756;756;stop;stop;1.0;True;106
44;8;159;756;756;stop;stop;1.0;True;96
44;9;172;756;756;stop;stop;1.0;True;99
45;0;223;11;11;stop;stop;1.0;True;92
45;1;237;11;11;stop;stop;1.0;True;102
45;2;118;11;11;stop;stop;1.0;True;98
45;3;240;11;11;stop;stop;1.0;True;101
45;4;208;11;11;stop;stop;1.0;True;92
45;5;157;11;11;stop;stop;1.0;True;114
45;6;101;11;11;stop;stop;1.0;True;92
45;7;139;11;11;stop;stop;1.0;True;105
45;8;112;11;11;stop;stop;1.0;True;84
45;9;195;11;11;stop;stop;1.0;True;100
46;0;260;5;;stop;stop;0.0;False;110
46;1;398;5;5;stop;stop;0.5;True;206
46;2;334;5;;stop;stop;0.0;False;109
46;3;459;5;5;stop;stop;0.5;True;115
46;4;178;5;;stop;stop;0.0;False;107
46;5;336;5;5;stop;stop;0.5;True;295
46;6;304;5;5;stop;stop;0.5;True;177
46;7;382;5;5;stop;stop;0.5;True;175
46;8;257;5;;stop;stop;0.0;False;109
46;9;501;5;11;stop;stop;0.1;False;116
47;0;210;12;12;stop;stop;1.0;True;88
47;1;218;12;12;stop;stop;1.0;True;116
47;2;241;12;12;stop;stop;1.0;True;108
47;3;229;12;12;stop;stop;1.0;True;103
47;4;222;12;12;stop;stop;1.0;True;104
47;5;194;12;12;stop;stop;1.0;True;80
47;6;209;12;12;stop;stop;1.0;True;126
47;7;206;12;12;stop;stop;1.0;True;121
47;8;296;12;12;stop;stop;1.0;True;125
47;9;240;12;12;stop;stop;1.0;True;95
48;0;172;65;65;stop;stop;1.0;True;102
48;1;154;65;65;stop;stop;1.0;True;115
48;2;181;65;65;stop;stop;1.0;True;74
48;3;143;65;65;stop;stop;1.0;True;107
48;4;260;65;65;stop;stop;1.0;True;122
48;5;155;65;65;stop;stop;1.0;True;126
48;6;226;65;65;stop;stop;1.0;True;124
48;7;240;65;65;stop;stop;1.0;True;98
48;8;218;65;65;stop;stop;1.0;True;86
48;9;157;65;65;stop;stop;1.0;True;102
49;0;160;1;1;stop;stop;1.0;True;103
49;1;155;1;1;stop;stop;1.0;True;122
49;2;195;1;1;stop;stop;1.0;True;70
49;3;135;1;1;stop;stop;1.0;True;93
49;4;172;1;1;stop;stop;1.0;True;154
49;5;155;1;1;stop;stop;1.0;True;87
49;6;103;1;1;stop;stop;1.0;True;91
49;7;127;1;1;stop;stop;1.0;True;103
49;8;124;1;1;stop;stop;1.0;True;167
49;9;181;1;1;stop;stop;1.0;True;50
161;0;373;21;21;stop;stop;1.0;True;126
161;1;246;21;21;stop;stop;1.0;True;152
161;2;362;21;21;stop;stop;1.0;True;181
161;3;229;21;21;stop;stop;1.0;True;149
161;4;283;21;21;stop;stop;1.0;True;158
161;5;248;21;21;stop;stop;1.0;True;127
161;6;252;21;21;stop;stop;1.0;True;157
161;7;281;21;21;stop;stop;1.0;True;157
161;8;382;21;21;stop;stop;1.0;True;176
161;9;271;21;21;stop;stop;1.0;True;142
162;0;195;53;53;stop;stop;0.9;True;114
162;1;193;53;53;stop;stop;0.9;True;89
162;2;186;53;53;stop;stop;0.9;True;118
162;3;177;53;53;stop;stop;0.9;True;125
162;4;182;53;53;stop;stop;0.9;True;85
162;5;145;53;53;stop;stop;0.9;True;97
162;6;209;53;53;stop;stop;0.9;True;115
162;7;138;53;53;stop;stop;0.9;True;90
162;8;172;53;53;stop;stop;0.9;True;175
162;9;267;53;;stop;stop;0.0;False;106
163;0;230;13;13;stop;stop;1.0;True;117
163;1;142;13;13;stop;stop;1.0;True;94
163;2;193;13;13;stop;stop;1.0;True;96
163;3;351;13;13;stop;stop;1.0;True;188
163;4;212;13;13;stop;stop;1.0;True;111
163;5;315;13;13;stop;stop;1.0;True;90
163;6;204;13;13;stop;stop;1.0;True;105
163;7;216;13;13;stop;stop;1.0;True;102
163;8;225;13;13;stop;stop;1.0;True;90
163;9;290;13;13;stop;stop;1.0;True;58
164;0;185;2;2;stop;stop;1.0;True;107
164;1;140;2;2;stop;stop;1.0;True;100
164;2;165;2;2;stop;stop;1.0;True;139
164;3;135;2;2;stop;stop;1.0;True;110
164;4;166;2;2;stop;stop;1.0;True;126
164;5;174;2;2;stop;stop;1.0;True;121
164;6;150;2;2;stop;stop;1.0;True;100
164;7;174;2;2;stop;stop;1.0;True;116
164;8;337;2;2;stop;stop;1.0;True;131
164;9;271;2;2;stop;stop;1.0;True;135
165;0;211;14;14;stop;stop;1.0;True;101
165;1;205;14;14;stop;stop;1.0;True;92
165;2;186;14;14;stop;stop;1.0;True;118
165;3;201;14;14;stop;stop;1.0;True;125
165;4;169;14;14;stop;stop;1.0;True;112
165;5;212;14;14;stop;stop;1.0;True;67
165;6;214;14;14;stop;stop;1.0;True;78
165;7;310;14;14;stop;stop;1.0;True;124
165;8;206;14;14;stop;stop;1.0;True;108
165;9;119;14;14;stop;stop;1.0;True;54
166;0;168;4;4;stop;stop;1.0;True;105
166;1;134;4;4;stop;stop;1.0;True;85
166;2;109;4;4;stop;stop;1.0;True;84
166;3;250;4;4;stop;stop;1.0;True;90
166;4;262;4;4;stop;stop;1.0;True;86
166;5;166;4;4;stop;stop;1.0;True;103
166;6;192;4;4;stop;stop;1.0;True;94
166;7;110;4;4;stop;stop;1.0;True;123
166;8;176;4;4;stop;stop;1.0;True;109
166;9;174;4;4;stop;stop;1.0;True;110
167;0;181;2;2;stop;stop;1.0;True;132
167;1;192;2;2;stop;stop;1.0;True;93
167;2;176;2;2;stop;stop;1.0;True;139
167;3;284;2;2;stop;stop;1.0;True;132
167;4;130;2;2;stop;stop;1.0;True;111
167;5;185;2;2;stop;stop;1.0;True;140
167;6;257;2;2;stop;stop;1.0;True;105
167;7;180;2;2;stop;stop;1.0;True;149
167;8;229;2;2;stop;stop;1.0;True;214
167;9;192;2;2;stop;stop;1.0;True;128
168;0;127;3;3;stop;stop;0.9;True;105
168;1;124;3;3;stop;stop;0.9;True;106
168;2;190;3;5;stop;stop;0.1;False;143
168;3;170;3;3;stop;stop;0.9;True;93
168;4;129;3;3;stop;stop;0.9;True;93
168;5;252;3;3;stop;stop;0.9;True;134
168;6;177;3;3;stop;stop;0.9;True;79
168;7;233;3;3;stop;stop;0.9;True;112
168;8;211;3;3;stop;stop;0.9;True;99
168;9;158;3;3;stop;stop;0.9;True;102
169;0;213;22;22;stop;stop;1.0;True;57
169;1;215;22;22;stop;stop;1.0;True;89
169;2;155;22;22;stop;stop;1.0;True;102
169;3;193;22;22;stop;stop;1.0;True;44
169;4;215;22;22;stop;stop;1.0;True;86
169;5;141;22;22;stop;stop;1.0;True;53
169;6;144;22;22;stop;stop;1.0;True;59
169;7;247;22;22;stop;stop;1.0;True;83
169;8;166;22;22;stop;stop;1.0;True;42
169;9;192;22;22;stop;stop;1.0;True;51
150;0;190;17;17;stop;stop;1.0;True;94
150;1;169;17;17;stop;stop;1.0;True;104
150;2;118;17;17;stop;stop;1.0;True;67
150;3;206;17;17;stop;stop;1.0;True;97
150;4;200;17;17;stop;stop;1.0;True;124
150;5;151;17;17;stop;stop;1.0;True;94
150;6;159;17;17;stop;stop;1.0;True;85
150;7;305;17;17;stop;stop;1.0;True;118
150;8;174;17;17;stop;stop;1.0;True;78
150;9;290;17;17;stop;stop;1.0;True;185
151;0;172;5;5;stop;stop;1.0;True;87
151;1;148;5;5;stop;stop;1.0;True;118
151;2;166;5;5;stop;stop;1.0;True;116
151;3;144;5;5;stop;stop;1.0;True;122
151;4;150;5;5;stop;stop;1.0;True;111
151;5;230;5;5;stop;stop;1.0;True;103
151;6;154;5;5;stop;stop;1.0;True;123
151;7;140;5;5;stop;stop;1.0;True;87
151;8;143;5;5;stop;stop;1.0;True;107
151;9;179;5;5;stop;stop;1.0;True;110
152;0;281;3;3;stop;stop;1.0;True;138
152;1;273;3;3;stop;stop;1.0;True;160
152;2;252;3;3;stop;stop;1.0;True;171
152;3;310;3;3;stop;stop;1.0;True;186
152;4;227;3;3;stop;stop;1.0;True;136
152;5;271;3;3;stop;stop;1.0;True;138
152;6;346;3;3;stop;stop;1.0;True;173
152;7;287;3;3;stop;stop;1.0;True;118
152;8;239;3;3;stop;stop;1.0;True;163
152;9;218;3;3;stop;stop;1.0;True;161
153;0;256;1;1;stop;stop;1.0;True;85
153;1;186;1;1;stop;stop;1.0;True;113
153;2;168;1;1;stop;stop;1.0;True;112
153;3;207;1;1;stop;stop;1.0;True;234
153;4;217;1;1;stop;stop;1.0;True;108
153;5;149;1;1;stop;stop;1.0;True;91
153;6;167;1;1;stop;stop;1.0;True;130
153;7;224;1;1;stop;stop;1.0;True;68
153;8;218;1;1;stop;stop;1.0;True;51
153;9;180;1;1;stop;stop;1.0;True;83
154;0;185;26;26;stop;stop;1.0;True;134
154;1;186;26;26;stop;stop;1.0;True;78
154;2;138;26;26;stop;stop;1.0;True;104
154;3;237;26;26;stop;stop;1.0;True;102
154;4;247;26;26;stop;stop;1.0;True;97
154;5;222;26;26;stop;stop;1.0;True;94
154;6;182;26;26;stop;stop;1.0;True;94
154;7;186;26;26;stop;stop;1.0;True;107
154;8;245;26;26;stop;stop;1.0;True;98
154;9;210;26;26;stop;stop;1.0;True;100
155;0;163;16;16;stop;stop;1.0;True;103
155;1;165;16;16;stop;stop;1.0;True;51
155;2;170;16;16;stop;stop;1.0;True;76
155;3;139;16;16;stop;stop;1.0;True;87
155;4;192;16;16;stop;stop;1.0;True;49
155;5;116;16;16;stop;stop;1.0;True;78
155;6;123;16;16;stop;stop;1.0;True;84
155;7;179;16;16;stop;stop;1.0;True;65
155;8;132;16;16;stop;stop;1.0;True;75
155;9;208;16;16;stop;stop;1.0;True;62
156;0;290;28;28;stop;stop;1.0;True;115
156;1;258;28;28;stop;stop;1.0;True;86
156;2;255;28;28;stop;stop;1.0;True;101
156;3;191;28;28;stop;stop;1.0;True;110
156;4;196;28;28;stop;stop;1.0;True;102
156;5;295;28;28;stop;stop;1.0;True;58
156;6;183;28;28;stop;stop;1.0;True;147
156;7;212;28;28;stop;stop;1.0;True;158
156;8;263;28;28;stop;stop;1.0;True;128
156;9;184;28;28;stop;stop;1.0;True;73
157;0;248;14;14;stop;stop;1.0;True;87
157;1;138;14;14;stop;stop;1.0;True;73
157;2;145;14;14;stop;stop;1.0;True;88
157;3;153;14;14;stop;stop;1.0;True;129
157;4;254;14;14;stop;stop;1.0;True;135
157;5;235;14;14;stop;stop;1.0;True;78
157;6;165;14;14;stop;stop;1.0;True;96
157;7;131;14;14;stop;stop;1.0;True;86
157;8;168;14;14;stop;stop;1.0;True;96
157;9;108;14;14;stop;stop;1.0;True;70
158;0;226;4;4;stop;stop;1.0;True;133
158;1;150;4;4;stop;stop;1.0;True;50
158;2;171;4;4;stop;stop;1.0;True;118
158;3;138;4;4;stop;stop;1.0;True;95
158;4;229;4;4;stop;stop;1.0;True;127
158;5;185;4;4;stop;stop;1.0;True;131
158;6;143;4;4;stop;stop;1.0;True;61
158;7;188;4;4;stop;stop;1.0;True;147
158;8;162;4;4;stop;stop;1.0;True;132
158;9;170;4;4;stop;stop;1.0;True;139
159;0;205;20;20;stop;stop;0.9;True;91
159;1;173;20;20;stop;stop;0.9;True;86
159;2;100;20;20;stop;stop;0.9;True;75
159;3;154;20;20;stop;stop;0.9;True;82
159;4;185;20;20;stop;stop;0.9;True;82
159;5;130;20;20;stop;stop;0.9;True;81
159;6;122;20;;stop;stop;0.0;False;82
159;7;164;20;20;stop;stop;0.9;True;97
159;8;166;20;20;stop;stop;0.9;True;89
159;9;155;20;20;stop;stop;0.9;True;69
160;0;165;82;82;stop;stop;1.0;True;105
160;1;199;82;82;stop;stop;1.0;True;103
160;2;227;82;82;stop;stop;1.0;True;81
160;3;143;82;82;stop;stop;1.0;True;97
160;4;172;82;82;stop;stop;1.0;True;88
160;5;217;82;82;stop;stop;1.0;True;70
160;6;139;82;82;stop;stop;1.0;True;88
160;7;162;82;82;stop;stop;1.0;True;90
160;8;235;82;82;stop;stop;1.0;True;99
160;9;175;82;82;stop;stop;1.0;True;85
50;0;241;111;111;stop;stop;1.0;True;111
50;1;158;111;111;stop;stop;1.0;True;87
50;2;159;111;111;stop;stop;1.0;True;92
50;3;212;111;111;stop;stop;1.0;True;121
50;4;179;111;111;stop;stop;1.0;True;105
50;5;219;111;111;stop;stop;1.0;True;78
50;6;181;111;111;stop;stop;1.0;True;102
50;7;132;111;111;stop;stop;1.0;True;122
50;8;327;111;111;stop;stop;1.0;True;100
50;9;172;111;111;stop;stop;1.0;True;103
51;0;125;1;1;stop;stop;1.0;True;67
51;1;123;1;1;stop;stop;1.0;True;96
51;2;144;1;1;stop;stop;1.0;True;61
51;3;186;1;1;stop;stop;1.0;True;68
51;4;164;1;1;stop;stop;1.0;True;79
51;5;114;1;1;stop;stop;1.0;True;81
51;6;148;1;1;stop;stop;1.0;True;68
51;7;196;1;1;stop;stop;1.0;True;89
51;8;184;1;1;stop;stop;1.0;True;81
51;9;188;1;1;stop;stop;1.0;True;98
52;0;440;27;27;stop;stop;1.0;True;89
52;1;179;27;27;stop;stop;1.0;True;92
52;2;228;27;27;stop;stop;1.0;True;91
52;3;750;27;27;stop;stop;1.0;True;236
52;4;218;27;27;stop;stop;1.0;True;103
52;5;150;27;27;stop;stop;1.0;True;130
52;6;309;27;27;stop;stop;1.0;True;92
52;7;195;27;27;stop;stop;1.0;True;106
52;8;194;27;27;stop;stop;1.0;True;122
52;9;211;27;27;stop;stop;1.0;True;135
53;0;147;4;4;stop;stop;1.0;True;89
53;1;175;4;4;stop;stop;1.0;True;101
53;2;119;4;4;stop;stop;1.0;True;98
53;3;152;4;4;stop;stop;1.0;True;85
53;4;89;4;4;stop;stop;1.0;True;58
53;5;157;4;4;stop;stop;1.0;True;98
53;6;191;4;4;stop;stop;1.0;True;81
53;7;168;4;4;stop;stop;1.0;True;88
53;8;178;4;4;stop;stop;1.0;True;92
53;9;143;4;4;stop;stop;1.0;True;94
54;0;249;17;17;stop;stop;1.0;True;73
54;1;388;17;17;stop;stop;1.0;True;219
54;2;336;17;17;stop;stop;1.0;True;110
54;3;442;17;17;stop;stop;1.0;True;90
54;4;181;17;17;stop;stop;1.0;True;88
54;5;160;17;17;stop;stop;1.0;True;161
54;6;146;17;17;stop;stop;1.0;True;72
54;7;203;17;17;stop;stop;1.0;True;100
54;8;156;17;17;stop;stop;1.0;True;87
54;9;233;17;17;stop;stop;1.0;True;128
55;0;158;13;13;stop;stop;1.0;True;95
55;1;136;13;13;stop;stop;1.0;True;92
55;2;164;13;13;stop;stop;1.0;True;99
55;3;166;13;13;stop;stop;1.0;True;125
55;4;144;13;13;stop;stop;1.0;True;95
55;5;186;13;13;stop;stop;1.0;True;113
55;6;140;13;13;stop;stop;1.0;True;111
55;7;149;13;13;stop;stop;1.0;True;85
55;8;129;13;13;stop;stop;1.0;True;109
55;9;136;13;13;stop;stop;1.0;True;64
56;0;191;10;10;stop;stop;1.0;True;64
56;1;94;10;10;stop;stop;1.0;True;93
56;2;180;10;10;stop;stop;1.0;True;76
56;3;158;10;10;stop;stop;1.0;True;91
56;4;136;10;10;stop;stop;1.0;True;66
56;5;133;10;10;stop;stop;1.0;True;96
56;6;192;10;10;stop;stop;1.0;True;53
56;7;105;10;10;stop;stop;1.0;True;80
56;8;147;10;10;stop;stop;1.0;True;69
56;9;179;10;10;stop;stop;1.0;True;68
57;0;240;77;77;stop;stop;1.0;True;110
57;1;203;77;77;stop;stop;1.0;True;108
57;2;207;77;77;stop;stop;1.0;True;120
57;3;158;77;77;stop;stop;1.0;True;134
57;4;175;77;77;stop;stop;1.0;True;119
57;5;139;77;77;stop;stop;1.0;True;107
57;6;212;77;77;stop;stop;1.0;True;88
57;7;118;77;77;stop;stop;1.0;True;92
57;8;214;77;77;stop;stop;1.0;True;125
57;9;176;77;77;stop;stop;1.0;True;131
58;0;247;1092;1092;stop;stop;1.0;True;167
58;1;196;1092;1092;stop;stop;1.0;True;129
58;2;316;1092;1092;stop;stop;1.0;True;126
58;3;247;1092;1092;stop;stop;1.0;True;115
58;4;222;1092;1092;stop;stop;1.0;True;148
58;5;318;1092;1092;stop;stop;1.0;True;133
58;6;418;1092;1092;stop;stop;1.0;True;168
58;7;220;1092;1092;stop;stop;1.0;True;74
58;8;230;1092;1092;stop;stop;1.0;True;144
58;9;232;1092;1092;stop;stop;1.0;True;161
59;0;220;5;5;stop;stop;1.0;True;135
59;1;239;5;5;stop;stop;1.0;True;123
59;2;312;5;5;stop;stop;1.0;True;149
59;3;287;5;5;stop;stop;1.0;True;130
59;4;269;5;5;stop;stop;1.0;True;154
59;5;188;5;5;stop;stop;1.0;True;141
59;6;229;5;5;stop;stop;1.0;True;82
59;7;321;5;5;stop;stop;1.0;True;138
59;8;262;5;5;stop;stop;1.0;True;55
59;9;239;5;5;stop;stop;1.0;True;132
60;0;172;7;7;stop;stop;1.0;True;66
60;1;238;7;7;stop;stop;1.0;True;101
60;2;141;7;7;stop;stop;1.0;True;85
60;3;125;7;7;stop;stop;1.0;True;113
60;4;236;7;7;stop;stop;1.0;True;214
60;5;217;7;7;stop;stop;1.0;True;165
60;6;213;7;7;stop;stop;1.0;True;100
60;7;121;7;7;stop;stop;1.0;True;128
60;8;152;7;7;stop;stop;1.0;True;109
60;9;198;7;7;stop;stop;1.0;True;121
70;0;193;2;2;stop;stop;1.0;True;106
70;1;179;2;2;stop;stop;1.0;True;99
70;2;216;2;2;stop;stop;1.0;True;88
70;3;142;2;2;stop;stop;1.0;True;78
70;4;267;2;2;stop;stop;1.0;True;107
70;5;219;2;2;stop;stop;1.0;True;110
70;6;273;2;2;stop;stop;1.0;True;105
70;7;212;2;2;stop;stop;1.0;True;85
70;8;190;2;2;stop;stop;1.0;True;96
70;9;181;2;2;stop;stop;1.0;True;105
71;0;200;131;131;stop;stop;1.0;True;98
71;1;179;131;131;stop;stop;1.0;True;103
71;2;168;131;131;stop;stop;1.0;True;92
71;3;174;131;131;stop;stop;1.0;True;100
71;4;155;131;131;stop;stop;1.0;True;107
71;5;139;131;131;stop;stop;1.0;True;156
71;6;165;131;131;stop;stop;1.0;True;96
71;7;196;131;131;stop;stop;1.0;True;155
71;8;152;131;131;stop;stop;1.0;True;102
71;9;163;131;131;stop;stop;1.0;True;104
72;0;161;92;92;stop;stop;1.0;True;83
72;1;145;92;92;stop;stop;1.0;True;93
72;2;153;92;92;stop;stop;1.0;True;89
72;3;185;92;92;stop;stop;1.0;True;76
72;4;262;92;92;stop;stop;1.0;True;196
72;5;191;92;92;stop;stop;1.0;True;79
72;6;146;92;92;stop;stop;1.0;True;87
72;7;229;92;92;stop;stop;1.0;True;117
72;8;135;92;92;stop;stop;1.0;True;86
72;9;201;92;92;stop;stop;1.0;True;94
73;0;209;640;640;stop;stop;1.0;True;96
73;1;180;640;640;stop;stop;1.0;True;88
73;2;194;640;640;stop;stop;1.0;True;88
73;3;158;640;640;stop;stop;1.0;True;96
73;4;222;640;640;stop;stop;1.0;True;128
73;5;228;640;640;stop;stop;1.0;True;99
73;6;145;640;640;stop;stop;1.0;True;128
73;7;174;640;640;stop;stop;1.0;True;95
73;8;232;640;640;stop;stop;1.0;True;90
73;9;264;640;640;stop;stop;1.0;True;100
74;0;248;42;42;stop;stop;1.0;True;86
74;1;271;42;42;stop;stop;1.0;True;95
74;2;269;42;42;stop;stop;1.0;True;56
74;3;196;42;42;stop;stop;1.0;True;97
74;4;215;42;42;stop;stop;1.0;True;88
74;5;201;42;42;stop;stop;1.0;True;79
74;6;154;42;42;stop;stop;1.0;True;88
74;7;200;42;42;stop;stop;1.0;True;98
74;8;146;42;42;stop;stop;1.0;True;79
74;9;211;42;42;stop;stop;1.0;True;90
75;0;206;7;252;stop;stop;1.0;False;127
75;1;192;7;252;stop;stop;1.0;False;125
75;2;224;7;252;stop;stop;1.0;False;129
75;3;141;7;252;stop;stop;1.0;False;111
75;4;311;7;252;stop;stop;1.0;False;140
75;5;255;7;252;stop;stop;1.0;False;666
75;6;226;7;252;stop;stop;1.0;False;106
75;7;195;7;252;stop;stop;1.0;False;120
75;8;186;7;252;stop;stop;1.0;False;125
75;9;263;7;252;stop;stop;1.0;False;156
76;0;215;25;25;stop;stop;1.0;True;70
76;1;159;25;25;stop;stop;1.0;True;88
76;2;187;25;25;stop;stop;1.0;True;83
76;3;113;25;25;stop;stop;1.0;True;93
76;4;188;25;25;stop;stop;1.0;True;98
76;5;195;25;25;stop;stop;1.0;True;92
76;6;249;25;25;stop;stop;1.0;True;83
76;7;167;25;25;stop;stop;1.0;True;95
76;8;108;25;25;stop;stop;1.0;True;76
76;9;232;25;25;stop;stop;1.0;True;92
77;0;124;1;1;stop;stop;1.0;True;86
77;1;200;1;1;stop;stop;1.0;True;115
77;2;155;1;1;stop;stop;1.0;True;95
77;3;202;1;1;stop;stop;1.0;True;90
77;4;140;1;1;stop;stop;1.0;True;85
77;5;141;1;1;stop;stop;1.0;True;97
77;6;166;1;1;stop;stop;1.0;True;88
77;7;154;1;1;stop;stop;1.0;True;94
77;8;173;1;1;stop;stop;1.0;True;85
77;9;150;1;1;stop;stop;1.0;True;83
78;0;161;2;2;stop;stop;1.0;True;76
78;1;152;2;2;stop;stop;1.0;True;85
78;2;133;2;2;stop;stop;1.0;True;62
78;3;206;2;2;stop;stop;1.0;True;70
78;4;142;2;2;stop;stop;1.0;True;105
78;5;164;2;2;stop;stop;1.0;True;89
78;6;138;2;2;stop;stop;1.0;True;78
78;7;124;2;2;stop;stop;1.0;True;68
78;8;130;2;2;stop;stop;1.0;True;100
78;9;115;2;2;stop;stop;1.0;True;98
79;0;168;11;11;stop;stop;1.0;True;94
79;1;147;11;11;stop;stop;1.0;True;89
79;2;191;11;11;stop;stop;1.0;True;105
79;3;188;11;11;stop;stop;1.0;True;111
79;4;152;11;11;stop;stop;1.0;True;106
79;5;130;11;11;stop;stop;1.0;True;48
79;6;215;11;11;stop;stop;1.0;True;90
79;7;125;11;11;stop;stop;1.0;True;112
79;8;105;11;11;stop;stop;1.0;True;90
79;9;152;11;11;stop;stop;1.0;True;66
80;0;192;15;15;stop;stop;1.0;True;80
80;1;155;15;15;stop;stop;1.0;True;106
80;2;159;15;15;stop;stop;1.0;True;124
80;3;145;15;15;stop;stop;1.0;True;73
80;4;86;15;15;stop;stop;1.0;True;101
80;5;185;15;15;stop;stop;1.0;True;97
80;6;126;15;15;stop;stop;1.0;True;74
80;7;192;15;15;stop;stop;1.0;True;97
80;8;182;15;15;stop;stop;1.0;True;105
80;9;219;15;15;stop;stop;1.0;True;97
211;0;171;2;2;stop;stop;1.0;True;79
211;1;251;2;2;stop;stop;1.0;True;88
211;2;274;2;2;stop;stop;1.0;True;107
211;3;174;2;2;stop;stop;1.0;True;114
211;4;221;2;2;stop;stop;1.0;True;84
211;5;170;2;2;stop;stop;1.0;True;83
211;6;204;2;2;stop;stop;1.0;True;89
211;7;165;2;2;stop;stop;1.0;True;83
211;8;191;2;2;stop;stop;1.0;True;80
211;9;176;2;2;stop;stop;1.0;True;82
212;0;346;21;21;stop;stop;1.0;True;218
212;1;282;21;21;stop;stop;1.0;True;224
212;2;408;21;21;stop;stop;1.0;True;251
212;3;140;21;21;stop;stop;1.0;True;1141
212;4;396;21;21;stop;stop;1.0;True;205
212;5;321;21;21;stop;stop;1.0;True;192
212;6;336;21;21;stop;stop;1.0;True;324
212;7;472;21;21;stop;stop;1.0;True;231
212;8;296;21;21;stop;stop;1.0;True;321
212;9;349;21;21;stop;stop;1.0;True;356
213;0;137;280;280;stop;stop;1.0;True;103
213;1;188;280;280;stop;stop;1.0;True;94
213;2;142;280;280;stop;stop;1.0;True;79
213;3;195;280;280;stop;stop;1.0;True;90
213;4;155;280;280;stop;stop;1.0;True;104
213;5;212;280;280;stop;stop;1.0;True;119
213;6;231;280;280;stop;stop;1.0;True;87
213;7;213;280;280;stop;stop;1.0;True;81
213;8;223;280;280;stop;stop;1.0;True;95
213;9;140;280;280;stop;stop;1.0;True;113
214;0;183;2;2;stop;stop;1.0;True;69
214;1;177;2;2;stop;stop;1.0;True;76
214;2;204;2;2;stop;stop;1.0;True;88
214;3;213;2;2;stop;stop;1.0;True;82
214;4;142;2;2;stop;stop;1.0;True;94
214;5;240;2;2;stop;stop;1.0;True;97
214;6;156;2;2;stop;stop;1.0;True;76
214;7;150;2;2;stop;stop;1.0;True;87
214;8;83;2;2;stop;stop;1.0;True;90
214;9;192;2;2;stop;stop;1.0;True;89
215;0;502;5;1;stop;stop;0.6;False;93
215;1;441;5;4;stop;stop;0.1;False;153
215;2;245;5;;stop;stop;0.0;False;122
215;3;218;5;3;stop;stop;0.1;False;128
215;4;234;5;1;stop;stop;0.6;False;118
215;5;268;5;;stop;stop;0.0;False;88
215;6;292;5;1;stop;stop;0.6;False;92
215;7;343;5;1;stop;stop;0.6;False;92
215;8;400;5;1;stop;stop;0.6;False;145
215;9;187;5;1;stop;stop;0.6;False;100
216;0;157;4;4;stop;stop;0.9;True;114
216;1;230;4;2;stop;stop;0.1;False;79
216;2;172;4;4;stop;stop;0.9;True;78
216;3;168;4;4;stop;stop;0.9;True;68
216;4;141;4;4;stop;stop;0.9;True;70
216;5;165;4;4;stop;stop;0.9;True;102
216;6;208;4;4;stop;stop;0.9;True;85
216;7;206;4;4;stop;stop;0.9;True;75
216;8;142;4;4;stop;stop;0.9;True;72
216;9;211;4;4;stop;stop;0.9;True;90
217;0;159;22;22;stop;stop;1.0;True;94
217;1;133;22;22;stop;stop;1.0;True;122
217;2;203;22;22;stop;stop;1.0;True;112
217;3;206;22;22;stop;stop;1.0;True;93
217;4;197;22;22;stop;stop;1.0;True;88
217;5;239;22;22;stop;stop;1.0;True;86
217;6;270;22;22;stop;stop;1.0;True;128
217;7;180;22;22;stop;stop;1.0;True;88
217;8;179;22;22;stop;stop;1.0;True;108
217;9;210;22;22;stop;stop;1.0;True;97
218;0;96;5;5;stop;stop;0.9;True;89
218;1;138;5;5;stop;stop;0.9;True;84
218;2;113;5;5;stop;stop;0.9;True;102
218;3;177;5;5;stop;stop;0.9;True;82
218;4;206;5;0;stop;stop;0.1;False;89
218;5;205;5;5;stop;stop;0.9;True;88
218;6;164;5;5;stop;stop;0.9;True;94
218;7;146;5;5;stop;stop;0.9;True;71
218;8;239;5;5;stop;stop;0.9;True;104
218;9;130;5;5;stop;stop;0.9;True;96
219;0;166;4;4;stop;stop;1.0;True;60
219;1;155;4;4;stop;stop;1.0;True;92
219;2;113;4;4;stop;stop;1.0;True;103
219;3;95;4;4;stop;stop;1.0;True;77
219;4;141;4;4;stop;stop;1.0;True;95
219;5;124;4;4;stop;stop;1.0;True;57
219;6;150;4;4;stop;stop;1.0;True;83
219;7;148;4;4;stop;stop;1.0;True;61
219;8;130;4;4;stop;stop;1.0;True;85
219;9;153;4;4;stop;stop;1.0;True;60
181;0;254;2184;2184;stop;stop;1.0;True;80
181;1;177;2184;2184;stop;stop;1.0;True;96
181;2;181;2184;2184;stop;stop;1.0;True;88
181;3;231;2184;2184;stop;stop;1.0;True;121
181;4;238;2184;2184;stop;stop;1.0;True;99
181;5;206;2184;2184;stop;stop;1.0;True;87
181;6;193;2184;2184;stop;stop;1.0;True;81
181;7;351;2184;2184;stop;stop;1.0;True;85
181;8;190;2184;2184;stop;stop;1.0;True;63
181;9;173;2184;2184;stop;stop;1.0;True;104
182;0;203;4;4;stop;stop;1.0;True;117
182;1;243;4;4;stop;stop;1.0;True;85
182;2;264;4;4;stop;stop;1.0;True;175
182;3;300;4;4;stop;stop;1.0;True;162
182;4;247;4;4;stop;stop;1.0;True;180
182;5;251;4;4;stop;stop;1.0;True;117
182;6;163;4;4;stop;stop;1.0;True;103
182;7;149;4;4;stop;stop;1.0;True;97
182;8;262;4;4;stop;stop;1.0;True;112
182;9;320;4;4;stop;stop;1.0;True;122
183;0;142;5;5;stop;stop;1.0;True;102
183;1;164;5;5;stop;stop;1.0;True;125
183;2;300;5;5;stop;stop;1.0;True;68
183;3;201;5;5;stop;stop;1.0;True;130
183;4;182;5;5;stop;stop;1.0;True;106
183;5;210;5;5;stop;stop;1.0;True;111
183;6;266;5;5;stop;stop;1.0;True;114
183;7;130;5;5;stop;stop;1.0;True;108
183;8;340;5;5;stop;stop;1.0;True;147
183;9;265;5;5;stop;stop;1.0;True;119
184;0;132;26;26;stop;stop;1.0;True;71
184;1;215;26;26;stop;stop;1.0;True;140
184;2;153;26;26;stop;stop;1.0;True;106
184;3;105;26;26;stop;stop;1.0;True;68
184;4;169;26;26;stop;stop;1.0;True;107
184;5;244;26;26;stop;stop;1.0;True;82
184;6;187;26;26;stop;stop;1.0;True;89
184;7;247;26;26;stop;stop;1.0;True;90
184;8;156;26;26;stop;stop;1.0;True;89
184;9;177;26;26;stop;stop;1.0;True;73
185;0;237;1;1;stop;stop;1.0;True;164
185;1;170;1;1;stop;stop;1.0;True;84
185;2;166;1;1;stop;stop;1.0;True;101
185;3;188;1;1;stop;stop;1.0;True;139
185;4;207;1;1;stop;stop;1.0;True;234
185;5;217;1;1;stop;stop;1.0;True;123
185;6;248;1;1;stop;stop;1.0;True;106
185;7;258;1;1;stop;stop;1.0;True;163
185;8;282;1;1;stop;stop;1.0;True;120
185;9;209;1;1;stop;stop;1.0;True;94
186;0;132;23;23;stop;stop;1.0;True;154
186;1;158;23;23;stop;stop;1.0;True;108
186;2;193;23;23;stop;stop;1.0;True;133
186;3;191;23;23;stop;stop;1.0;True;119
186;4;160;23;23;stop;stop;1.0;True;111
186;5;122;23;23;stop;stop;1.0;True;85
186;6;168;23;23;stop;stop;1.0;True;101
186;7;171;23;23;stop;stop;1.0;True;107
186;8;143;23;23;stop;stop;1.0;True;96
186;9;164;23;23;stop;stop;1.0;True;106
187;0;140;11346;11346;stop;stop;1.0;True;82
187;1;235;11346;11346;stop;stop;1.0;True;69
187;2;187;11346;11346;stop;stop;1.0;True;70
187;3;217;11346;11346;stop;stop;1.0;True;103
187;4;189;11346;11346;stop;stop;1.0;True;63
187;5;239;11346;11346;stop;stop;1.0;True;115
187;6;208;11346;11346;stop;stop;1.0;True;87
187;7;131;11346;11346;stop;stop;1.0;True;82
187;8;261;11346;11346;stop;stop;1.0;True;66
187;9;239;11346;11346;stop;stop;1.0;True;66
188;0;197;9;9;stop;stop;1.0;True;115
188;1;91;9;9;stop;stop;1.0;True;136
188;2;115;9;9;stop;stop;1.0;True;131
188;3;177;9;9;stop;stop;1.0;True;103
188;4;155;9;9;stop;stop;1.0;True;102
188;5;172;9;9;stop;stop;1.0;True;121
188;6;163;9;9;stop;stop;1.0;True;97
188;7;192;9;9;stop;stop;1.0;True;116
188;8;180;9;9;stop;stop;1.0;True;104
188;9;203;9;9;stop;stop;1.0;True;108
189;0;147;152;152;stop;stop;1.0;True;82
189;1;153;152;152;stop;stop;1.0;True;59
189;2;122;152;152;stop;stop;1.0;True;67
189;3;159;152;152;stop;stop;1.0;True;77
189;4;150;152;152;stop;stop;1.0;True;78
189;5;184;152;152;stop;stop;1.0;True;93
189;6;122;152;152;stop;stop;1.0;True;75
189;7;181;152;152;stop;stop;1.0;True;102
189;8;187;152;152;stop;stop;1.0;True;67
189;9;176;152;152;stop;stop;1.0;True;92
190;0;133;14;14;stop;stop;1.0;True;106
190;1;169;14;14;stop;stop;1.0;True;135
190;2;151;14;14;stop;stop;1.0;True;119
190;3;207;14;14;stop;stop;1.0;True;121
190;4;169;14;14;stop;stop;1.0;True;117
190;5;144;14;14;stop;stop;1.0;True;101
190;6;119;14;14;stop;stop;1.0;True;84
190;7;195;14;14;stop;stop;1.0;True;80
190;8;157;14;14;stop;stop;1.0;True;80
190;9;185;14;14;stop;stop;1.0;True;113
191;0;207;488;488;stop;stop;0.7;True;118
191;1;312;488;104;stop;stop;0.1;False;164
191;2;192;488;488;stop;stop;0.7;True;129
191;3;286;488;488;stop;stop;0.7;True;131
191;4;553;488;450;stop;stop;0.1;False;100
191;5;214;488;488;stop;stop;0.7;True;116
191;6;361;488;;stop;stop;0.0;False;207
191;7;454;488;488;stop;stop;0.7;True;139
191;8;208;488;488;stop;stop;0.7;True;100
191;9;240;488;488;stop;stop;0.7;True;95
192;0;145;13;13;stop;stop;1.0;True;82
192;1;137;13;13;stop;stop;1.0;True;103
192;2;240;13;13;stop;stop;1.0;True;78
192;3;145;13;13;stop;stop;1.0;True;98
192;4;97;13;13;stop;stop;1.0;True;81
192;5;206;13;13;stop;stop;1.0;True;77
192;6;146;13;13;stop;stop;1.0;True;98
192;7;101;13;13;stop;stop;1.0;True;90
192;8;122;13;13;stop;stop;1.0;True;79
192;9;167;13;13;stop;stop;1.0;True;72
193;0;158;12;12;stop;stop;1.0;True;94
193;1;173;12;12;stop;stop;1.0;True;91
193;2;161;12;12;stop;stop;1.0;True;81
193;3;129;12;12;stop;stop;1.0;True;92
193;4;193;12;12;stop;stop;1.0;True;94
193;5;227;12;12;stop;stop;1.0;True;94
193;6;186;12;12;stop;stop;1.0;True;95
193;7;168;12;12;stop;stop;1.0;True;89
193;8;118;12;12;stop;stop;1.0;True;81
193;9;213;12;12;stop;stop;1.0;True;95
194;0;210;102;102;stop;stop;1.0;True;97
194;1;158;102;102;stop;stop;1.0;True;127
194;2;177;102;102;stop;stop;1.0;True;85
194;3;176;102;102;stop;stop;1.0;True;94
194;4;168;102;102;stop;stop;1.0;True;88
194;5;179;102;102;stop;stop;1.0;True;102
194;6;156;102;102;stop;stop;1.0;True;62
194;7;183;102;102;stop;stop;1.0;True;125
194;8;171;102;102;stop;stop;1.0;True;85
194;9;211;102;102;stop;stop;1.0;True;81
195;0;232;62;62;stop;stop;1.0;True;99
195;1;219;62;62;stop;stop;1.0;True;110
195;2;172;62;62;stop;stop;1.0;True;82
195;3;178;62;62;stop;stop;1.0;True;91
195;4;227;62;62;stop;stop;1.0;True;141
195;5;192;62;62;stop;stop;1.0;True;97
195;6;231;62;62;stop;stop;1.0;True;152
195;7;279;62;62;stop;stop;1.0;True;142
195;8;279;62;62;stop;stop;1.0;True;98
195;9;154;62;62;stop;stop;1.0;True;122
196;0;128;3;3;stop;stop;1.0;True;90
196;1;190;3;3;stop;stop;1.0;True;92
196;2;147;3;3;stop;stop;1.0;True;109
196;3;130;3;3;stop;stop;1.0;True;118
196;4;187;3;3;stop;stop;1.0;True;106
196;5;168;3;3;stop;stop;1.0;True;119
196;6;202;3;3;stop;stop;1.0;True;93
196;7;133;3;3;stop;stop;1.0;True;98
196;8;139;3;3;stop;stop;1.0;True;114
196;9;179;3;3;stop;stop;1.0;True;80
197;0;161;57;57;stop;stop;1.0;True;80
197;1;191;57;57;stop;stop;1.0;True;78
197;2;144;57;57;stop;stop;1.0;True;93
197;3;150;57;57;stop;stop;1.0;True;91
197;4;200;57;57;stop;stop;1.0;True;94
197;5;147;57;57;stop;stop;1.0;True;97
197;6;140;57;57;stop;stop;1.0;True;96
197;7;227;57;57;stop;stop;1.0;True;83
197;8;192;57;57;stop;stop;1.0;True;102
197;9;206;57;57;stop;stop;1.0;True;83
198;0;175;350;350;stop;stop;1.0;True;65
198;1;198;350;350;stop;stop;1.0;True;84
198;2;222;350;350;stop;stop;1.0;True;125
198;3;206;350;350;stop;stop;1.0;True;96
198;4;156;350;350;stop;stop;1.0;True;79
198;5;280;350;350;stop;stop;1.0;True;94
198;6;196;350;350;stop;stop;1.0;True;102
198;7;162;350;350;stop;stop;1.0;True;94
198;8;212;350;350;stop;stop;1.0;True;85
198;9;184;350;350;stop;stop;1.0;True;83
199;0;232;1;1;stop;stop;1.0;True;84
199;1;138;1;1;stop;stop;1.0;True;94
199;2;149;1;1;stop;stop;1.0;True;120
199;3;142;1;1;stop;stop;1.0;True;98
199;4;169;1;1;stop;stop;1.0;True;89
199;5;136;1;1;stop;stop;1.0;True;83
199;6;151;1;1;stop;stop;1.0;True;75
199;7;198;1;1;stop;stop;1.0;True;86
199;8;206;1;1;stop;stop;1.0;True;85
199;9;170;1;1;stop;stop;1.0;True;80
200;0;198;39;39;stop;stop;1.0;True;168
200;1;245;39;39;stop;stop;1.0;True;90
200;2;293;39;39;stop;stop;1.0;True;193
200;3;260;39;39;stop;stop;1.0;True;154
200;4;290;39;39;stop;stop;1.0;True;153
200;5;275;39;39;stop;stop;1.0;True;86
200;6;248;39;39;stop;stop;1.0;True;143
200;7;310;39;39;stop;stop;1.0;True;148
200;8;236;39;39;stop;stop;1.0;True;136
200;9;210;39;39;stop;stop;1.0;True;165
201;0;168;8;8;stop;stop;1.0;True;71
201;1;240;8;8;stop;stop;1.0;True;91
201;2;205;8;8;stop;stop;1.0;True;94
201;3;184;8;8;stop;stop;1.0;True;73
201;4;166;8;8;stop;stop;1.0;True;88
201;5;137;8;8;stop;stop;1.0;True;67
201;6;189;8;8;stop;stop;1.0;True;88
201;7;181;8;8;stop;stop;1.0;True;80
201;8;278;8;8;stop;stop;1.0;True;88
201;9;150;8;8;stop;stop;1.0;True;106
202;0;235;469;469;stop;stop;1.0;True;100
202;1;213;469;469;stop;stop;1.0;True;89
202;2;306;469;469;stop;stop;1.0;True;92
202;3;216;469;469;stop;stop;1.0;True;93
202;4;219;469;469;stop;stop;1.0;True;88
202;5;175;469;469;stop;stop;1.0;True;68
202;6;196;469;469;stop;stop;1.0;True;137
202;7;273;469;469;stop;stop;1.0;True;99
202;8;174;469;469;stop;stop;1.0;True;80
202;9;215;469;469;stop;stop;1.0;True;140
203;0;219;8;8;stop;stop;1.0;True;90
203;1;274;8;8;stop;stop;1.0;True;85
203;2;172;8;8;stop;stop;1.0;True;93
203;3;236;8;8;stop;stop;1.0;True;87
203;4;174;8;8;stop;stop;1.0;True;85
203;5;190;8;8;stop;stop;1.0;True;69
203;6;172;8;8;stop;stop;1.0;True;100
203;7;184;8;8;stop;stop;1.0;True;82
203;8;190;8;8;stop;stop;1.0;True;62
203;9;213;8;8;stop;stop;1.0;True;141
204;0;270;6264;6264;stop;stop;0.3;True;146
204;1;408;6264;1578528;stop;stop;0.5;False;184
204;2;274;6264;1578528;stop;stop;0.5;False;160
204;3;418;6264;6264;stop;stop;0.3;True;189
204;4;383;6264;6281;stop;stop;0.1;False;186
204;5;264;6264;6300;stop;stop;0.1;False;192
204;6;281;6264;1578528;stop;stop;0.5;False;128
204;7;280;6264;1578528;stop;stop;0.5;False;74
204;8;346;6264;6264;stop;stop;0.3;True;103
204;9;306;6264;1578528;stop;stop;0.5;False;122
205;0;239;72;72;stop;stop;1.0;True;117
205;1;136;72;72;stop;stop;1.0;True;74
205;2;182;72;72;stop;stop;1.0;True;102
205;3;258;72;72;stop;stop;1.0;True;81
205;4;214;72;72;stop;stop;1.0;True;100
205;5;215;72;72;stop;stop;1.0;True;98
205;6;185;72;72;stop;stop;1.0;True;102
205;7;242;72;72;stop;stop;1.0;True;117
205;8;201;72;72;stop;stop;1.0;True;113
205;9;125;72;72;stop;stop;1.0;True;109
206;0;135;34;34;stop;stop;1.0;True;120
206;1;119;34;34;stop;stop;1.0;True;82
206;2;235;34;34;stop;stop;1.0;True;103
206;3;164;34;34;stop;stop;1.0;True;99
206;4;136;34;34;stop;stop;1.0;True;908
206;5;106;34;34;stop;stop;1.0;True;100
206;6;161;34;34;stop;stop;1.0;True;82
206;7;144;34;34;stop;stop;1.0;True;116
206;8;270;34;34;stop;stop;1.0;True;123
206;9;138;34;34;stop;stop;1.0;True;80
207;0;218;4300;4300;stop;stop;0.9;True;96
207;1;143;4300;4300;stop;stop;0.9;True;109
207;2;194;4300;4300;stop;stop;0.9;True;64
207;3;181;4300;4300;stop;stop;0.9;True;71
207;4;179;4300;4300;stop;stop;0.9;True;80
207;5;307;4300;4;stop;stop;0.1;False;139
207;6;168;4300;4300;stop;stop;0.9;True;76
207;7;175;4300;4300;stop;stop;0.9;True;93
207;8;211;4300;4300;stop;stop;0.9;True;106
207;9;197;4300;4300;stop;stop;0.9;True;77
208;0;291;420;420;stop;stop;1.0;True;108
208;1;163;420;420;stop;stop;1.0;True;68
208;2;183;420;420;stop;stop;1.0;True;117
208;3;334;420;420;stop;stop;1.0;True;74
208;4;286;420;420;stop;stop;1.0;True;96
208;5;243;420;420;stop;stop;1.0;True;82
208;6;166;420;420;stop;stop;1.0;True;78
208;7;169;420;420;stop;stop;1.0;True;69
208;8;263;420;420;stop;stop;1.0;True;92
208;9;223;420;420;stop;stop;1.0;True;79
209;0;152;25;25;stop;stop;1.0;True;68
209;1;177;25;25;stop;stop;1.0;True;130
209;2;182;25;25;stop;stop;1.0;True;92
209;3;109;25;25;stop;stop;1.0;True;134
209;4;201;25;25;stop;stop;1.0;True;147
209;5;149;25;25;stop;stop;1.0;True;77
209;6;164;25;25;stop;stop;1.0;True;55
209;7;157;25;25;stop;stop;1.0;True;82
209;8;246;25;25;stop;stop;1.0;True;104
209;9;170;25;25;stop;stop;1.0;True;77
210;0;443;3;3;stop;stop;1.0;True;109
210;1;489;3;3;stop;stop;1.0;True;132
210;2;470;3;3;stop;stop;1.0;True;77
210;3;311;3;3;stop;stop;1.0;True;89
210;4;358;3;3;stop;stop;1.0;True;139
210;5;177;3;3;stop;stop;1.0;True;66
210;6;335;3;3;stop;stop;1.0;True;189
210;7;133;3;3;stop;stop;1.0;True;111
210;8;208;3;3;stop;stop;1.0;True;98
210;9;318;3;3;stop;stop;1.0;True;157
220;0;217;22;22;stop;stop;1.0;True;103
220;1;252;22;22;stop;stop;1.0;True;81
220;2;151;22;22;stop;stop;1.0;True;82
220;3;194;22;22;stop;stop;1.0;True;91
220;4;230;22;22;stop;stop;1.0;True;117
220;5;166;22;22;stop;stop;1.0;True;94
220;6;218;22;22;stop;stop;1.0;True;81
220;7;280;22;22;stop;stop;1.0;True;132
220;8;244;22;22;stop;stop;1.0;True;105
220;9;142;22;22;stop;stop;1.0;True;65
221;0;186;6;6;stop;stop;1.0;True;77
221;1;216;6;6;stop;stop;1.0;True;127
221;2;177;6;6;stop;stop;1.0;True;105
221;3;160;6;6;stop;stop;1.0;True;123
221;4;360;6;6;stop;stop;1.0;True;174
221;5;207;6;6;stop;stop;1.0;True;97
221;6;167;6;6;stop;stop;1.0;True;79
221;7;266;6;6;stop;stop;1.0;True;113
221;8;157;6;6;stop;stop;1.0;True;102
221;9;177;6;6;stop;stop;1.0;True;71
222;0;236;137;137;stop;stop;1.0;True;114
222;1;188;137;137;stop;stop;1.0;True;107
222;2;173;137;137;stop;stop;1.0;True;102
222;3;140;137;137;stop;stop;1.0;True;94
222;4;193;137;137;stop;stop;1.0;True;124
222;5;192;137;137;stop;stop;1.0;True;94
222;6;138;137;137;stop;stop;1.0;True;80
222;7;166;137;137;stop;stop;1.0;True;148
222;8;255;137;137;stop;stop;1.0;True;98
222;9;203;137;137;stop;stop;1.0;True;123
223;0;187;2;2;stop;stop;1.0;True;74
223;1;151;2;2;stop;stop;1.0;True;64
223;2;191;2;2;stop;stop;1.0;True;84
223;3;205;2;2;stop;stop;1.0;True;198
223;4;170;2;2;stop;stop;1.0;True;60
223;5;124;2;2;stop;stop;1.0;True;49
223;6;135;2;2;stop;stop;1.0;True;58
223;7;186;2;2;stop;stop;1.0;True;74
223;8;184;2;2;stop;stop;1.0;True;57
223;9;156;2;2;stop;stop;1.0;True;95
224;0;169;112;112;stop;stop;1.0;True;87
224;1;182;112;112;stop;stop;1.0;True;75
224;2;176;112;112;stop;stop;1.0;True;77
224;3;147;112;112;stop;stop;1.0;True;90
224;4;157;112;112;stop;stop;1.0;True;74
224;5;164;112;112;stop;stop;1.0;True;86
224;6;271;112;112;stop;stop;1.0;True;64
224;7;143;112;112;stop;stop;1.0;True;84
224;8;135;112;112;stop;stop;1.0;True;101
224;9;189;112;112;stop;stop;1.0;True;47
225;0;140;25;25;stop;stop;1.0;True;149
225;1;193;25;25;stop;stop;1.0;True;101
225;2;226;25;25;stop;stop;1.0;True;119
225;3;183;25;25;stop;stop;1.0;True;126
225;4;265;25;25;stop;stop;1.0;True;124
225;5;334;25;25;stop;stop;1.0;True;152
225;6;176;25;25;stop;stop;1.0;True;125
225;7;237;25;25;stop;stop;1.0;True;97
225;8;231;25;25;stop;stop;1.0;True;96
225;9;242;25;25;stop;stop;1.0;True;69
226;0;188;238;238;stop;stop;1.0;True;137
226;1;191;238;238;stop;stop;1.0;True;76
226;2;227;238;238;stop;stop;1.0;True;155
226;3;122;238;238;stop;stop;1.0;True;57
226;4;238;238;238;stop;stop;1.0;True;127
226;5;177;238;238;stop;stop;1.0;True;104
226;6;230;238;238;stop;stop;1.0;True;137
226;7;212;238;238;stop;stop;1.0;True;95
226;8;126;238;238;stop;stop;1.0;True;64
226;9;222;238;238;stop;stop;1.0;True;212
227;0;215;2;2;stop;stop;1.0;True;60
227;1;158;2;2;stop;stop;1.0;True;63
227;2;239;2;2;stop;stop;1.0;True;130
227;3;152;2;2;stop;stop;1.0;True;104
227;4;338;2;2;stop;stop;1.0;True;166
227;5;144;2;2;stop;stop;1.0;True;79
227;6;149;2;2;stop;stop;1.0;True;115
227;7;143;2;2;stop;stop;1.0;True;137
227;8;197;2;2;stop;stop;1.0;True;83
227;9;140;2;2;stop;stop;1.0;True;93
228;0;233;99;99;stop;stop;1.0;True;97
228;1;156;99;99;stop;stop;1.0;True;94
228;2;227;99;99;stop;stop;1.0;True;118
228;3;229;99;99;stop;stop;1.0;True;96
228;4;166;99;99;stop;stop;1.0;True;95
228;5;186;99;99;stop;stop;1.0;True;96
228;6;167;99;99;stop;stop;1.0;True;93
228;7;154;99;99;stop;stop;1.0;True;82
228;8;157;99;99;stop;stop;1.0;True;102
228;9;155;99;99;stop;stop;1.0;True;94
229;0;117;19;19;stop;stop;1.0;True;58
229;1;170;19;19;stop;stop;1.0;True;112
229;2;111;19;19;stop;stop;1.0;True;84
229;3;208;19;19;stop;stop;1.0;True;61
229;4;149;19;19;stop;stop;1.0;True;75
229;5;206;19;19;stop;stop;1.0;True;116
229;6;220;19;19;stop;stop;1.0;True;87
229;7;137;19;19;stop;stop;1.0;True;89
229;8;189;19;19;stop;stop;1.0;True;118
229;9;137;19;19;stop;stop;1.0;True;103
230;0;261;46;46;stop;stop;1.0;True;102
230;1;218;46;46;stop;stop;1.0;True;111
230;2;307;46;46;stop;stop;1.0;True;148
230;3;245;46;46;stop;stop;1.0;True;109
230;4;242;46;46;stop;stop;1.0;True;117
230;5;304;46;46;stop;stop;1.0;True;208
230;6;294;46;46;stop;stop;1.0;True;145
230;7;277;46;46;stop;stop;1.0;True;138
230;8;310;46;46;stop;stop;1.0;True;123
230;9;279;46;46;stop;stop;1.0;True;143
231;0;520;7;2.333;stop;stop;0.2;False;170
231;1;184;7;7;stop;stop;0.5;True;159
231;2;273;7;2.333;stop;stop;0.2;False;144
231;3;350;7;;stop;stop;0.0;False;169
231;4;125;7;7;stop;stop;0.5;True;2078
231;5;307;7;2;stop;stop;0.2;False;182
231;6;319;7;7;stop;stop;0.5;True;149
231;7;353;7;7;stop;stop;0.5;True;161
231;8;261;7;2;stop;stop;0.2;False;83
231;9;223;7;7;stop;stop;0.5;True;147
232;0;267;3;8;stop;stop;0.1;False;116
232;1;194;3;3;stop;stop;0.7;True;151
232;2;147;3;3;stop;stop;0.7;True;67
232;3;331;3;15;stop;stop;0.1;False;177
232;4;189;3;3;stop;stop;0.7;True;112
232;5;157;3;3;stop;stop;0.7;True;103
232;6;184;3;3;stop;stop;0.7;True;119
232;7;184;3;3;stop;stop;0.7;True;108
232;8;414;3;4;stop;stop;0.1;False;61
232;9;153;3;3;stop;stop;0.7;True;97
233;0;153;5;5;stop;stop;0.8;True;125
233;1;220;5;5;stop;stop;0.8;True;132
233;2;194;5;5;stop;stop;0.8;True;120
233;3;184;5;5;stop;stop;0.8;True;104
233;4;185;5;5;stop;stop;0.8;True;131
233;5;176;5;5;stop;stop;0.8;True;170
233;6;163;5;5;stop;stop;0.8;True;167
233;7;225;5;2.5;stop;stop;0.2;False;179
233;8;172;5;5;stop;stop;0.8;True;124
233;9;263;5;2.5;stop;stop;0.2;False;184
234;0;215;13;10;stop;stop;1.0;False;120
234;1;219;13;10;stop;stop;1.0;False;119
234;2;168;13;10;stop;stop;1.0;False;64
234;3;173;13;10;stop;stop;1.0;False;118
234;4;202;13;10;stop;stop;1.0;False;103
234;5;111;13;10;stop;stop;1.0;False;68
234;6;237;13;10;stop;stop;1.0;False;88
234;7;293;13;10;stop;stop;1.0;False;123
234;8;198;13;10;stop;stop;1.0;False;110
234;9;185;13;10;stop;stop;1.0;False;92
235;0;178;21;21;stop;stop;1.0;True;77
235;1;154;21;21;stop;stop;1.0;True;78
235;2;246;21;21;stop;stop;1.0;True;62
235;3;298;21;21;stop;stop;1.0;True;155
235;4;139;21;21;stop;stop;1.0;True;77
235;5;177;21;21;stop;stop;1.0;True;82
235;6;150;21;21;stop;stop;1.0;True;62
235;7;138;21;21;stop;stop;1.0;True;99
235;8;151;21;21;stop;stop;1.0;True;72
235;9;177;21;21;stop;stop;1.0;True;53
236;0;196;265;265;stop;stop;1.0;True;132
236;1;145;265;265;stop;stop;1.0;True;102
236;2;383;265;265;stop;stop;1.0;True;179
236;3;155;265;265;stop;stop;1.0;True;117
236;4;206;265;265;stop;stop;1.0;True;136
236;5;168;265;265;stop;stop;1.0;True;95
236;6;460;265;265;stop;stop;1.0;True;287
236;7;339;265;265;stop;stop;1.0;True;163
236;8;280;265;265;stop;stop;1.0;True;109
236;9;220;265;265;stop;stop;1.0;True;97
237;0;166;22;22;stop;stop;1.0;True;66
237;1;113;22;22;stop;stop;1.0;True;83
237;2;345;22;22;stop;stop;1.0;True;112
237;3;187;22;22;stop;stop;1.0;True;97
237;4;195;22;22;stop;stop;1.0;True;122
237;5;218;22;22;stop;stop;1.0;True;104
237;6;186;22;22;stop;stop;1.0;True;136
237;7;190;22;22;stop;stop;1.0;True;71
237;8;117;22;22;stop;stop;1.0;True;86
237;9;148;22;22;stop;stop;1.0;True;118
238;0;255;27;27;stop;stop;1.0;True;135
238;1;207;27;27;stop;stop;1.0;True;130
238;2;227;27;27;stop;stop;1.0;True;125
238;3;246;27;27;stop;stop;1.0;True;103
238;4;245;27;27;stop;stop;1.0;True;122
238;5;230;27;27;stop;stop;1.0;True;119
238;6;195;27;27;stop;stop;1.0;True;151
238;7;290;27;27;stop;stop;1.0;True;113
238;8;181;27;27;stop;stop;1.0;True;139
238;9;242;27;27;stop;stop;1.0;True;128
239;0;195;1414;1414;stop;stop;1.0;True;133
239;1;238;1414;1414;stop;stop;1.0;True;112
239;2;145;1414;1414;stop;stop;1.0;True;101
239;3;240;1414;1414;stop;stop;1.0;True;136
239;4;251;1414;1414;stop;stop;1.0;True;131
239;5;124;1414;1414;stop;stop;1.0;True;116
239;6;165;1414;1414;stop;stop;1.0;True;60
239;7;310;1414;1414;stop;stop;1.0;True;86
239;8;156;1414;1414;stop;stop;1.0;True;89
239;9;171;1414;1414;stop;stop;1.0;True;93
240;0;262;11;11;stop;stop;1.0;True;90
240;1;234;11;11;stop;stop;1.0;True;191
240;2;195;11;11;stop;stop;1.0;True;219
240;3;219;11;11;stop;stop;1.0;True;145
240;4;306;11;11;stop;stop;1.0;True;75
240;5;209;11;11;stop;stop;1.0;True;143
240;6;233;11;11;stop;stop;1.0;True;140
240;7;253;11;11;stop;stop;1.0;True;147
240;8;180;11;11;stop;stop;1.0;True;164
240;9;177;11;11;stop;stop;1.0;True;192
241;0;242;73;73;stop;stop;1.0;True;138
241;1;188;73;73;stop;stop;1.0;True;96
241;2;231;73;73;stop;stop;1.0;True;115
241;3;228;73;73;stop;stop;1.0;True;189
241;4;189;73;73;stop;stop;1.0;True;158
241;5;191;73;73;stop;stop;1.0;True;133
241;6;191;73;73;stop;stop;1.0;True;60
241;7;223;73;73;stop;stop;1.0;True;126
241;8;167;73;73;stop;stop;1.0;True;129
241;9;186;73;73;stop;stop;1.0;True;102
242;0;186;2;2;stop;stop;1.0;True;99
242;1;173;2;2;stop;stop;1.0;True;96
242;2;218;2;2;stop;stop;1.0;True;93
242;3;181;2;2;stop;stop;1.0;True;85
242;4;168;2;2;stop;stop;1.0;True;130
242;5;153;2;2;stop;stop;1.0;True;97
242;6;175;2;2;stop;stop;1.0;True;90
242;7;154;2;2;stop;stop;1.0;True;94
242;8;184;2;2;stop;stop;1.0;True;75
242;9;155;2;2;stop;stop;1.0;True;78
243;0;205;11210;11210;stop;stop;1.0;True;97
243;1;406;11210;11210;stop;stop;1.0;True;152
243;2;418;11210;11210;stop;stop;1.0;True;106
243;3;218;11210;11210;stop;stop;1.0;True;79
243;4;209;11210;11210;stop;stop;1.0;True;141
243;5;191;11210;11210;stop;stop;1.0;True;65
243;6;202;11210;11210;stop;stop;1.0;True;114
243;7;242;11210;11210;stop;stop;1.0;True;155
243;8;247;11210;11210;stop;stop;1.0;True;157
243;9;222;11210;11210;stop;stop;1.0;True;126
244;0;153;2;2;stop;stop;0.8;True;81
244;1;247;2;2;stop;stop;0.8;True;140
244;2;186;2;1.6;stop;stop;0.2;False;171
244;3;223;2;2;stop;stop;0.8;True;178
244;4;281;2;2;stop;stop;0.8;True;130
244;5;240;2;2;stop;stop;0.8;True;57
244;6;269;2;1.6;stop;stop;0.2;False;173
244;7;380;2;2;stop;stop;0.8;True;158
244;8;262;2;2;stop;stop;0.8;True;175
244;9;302;2;2;stop;stop;0.8;True;102
245;0;171;10;10;stop;stop;1.0;True;106
245;1;194;10;10;stop;stop;1.0;True;86
245;2;123;10;10;stop;stop;1.0;True;93
245;3;151;10;10;stop;stop;1.0;True;82
245;4;182;10;10;stop;stop;1.0;True;83
245;5;157;10;10;stop;stop;1.0;True;149
245;6;141;10;10;stop;stop;1.0;True;98
245;7;118;10;10;stop;stop;1.0;True;96
245;8;205;10;10;stop;stop;1.0;True;120
245;9;171;10;10;stop;stop;1.0;True;98
246;0;306;2;2;stop;stop;1.0;True;234
246;1;315;2;2;stop;stop;1.0;True;189
246;2;301;2;2;stop;stop;1.0;True;197
246;3;288;2;2;stop;stop;1.0;True;232
246;4;240;2;2;stop;stop;1.0;True;207
246;5;220;2;2;stop;stop;1.0;True;87
246;6;195;2;2;stop;stop;1.0;True;221
246;7;299;2;2;stop;stop;1.0;True;150
246;8;284;2;2;stop;stop;1.0;True;169
246;9;305;2;2;stop;stop;1.0;True;183
247;0;227;2;2;stop;stop;1.0;True;106
247;1;187;2;2;stop;stop;1.0;True;131
247;2;182;2;2;stop;stop;1.0;True;94
247;3;185;2;2;stop;stop;1.0;True;118
247;4;188;2;2;stop;stop;1.0;True;94
247;5;174;2;2;stop;stop;1.0;True;98
247;6;172;2;2;stop;stop;1.0;True;93
247;7;185;2;2;stop;stop;1.0;True;90
247;8;196;2;2;stop;stop;1.0;True;150
247;9;185;2;2;stop;stop;1.0;True;112
248;0;216;186;186;stop;stop;1.0;True;107
248;1;135;186;186;stop;stop;1.0;True;110
248;2;224;186;186;stop;stop;1.0;True;122
248;3;198;186;186;stop;stop;1.0;True;136
248;4;207;186;186;stop;stop;1.0;True;128
248;5;173;186;186;stop;stop;1.0;True;129
248;6;208;186;186;stop;stop;1.0;True;89
248;7;179;186;186;stop;stop;1.0;True;102
248;8;170;186;186;stop;stop;1.0;True;88
248;9;179;186;186;stop;stop;1.0;True;76
249;0;188;19;19;stop;stop;1.0;True;181
249;1;194;19;19;stop;stop;1.0;True;91
249;2;235;19;19;stop;stop;1.0;True;157
249;3;261;19;19;stop;stop;1.0;True;131
249;4;225;19;19;stop;stop;1.0;True;168
249;5;203;19;19;stop;stop;1.0;True;118
249;6;141;19;19;stop;stop;1.0;True;93
249;7;187;19;19;stop;stop;1.0;True;98
249;8;266;19;19;stop;stop;1.0;True;130
249;9;184;19;19;stop;stop;1.0;True;164
170;0;246;276;276;stop;stop;1.0;True;77
170;1;207;276;276;stop;stop;1.0;True;161
170;2;172;276;276;stop;stop;1.0;True;87
170;3;265;276;276;stop;stop;1.0;True;121
170;4;251;276;276;stop;stop;1.0;True;131
170;5;515;276;276;stop;stop;1.0;True;175
170;6;281;276;276;stop;stop;1.0;True;95
170;7;173;276;276;stop;stop;1.0;True;125
170;8;157;276;276;stop;stop;1.0;True;117
170;9;251;276;276;stop;stop;1.0;True;133
171;0;211;25;25;stop;stop;1.0;True;66
171;1;173;25;25;stop;stop;1.0;True;69
171;2;146;25;25;stop;stop;1.0;True;71
171;3;172;25;25;stop;stop;1.0;True;85
171;4;233;25;25;stop;stop;1.0;True;116
171;5;185;25;25;stop;stop;1.0;True;51
171;6;157;25;25;stop;stop;1.0;True;80
171;7;253;25;25;stop;stop;1.0;True;1061
171;8;190;25;25;stop;stop;1.0;True;96
171;9;177;25;25;stop;stop;1.0;True;94
172;0;137;5;5;stop;stop;1.0;True;107
172;1;132;5;5;stop;stop;1.0;True;102
172;2;202;5;5;stop;stop;1.0;True;109
172;3;239;5;5;stop;stop;1.0;True;103
172;4;179;5;5;stop;stop;1.0;True;79
172;5;188;5;5;stop;stop;1.0;True;96
172;6;210;5;5;stop;stop;1.0;True;101
172;7;210;5;5;stop;stop;1.0;True;90
172;8;215;5;5;stop;stop;1.0;True;61
172;9;185;5;5;stop;stop;1.0;True;86
173;0;194;65;65;stop;stop;1.0;True;90
173;1;182;65;65;stop;stop;1.0;True;102
173;2;258;65;65;stop;stop;1.0;True;119
173;3;211;65;65;stop;stop;1.0;True;96
173;4;272;65;65;stop;stop;1.0;True;101
173;5;179;65;65;stop;stop;1.0;True;112
173;6;210;65;65;stop;stop;1.0;True;99
173;7;175;65;65;stop;stop;1.0;True;123
173;8;154;65;65;stop;stop;1.0;True;101
173;9;185;65;65;stop;stop;1.0;True;93
174;0;275;14;14;stop;stop;1.0;True;79
174;1;230;14;14;stop;stop;1.0;True;117
174;2;200;14;14;stop;stop;1.0;True;70
174;3;225;14;14;stop;stop;1.0;True;129
174;4;116;14;14;stop;stop;1.0;True;125
174;5;137;14;14;stop;stop;1.0;True;72
174;6;190;14;14;stop;stop;1.0;True;175
174;7;222;14;14;stop;stop;1.0;True;138
174;8;106;14;14;stop;stop;1.0;True;49
174;9;137;14;14;stop;stop;1.0;True;129
175;0;145;14;14;stop;stop;1.0;True;80
175;1;174;14;14;stop;stop;1.0;True;83
175;2;144;14;14;stop;stop;1.0;True;68
175;3;154;14;14;stop;stop;1.0;True;83
175;4;153;14;14;stop;stop;1.0;True;77
175;5;204;14;14;stop;stop;1.0;True;102
175;6;148;14;14;stop;stop;1.0;True;89
175;7;166;14;14;stop;stop;1.0;True;74
175;8;110;14;14;stop;stop;1.0;True;65
175;9;177;14;14;stop;stop;1.0;True;74
176;0;173;20;20;stop;stop;1.0;True;155
176;1;100;20;20;stop;stop;1.0;True;80
176;2;118;20;20;stop;stop;1.0;True;127
176;3;125;20;20;stop;stop;1.0;True;94
176;4;195;20;20;stop;stop;1.0;True;92
176;5;113;20;20;stop;stop;1.0;True;89
176;6;119;20;20;stop;stop;1.0;True;148
176;7;241;20;20;stop;stop;1.0;True;110
176;8;123;20;20;stop;stop;1.0;True;90
176;9;129;20;20;stop;stop;1.0;True;85
177;0;216;7;7;stop;stop;1.0;True;179
177;1;183;7;7;stop;stop;1.0;True;93
177;2;201;7;7;stop;stop;1.0;True;128
177;3;270;7;7;stop;stop;1.0;True;109
177;4;239;7;7;stop;stop;1.0;True;82
177;5;237;7;7;stop;stop;1.0;True;86
177;6;177;7;7;stop;stop;1.0;True;122
177;7;217;7;7;stop;stop;1.0;True;91
177;8;139;7;7;stop;stop;1.0;True;121
177;9;269;7;7;stop;stop;1.0;True;89
178;0;170;2;2;stop;stop;1.0;True;138
178;1;183;2;2;stop;stop;1.0;True;109
178;2;169;2;2;stop;stop;1.0;True;108
178;3;162;2;2;stop;stop;1.0;True;94
178;4;147;2;2;stop;stop;1.0;True;133
178;5;274;2;2;stop;stop;1.0;True;99
178;6;176;2;2;stop;stop;1.0;True;114
178;7;223;2;2;stop;stop;1.0;True;102
178;8;206;2;2;stop;stop;1.0;True;127
178;9;159;2;2;stop;stop;1.0;True;91
179;0;169;626;626;stop;stop;1.0;True;93
179;1;156;626;626;stop;stop;1.0;True;106
179;2;169;626;626;stop;stop;1.0;True;87
179;3;136;626;626;stop;stop;1.0;True;94
179;4;150;626;626;stop;stop;1.0;True;110
179;5;97;626;626;stop;stop;1.0;True;102
179;6;128;626;626;stop;stop;1.0;True;80
179;7;145;626;626;stop;stop;1.0;True;101
179;8;155;626;626;stop;stop;1.0;True;155
179;9;203;626;626;stop;stop;1.0;True;89
180;0;125;1;1;stop;stop;1.0;True;97
180;1;227;1;1;stop;stop;1.0;True;39
180;2;100;1;1;stop;stop;1.0;True;71
180;3;151;1;1;stop;stop;1.0;True;87
180;4;135;1;1;stop;stop;1.0;True;87
180;5;163;1;1;stop;stop;1.0;True;98
180;6;128;1;1;stop;stop;1.0;True;110
180;7;200;1;1;stop;stop;1.0;True;101
180;8;166;1;1;stop;stop;1.0;True;79
180;9;207;1;1;stop;stop;1.0;True;88
