id;iter;estimations
5;0;9.940886530547468e-08
5;1;1.5914967661403788e-08
5;2;5.047100093853895e-08
5;3;2.1047991777729726e-07
5;4;4.3106729218369076e-05
5;5;3.6973018060043337e-07
5;6;0.00015302910847085155
5;7;5.557022730038493e-11
5;8;5.332445872720268e-13
5;9;1.3789417550946467e-07
6;0;4.563370660572917e-06
6;1;0.0026861603087328777
6;2;3.945890355002174e-05
6;3;0.00023185678125654726
6;4;1.7389635138118566e-09
6;5;3.4370229161272426e-06
6;6;0.0007557145970252103
6;7;8.1757535200262e-11
6;8;0.9909447054778927
6;9;2.8862406395962237e-10
7;0;1.5824071296439397e-05
7;1;0.00022004219715350922
7;2;4.4596714333516314e-20
7;3;8.546053849499516e-05
7;4;1.4678197568178447e-08
7;5;4.431162619433752e-06
7;6;1.1966497878048962e-11
7;7;5.536849708475233e-08
7;8;3.738509807996605e-11
7;9;0.00017154217021190529
8;0;3.9687061638978276e-08
8;1;1.0
8;2;1.2980233400423877e-07
8;3;6.360065234760239e-08
8;4;1.0
8;5;1.0425048860178848e-09
8;6;1.0
8;7;1.0
8;8;2.0393475955236946e-05
8;9;1.6333526477421594e-06
9;0;9.152313791895844e-33
9;1;0.00019148744691727327
9;2;1.9530791986003483e-06
9;3;1.1634160579185645e-38
9;4;6.234357159139623e-09
9;5;2.5864952933129744e-07
9;6;8.581146054837615e-13
9;7;0.005106303871044279
9;8;1.1816584931191265e-07
9;9;0.0027904018620844855
0;0;7.849197306574775e-12
0;1;2.891809774454104e-12
0;2;5.651337324072823e-16
0;3;6.114529302690969e-20
0;4;3.0998137034327466e-11
0;5;1.5607376686008304e-10
0;6;5.569307492762399e-12
0;7;3.0150477314397295e-15
0;8;8.563355028649157e-13
0;9;6.768259159422407e-09
1;0;4.187394568082445e-05
1;1;0.0012768370877498801
1;2;0.001723876168840933
1;3;0.0009671142988515346
1;4;6.084168757201916e-05
1;5;1.8032854083716192e-12
1;6;0.0005340616413924665
1;7;0.00032684412483882045
1;8;3.40145863686584e-07
1;9;2.2652062156720274e-07
2;0;1.3101071746049586e-05
2;1;3.239163462361166e-08
2;2;0.028248010702027582
2;3;1.7068763210691653e-05
2;4;7.749205899933896e-08
2;5;3.549508229775597e-06
2;6;2.7567863445731125e-05
2;7;0.013800441021815392
2;8;0.0008090659821993064
2;9;1.2468730951635355e-05
3;0;0.001612032874291002
3;1;0.003313817126269273
3;2;3.4229522408312145e-09
3;3;0.0003928029874548348
3;4;2.6432952139355268e-05
3;5;0.012908782277242894
3;6;0.02481074687256548
3;7;5.243703211905601e-06
3;8;0.04853989671678144
3;9;2.1129427778260867e-08
4;0;0.001935814900087701
4;1;1.655431326584653e-06
4;2;1.5951546292201797e-05
4;3;0.13970704428484682
4;4;0.00028584712333167353
4;5;0.004127537268717361
4;6;0.0010624125827259844
4;7;0.020377509590098195
4;8;0.003544870594681555
4;9;0.0010824077787648875
10;0;6.278947176750773e-09
10;1;1.231211571543815e-07
10;2;1.0
10;3;2.383157763868847e-12
10;4;1.0
10;5;5.337102500728414e-06
10;6;1.0
10;7;2.5431695787866546e-05
10;8;7.848231988779155e-21
10;9;1.0
11;0;1.0
11;1;0.00019369452183100157
11;2;2.921712224476198e-11
11;3;1.0
11;4;2.2790372832366047e-07
11;5;1.0
11;6;1.4020733130528954e-11
11;7;5.644039946276554e-06
11;8;6.3766196497465015e-09
11;9;1.2109260954341764e-08
12;0;1.449926315942933e-07
12;1;0.0002771853420474084
12;2;2.2540452198027396e-05
12;3;2.9173767477557543e-05
12;4;2.461276823051632e-07
12;5;2.14701698839261e-08
12;6;4.763693104225257e-05
12;7;9.97000422962296e-07
12;8;0.00015702699452838044
12;9;1.101239431182446e-06
13;0;9.248002158232048e-08
13;1;1.1298134770889334e-10
13;2;1.0
13;3;4.997905973237334e-06
13;4;1.1558923979605279e-10
13;5;0.0030038174976493473
13;6;0.0003712779957945686
13;7;4.261214335622282e-05
13;8;1.0
13;9;1.007898960122305e-07
14;0;2.9899918231021613e-05
14;1;0.027069130815759727
14;2;0.010118666672606096
14;3;0.016922059470039896
14;4;3.493041722483416e-07
14;5;0.0031789367157595548
14;6;3.4688228888212944e-09
14;7;6.586925629631365e-08
14;8;0.0001129683945516526
14;9;1.622153801531037e-06
15;0;2.470503005333757e-13
15;1;3.4488632217479573e-16
15;2;2.1315947457024713e-08
15;3;1.135281521468348e-09
15;4;2.85081665366921e-07
15;5;5.014205551976098e-13
15;6;5.394878881438719e-12
15;7;1.0
15;8;5.660562411135477e-07
15;9;6.094010838949111e-16
16;0;5.2075845038345825e-06
16;1;2.615832462710894e-07
16;2;6.870052949331379e-09
16;3;3.213717942912057e-08
16;4;0.00056350187664729
16;5;2.9154421960958636e-06
16;6;9.659623176126756e-07
16;7;1.1667584625311994e-06
16;8;1.1798780188799042e-06
16;9;2.3520744231249814e-06
17;0;3.2074442351781206e-16
17;1;7.175714895235278e-11
17;2;1.527831011790254e-11
17;3;6.755140960316381e-11
17;4;2.0298210360607346e-10
17;5;6.132419453599509e-07
17;6;1.2943452553291897e-10
17;7;2.8355844227646303e-13
17;8;2.8348069883221046e-14
17;9;7.044173942858677e-16
18;0;6.899640641187437e-16
18;1;4.543400898795917e-15
18;2;2.132298621237223e-24
18;3;2.1568306244363924e-14
18;4;1.7672401400876672e-06
18;5;9.61447399288207e-11
18;6;1.469249703924201e-14
18;7;1.5810640947101524e-31
18;8;2.3750204559021873e-12
18;9;1.0
19;0;1.9480663641203672e-13
19;1;1.0
19;2;2.7260958870748396e-10
19;3;1.1744599984452614e-06
19;4;1.0
19;5;5.513129210203922e-09
19;6;1.0
19;7;1.0
19;8;1.0
19;9;1.0
20;0;1.5612340780716714e-06
20;1;2.0219003905698291e-13
20;2;1.6866854368319676e-07
20;3;1.0763873557713333e-09
20;4;8.169522494180749e-10
20;5;3.2381052827223614e-10
20;6;1.1965722993696751e-15
20;7;7.123832494050772e-11
20;8;1.3230549046461377e-06
20;9;1.2285866184408453e-05
21;0;0.0006793378721762457
21;1;0.08823882895306386
21;2;0.005372606422799339
21;3;0.002181211637396315
21;4;0.00011844782706635263
21;5;7.547166125423367e-06
21;6;2.370861489963308e-06
21;7;5.331349955770198e-09
21;8;0.0007556059601554476
21;9;9.198729162811537e-06
22;0;4.1986633033964675e-13
22;1;8.984346554038252e-07
22;2;6.200750076451479e-05
22;3;5.583176039109974e-09
22;4;1.7210932960682803e-05
22;5;0.0003398478392873118
22;6;2.732449135296713e-13
22;7;2.612806939387591e-10
22;8;1.1071215392572055e-05
22;9;6.055847563177628e-06
23;0;0.0002179250603182541
23;1;0.00220523662365598
23;2;2.4719710925785048e-18
23;3;9.314669842412651e-12
23;4;1.768180204327064e-05
23;5;6.308141249585226e-14
23;6;0.0003042190461771528
23;7;0.008874680821234516
23;8;0.001739449666061893
23;9;0.001080727657725187
24;0;2.772697824409937e-08
24;1;7.791333891838353e-12
24;2;6.509261031497316e-09
24;3;1.0
24;4;2.8707597397276054e-07
24;5;2.798698075037601e-15
24;6;1.0
24;7;1.8577921454393062e-13
24;8;0.00035404401315130017
24;9;1.0
25;0;9.145606485451982e-07
25;1;6.9003973201550595e-09
25;2;1.9632490003049767e-05
25;3;6.710709548268212e-09
25;4;5.328560556280421e-08
25;5;3.143901560711004e-07
25;6;2.1283532652900265e-07
25;7;0.00013936761534379504
25;8;2.335546854574188e-06
25;9;0.0031462628354097487
26;0;0.0012632886555798554
26;1;2.1318481758697917e-09
26;2;4.8256314761139174e-08
26;3;1.4928703568126867e-08
26;4;3.5193947159974795e-09
26;5;3.808510708223743e-06
26;6;1.502565035784036e-08
26;7;1.1569471068058003e-08
26;8;5.56794676391465e-05
26;9;2.8729785870662834e-11
27;0;8.964267361713506e-05
27;1;0.02401976353711507
27;2;7.763106669649507e-15
27;3;5.01459809327155e-05
27;4;0.006433517858270303
27;5;2.4769739145216383e-05
27;6;0.1254355478120257
27;7;6.168947762254472e-05
27;8;0.04054244165871383
27;9;0.023438463619233556
28;0;4.362373122003243e-08
28;1;0.0004308515551247608
28;2;0.00033012318709434374
28;3;4.638171997745823e-06
28;4;0.0006346010051134101
28;5;0.0005426923262027486
28;6;5.380257181315779e-09
28;7;1.6853707625552724e-05
28;8;0.0004944126784338173
28;9;0.0045843076851233774
29;0;2.110587424865084e-11
29;1;1.9792180704131778e-20
29;2;8.480784701043942e-07
29;3;1.857907962694455e-12
29;4;2.929811396278449e-22
29;5;2.0003388090932515e-12
29;6;1.1493256656446335e-11
29;7;8.897260529369352e-08
29;8;4.381556309689759e-09
29;9;2.961156797944861e-21
30;0;3.1868192097834324e-05
30;1;2.769331227813127e-07
30;2;9.484292355411709e-11
30;3;8.767422395403246e-08
30;4;1.5883251981894365e-08
30;5;2.6556551648774054e-09
30;6;1.0
30;7;1.2565514001283565e-16
30;8;5.4038707208814696e-05
30;9;0.000332988923939936
31;0;7.040513408248399e-09
31;1;4.2395260915996746e-09
31;2;1.6532154919378215e-08
31;3;1.682962698428101e-11
31;4;1.4070131799482762e-13
31;5;2.0540687868028187e-06
31;6;1.0288978263189955e-09
31;7;2.377326233789231e-05
31;8;1.0
31;9;2.389898528855916e-11
32;0;0.00040552230969257655
32;1;5.806560157515728e-05
32;2;9.686111880341993e-06
32;3;0.0003300655785289138
32;4;7.429832472856291e-05
32;5;0.00034910378586091033
32;6;5.80327933526752e-06
32;7;5.0664195455279614e-05
32;8;6.376307242196093e-06
32;9;0.012324465288449066
33;0;1.9511317112868068e-07
33;1;1.0
33;2;1.6254776452976503e-05
33;3;0.0003395473544873999
33;4;1.6913877858633464e-09
33;5;5.429693211943684e-20
33;6;2.814013856342359e-09
33;7;4.6064764020544045e-09
33;8;1.6737264567483564e-09
33;9;7.482193127845881e-06
34;0;7.536898234233256e-06
34;1;0.010279642662629748
34;2;7.925195249263114e-06
34;3;9.42583649636761e-15
34;4;0.0071923834173881615
34;5;0.010424367457238076
34;6;0.006239581206423458
34;7;1.0
34;8;2.208337913707341e-05
34;9;3.2534421969901095e-07
35;0;5.628980925197317e-06
35;1;0.00014153788342564068
35;2;0.0015148349858111058
35;3;0.0004986936017728247
35;4;2.6678583013534695e-07
35;5;7.913617592648532e-05
35;6;6.347271043143684e-08
35;7;6.2476708502532e-05
35;8;1.0556348716342487e-07
35;9;2.5029480452278585e-06
36;0;3.7124969885771192e-06
36;1;0.005780906124140734
36;2;7.711242537171008e-11
36;3;8.52368925951766e-11
36;4;6.715915921720544e-09
36;5;5.39150501363879e-11
36;6;6.610565685418129e-08
36;7;5.3173364861802766e-08
36;8;1.0636749690508099e-10
36;9;9.606839382637804e-07
37;0;8.021414737014005e-15
37;1;2.301337751683206e-09
37;2;7.051505089017383e-10
37;3;2.6085194276760555e-06
37;4;3.5883470679129962e-06
37;5;1.611811128777415e-07
37;6;4.796120572914996e-17
37;7;2.4051130483710446e-10
37;8;0.5415234380912989
37;9;9.086480547560797e-07
38;0;3.455734401535994e-07
38;1;9.624375747585121e-05
38;2;1.2122562244567495e-09
38;3;0.00023976590367914507
38;4;2.365281029550827e-15
38;5;1.5732224801134586e-06
38;6;1.4928429013764113e-13
38;7;4.1742362572623385e-12
38;8;7.549224354496035e-05
38;9;0.000560721379738632
39;0;0.0006743851363023601
39;1;1.0
39;2;1.0852101191045874e-06
39;3;0.0003323115505503306
39;4;2.3113554773404907e-08
39;5;0.00040330346006657635
39;6;9.709759503338169e-08
39;7;1.0
39;8;1.9395119641649968e-09
39;9;4.423716831251943e-09
40;0;1.0919107903387438e-08
40;1;1.6494439894991344e-13
40;2;1.3057935788797676e-22
40;3;2.6197925874113493e-09
40;4;0.00028369349928559335
40;5;1.0
40;6;4.9879472621098244e-06
40;7;2.98580326275089e-12
40;8;7.3220739239065244e-09
40;9;8.373771817803152e-10
41;0;0.002756167228900478
41;1;2.812792786974885e-05
41;2;1.7688116027662765e-06
41;3;0.0006609958358899362
41;4;0.00018148521832237792
41;5;1.592126527895669e-05
41;6;8.845621573258836e-08
41;7;3.576845526188737e-05
41;8;2.5572994935365162e-05
41;9;0.03814388991573426
42;0;1.4047716808223985e-06
42;1;1.6588295157001997e-05
42;2;1.622009355902302e-12
42;3;9.916892552870496e-07
42;4;0.03425241369995335
42;5;0.00011080132510440081
42;6;3.3140450784763864e-09
42;7;0.0004745883320967958
42;8;1.0
42;9;3.09131621879158e-07
43;0;2.1701724818404064e-08
43;1;3.6708974206687775e-09
43;2;1.8102998117018158e-09
43;3;3.9795933543477424e-13
43;4;7.94474624972983e-11
43;5;1.1064881320668513e-08
43;6;1.4904072335940977e-12
43;7;1.554601242663658e-08
43;8;1.8680735194936103e-12
43;9;1.6640742754860765e-14
44;0;3.1117463490381166e-07
44;1;0.0006601612897448195
44;2;1.0
44;3;1.0
44;4;6.369417487564872e-17
44;5;1.2995698822593666e-06
44;6;0.00022025911362826402
44;7;0.0002918149684802465
44;8;1.6332476328152314e-06
44;9;3.401749607162681e-09
45;0;3.4985043021227297e-08
45;1;4.454644760358167e-06
45;2;8.904504359492008e-13
45;3;4.929312613156627e-06
45;4;6.061270266016856e-06
45;5;9.130226942243093e-06
45;6;4.727257562755194e-21
45;7;0.00028958601216201346
45;8;3.909750362404854e-09
45;9;3.368915513736125e-14
46;0;8.238165018344541e-15
46;1;1.0
46;2;8.277432756055213e-22
46;3;9.173530462123728e-07
46;4;1.8248123808797525e-07
46;5;2.292440996814441e-09
46;6;5.676222728825102e-14
46;7;0.9400598308378256
46;8;1.8290961712475369e-06
46;9;4.466127978346204e-07
47;0;0.0003900658179029816
47;1;8.336678620085087e-05
47;2;0.0002243476549093515
47;3;0.004660148160317733
47;4;9.693202655508113e-06
47;5;0.0001062421338096467
47;6;0.0001761235992916781
47;7;0.00012010997081930208
47;8;0.013145099535810533
47;9;3.315751364281086e-06
48;0;4.374687138949999e-05
48;1;1.3402500940562274e-05
48;2;1.384267101021155e-11
48;3;3.7783374272675127e-06
48;4;2.695488078113521e-06
48;5;4.2788053386153197e-10
48;6;7.298539008946562e-09
48;7;1.9477856411139914e-09
48;8;8.038429245466411e-09
48;9;1.331490207105677e-09
49;0;2.619267034599653e-10
49;1;0.010812595188343033
49;2;0.0012337122075660643
49;3;0.001800711071008039
49;4;0.005417822502281155
49;5;1.4454252303862003e-05
49;6;0.003953506981181283
49;7;3.5801375961694467e-05
49;8;2.434257092178257e-06
49;9;0.0004935829939697207
50;0;5.576562273076734e-05
50;1;8.937265262321469e-05
50;2;0.002173847965468307
50;3;4.980984640830751e-06
50;4;1.288007281815584e-07
50;5;0.0050808243765659115
50;6;9.333499555724133e-06
50;7;0.0037227727316934225
50;8;9.02888950488528e-05
50;9;0.0001609367123869235
51;0;1.1719200308222024e-07
51;1;3.209913739552602e-05
51;2;2.46427126437075e-12
51;3;2.1748519368700727e-08
51;4;1.5723708951120547e-11
51;5;9.416890041102592e-09
51;6;2.852343488152279e-06
51;7;3.007608036349177e-09
51;8;1.484931366207203e-05
51;9;4.1019961525008873e-10
52;0;0.00022455319430805435
52;1;0.0006208670339042148
52;2;1.8762134558740147e-11
52;3;1.5109324082155771e-06
52;4;3.2223350601419914e-07
52;5;1.0
52;6;7.692483833466091e-05
52;7;0.206964007639397
52;8;2.5534469598934363e-07
52;9;0.0021708172816127993
53;0;5.231508461053028e-11
53;1;2.610573104594685e-05
53;2;7.404045589930081e-06
53;3;2.2194684618837435e-05
53;4;4.917043364279499e-06
53;5;9.180707231191117e-08
53;6;0.005348636664937164
53;7;1.7516170099189497e-07
53;8;0.589099373258792
53;9;1.1958365773876827e-16
54;0;2.090030132932967e-11
54;1;2.068430029844563e-05
54;2;5.728866449215383e-07
54;3;0.00021592071968262887
54;4;6.510887311280014e-07
54;5;2.687816333555503e-07
54;6;2.4465674394997696e-08
54;7;1.3536625538332609e-06
54;8;7.634059202354136e-07
54;9;4.5287924613834165e-10
55;0;1.0
55;1;1.0
55;2;1.0
55;3;5.5552452755637733e-08
55;4;1.0
55;5;7.405361346092771e-11
55;6;5.503984083786471e-06
55;7;4.925933271535288e-05
55;8;0.00027988300788253065
55;9;0.003676292794935927
56;0;5.3657215700387285e-05
56;1;0.00299486601398609
56;2;0.00379784184261654
56;3;1.0332771702839415e-10
56;4;5.923810778370296e-11
56;5;8.839968153711168e-09
56;6;6.400138162542979e-07
56;7;4.758498749011073e-08
56;8;3.4153524819740146e-05
56;9;0.0003058029579168624
57;0;9.862338487548162e-06
57;1;0.0001807478535662178
57;2;0.007312212182760993
57;3;0.0012671939791872881
57;4;0.00311633173583217
57;5;1.6719435512928452e-07
57;6;0.15577076331446504
57;7;3.713523396053724e-05
57;8;2.7842370266063425e-07
57;9;0.00018875756046884704
58;0;1.0
58;1;4.328687002754573e-09
58;2;5.886011724395199e-09
58;3;1.0
58;4;0.011181161096462501
58;5;1.0
58;6;1.0
58;7;1.0
58;8;1.0
58;9;3.562548636576342e-10
59;0;1.0
59;1;1.0
59;2;2.498498147117499e-08
59;3;1.0
59;4;1.0
59;5;1.0
59;6;9.171968602457409e-10
59;7;3.768876134085696e-12
59;8;7.856730532686514e-06
59;9;1.0
60;0;4.743412807892069e-19
60;1;3.751583252898421e-17
60;2;5.031013690092126e-06
60;3;4.387423523911181e-13
60;4;0.004193830011359674
60;5;7.14618682092807e-11
60;6;0.000728239049567625
60;7;4.2976782767293874e-17
60;8;9.987340697924194e-17
60;9;6.4694762987549e-13
61;0;1.549394060786638e-09
61;1;7.64568226981596e-07
61;2;1.0654845634270748e-10
61;3;0.0003361414225613792
61;4;2.7561269352193913e-05
61;5;0.0002019980697214419
61;6;0.006046418695588539
61;7;0.00021137508993231965
61;8;3.6035867601749024e-09
61;9;1.1571219974729697e-05
62;0;6.2242128350230526e-06
62;1;2.5176833868656413e-07
62;2;1.0
62;3;0.00019141897261793937
62;4;2.3851168946816116e-09
62;5;0.000925657272397705
62;6;1.738272576961669e-06
62;7;5.7324816232550396e-05
62;8;1.853905988847993e-05
62;9;1.0
63;0;6.0764349067343125e-06
63;1;0.0003718233051281084
63;2;0.004761064915945422
63;3;9.24772559841861e-09
63;4;6.270859267173693e-06
63;5;1.4036787047055333e-11
63;6;0.008798166708907415
63;7;6.1525058380415006e-09
63;8;0.008202317600816827
63;9;7.639565271179134e-06
64;0;1.0
64;1;6.158921513474e-16
64;2;1.0
64;3;1.0
64;4;1.8906248016074097e-12
64;5;2.000702408526692e-10
64;6;1.2158940199189333e-05
64;7;6.231936898486163e-12
64;8;1.0
64;9;2.6728541831944488e-14
65;0;1.0
65;1;1.0
65;2;1.1504277649034285e-10
65;3;5.626708340047267e-05
65;4;1.0704981180767301e-08
65;5;1.0
65;6;1.1611029330223721e-05
65;7;2.454972811596016e-06
65;8;1.7724191280452484e-05
65;9;2.1165157140205482e-05
66;0;1.0236905224505594e-06
66;1;1.3260276300986451e-16
66;2;1.096043410034571e-13
66;3;3.8808519557395996e-09
66;4;4.09037541179885e-07
66;5;2.930747561727419e-11
66;6;1.213011667448838e-10
66;7;4.7451676505886096e-08
66;8;3.3099512510700263e-10
66;9;8.730624164847338e-09
67;0;4.806064638016653e-11
67;1;1.700519168262492e-05
67;2;0.001797332525244212
67;3;1.0
67;4;0.0002023414969378124
67;5;0.00022622337379036905
67;6;5.54327533781052e-05
67;7;1.0476789007099443e-05
67;8;1.819616682521272e-06
67;9;1.0634812487037618e-06
68;0;2.5731401469910693e-12
68;1;0.003894561260817399
68;2;1.623076810815325e-07
68;3;4.878566350250644e-10
68;4;7.475832165645889e-21
68;5;0.00024344800462462455
68;6;3.8921533310241815e-12
68;7;7.82066608071187e-11
68;8;7.572615799925317e-07
68;9;1.216774691925199e-05
69;0;3.0999673808707795e-08
69;1;8.257474614082408e-13
69;2;1.1681107251033706e-05
69;3;0.000921455128816782
69;4;2.7450296328996606e-11
69;5;5.704312617264584e-08
69;6;1.0096776146425149e-09
69;7;2.2697651448111653e-07
69;8;0.00015031622142682666
69;9;8.879407989506583e-11
75;0;2.028268111720746e-05
75;1;6.148851704146756e-05
75;2;6.704604252013241e-09
75;3;7.943898835654013e-11
75;4;1.907698671457865e-20
75;5;0.0004035140247195333
75;6;1.9937587563832223e-15
75;7;1.0544400536404354e-10
75;8;4.173320293881682e-17
75;9;7.386025568099022e-13
76;0;7.458174504887805e-08
76;1;7.037357424067545e-08
76;2;1.2458257830426202e-07
76;3;6.737179044762901e-06
76;4;0.02501466299563487
76;5;0.0006226882741333084
76;6;4.669393309979487e-09
76;7;0.0010915276743109967
76;8;6.755328377591155e-12
76;9;0.03571157066358144
77;0;0.00014847612890507886
77;1;5.9754084141668484e-05
77;2;0.00027820298016570806
77;3;1.0
77;4;3.241349129735369e-08
77;5;5.507454337394549e-05
77;6;0.008241001591167425
77;7;0.0027261384644436193
77;8;0.00041580936212744733
77;9;0.00019632848342430136
78;0;2.688278113188712e-07
78;1;9.080936295989709e-05
78;2;0.04485016405569922
78;3;0.009141334175030033
78;4;6.188674092994965e-05
78;5;2.1502001703777636e-08
78;6;8.426718708133214e-06
78;7;1.5445508959083604e-05
78;8;0.00016790601806209913
78;9;1.403452888271759e-07
79;0;2.192004953002106e-05
79;1;6.545041046890553e-06
79;2;9.533376376601544e-11
79;3;2.3520387182936376e-11
79;4;0.33715543700315065
79;5;2.6756942835468137e-06
79;6;1.3852222592467552e-06
79;7;1.1998411915263929e-08
79;8;3.801007175097368e-08
79;9;2.58065522425213e-07
70;0;2.885455931888007e-06
70;1;2.7149098625824513e-07
70;2;1.170256341003953e-09
70;3;4.907712730138215e-08
70;4;1.7461119261355603e-07
70;5;5.005071995168783e-10
70;6;1.1485290257140664e-08
70;7;1.0393947273085392e-10
70;8;1.972660727337308e-06
70;9;2.0997502232259267e-06
71;0;2.707008150464515e-12
71;1;0.0003282758708142332
71;2;0.03194056898144166
71;3;0.00147854407280039
71;4;0.0024553513570260356
71;5;2.8112868995777984e-07
71;6;0.022141702626482254
71;7;5.950934316760076e-07
71;8;2.2574588644135572e-05
71;9;0.0010063325784257615
72;0;9.208601205197282e-05
72;1;0.0005947176170451577
72;2;4.727469006797632e-05
72;3;6.123073622352319e-08
72;4;6.996016476093629e-06
72;5;1.2233454952047096e-07
72;6;4.228221011111388e-06
72;7;8.73861277402598e-06
72;8;0.00047344662678580493
72;9;8.529757242529285e-07
73;0;1.8163111005011358e-05
73;1;3.832151261992616e-06
73;2;1.0174584776285683e-09
73;3;7.901060442508414e-12
73;4;3.842965517875215e-09
73;5;2.3971471875993147e-07
73;6;3.0455221459345988e-05
73;7;0.001180164703991937
73;8;4.211539005565729e-15
73;9;0.0012219882856368363
74;0;1.4706708454227697e-09
74;1;1.9922753716783556e-08
74;2;9.215779873572343e-07
74;3;7.124188631331317e-08
74;4;1.0296169228399502e-09
74;5;2.1328070290319745e-08
74;6;5.754233972695082e-08
74;7;2.4876390230896156e-06
74;8;6.362559841390612e-07
74;9;4.606008143336184e-07
85;0;0.0006701185418553407
85;1;0.00014866694714381798
85;2;5.815342673484864e-06
85;3;7.763961407329392e-05
85;4;1.364855303967379e-06
85;5;0.00016427257592774533
85;6;0.0036601964065815875
85;7;0.001135284801139813
85;8;0.00010185952975965104
85;9;2.5774878782560824e-05
86;0;6.922791347437849e-07
86;1;5.0780725077320195e-09
86;2;1.4354284112935978e-09
86;3;1.6667976887931964e-13
86;4;4.362626206619726e-07
86;5;1.509380068251033e-06
86;6;9.835186813390847e-08
86;7;3.819127670170493e-10
86;8;0.0020658079789412772
86;9;1.9883656346414317e-13
87;0;1.017541822428068e-06
87;1;7.01283534225988e-11
87;2;3.2720219176146076e-05
87;3;6.802392702356333e-08
87;4;0.00011098963115949186
87;5;1.2933677619316389e-11
87;6;1.2293129037497514e-15
87;7;7.948240171037956e-05
87;8;2.883814070700546e-05
87;9;1.6047706083775474e-05
88;0;0.0004777612600827203
88;1;0.00011862402694508385
88;2;4.020943783559856e-07
88;3;0.0001340731051215882
88;4;3.851177353739176e-09
88;5;0.0020704509752069093
88;6;5.357537214162789e-07
88;7;1.297209066236457e-05
88;8;1.5581984528238708e-05
88;9;4.242327210044982e-06
89;0;9.828302028421559e-08
89;1;1.0
89;2;1.0
89;3;1.2404842965101917e-06
89;4;5.447761349756977e-13
89;5;1.106373044581119e-10
89;6;1.0594210622710805e-05
89;7;7.374346371206126e-10
89;8;6.95914159717346e-07
89;9;5.482287125814612e-06
80;0;1.4802954704109137e-10
80;1;1.7288895651610398e-11
80;2;1.6808382413204936e-14
80;3;1.3718806592588285e-13
80;4;0.00010141329770146049
80;5;1.516051139257352e-10
80;6;5.7988080566596996e-08
80;7;1.2950881293125778e-13
80;8;1.1507435456241072e-06
80;9;1.1182264904817922e-06
81;0;1.973373578881051e-11
81;1;5.451439009431174e-07
81;2;6.897883347680175e-10
81;3;1.3510528677982646e-07
81;4;6.318967782968352e-12
81;5;2.0314568602884102e-14
81;6;1.4350960115922439e-08
81;7;1.484737154542879e-06
81;8;8.579587301280023e-07
81;9;8.878030095102737e-09
82;0;2.9837939798445376e-12
82;1;0.0002657901125752637
82;2;1.7221872694374852e-07
82;3;1.3025855036277932e-08
82;4;4.210405149194083e-06
82;5;5.657288765851258e-09
82;6;1.2682693052144658e-15
82;7;3.737968548249613e-08
82;8;1.7528672793640684e-10
82;9;3.845627066056281e-17
83;0;0.00012874027168756946
83;1;0.00017023518497968695
83;2;8.088183417353885e-06
83;3;5.64861440088229e-11
83;4;0.0004431999931365496
83;5;7.5918525849541395e-06
83;6;2.8166576590075535e-05
83;7;7.551094305210048e-08
83;8;1.1205395474303246e-06
83;9;0.0001321659041930316
84;0;1.1131635296975244e-06
84;1;4.690716599896955e-11
84;2;7.683284091768491e-13
84;3;4.4928885675206123e-07
84;4;2.026429869607274e-15
84;5;0.00010745737872602034
84;6;6.436771321412817e-11
84;7;7.748512221637477e-06
84;8;1.6999410169502246e-09
84;9;1.2465939813071001e-14
95;0;1.0
95;1;1.0
95;2;7.482122560806031e-15
95;3;6.791153271507595e-10
95;4;1.0
95;5;2.378926165642699e-09
95;6;1.0
95;7;1.41701237749586e-07
95;8;1.0
95;9;1.0
96;0;2.125881977365591e-12
96;1;2.0070078042577576e-06
96;2;1.9823993009531707e-06
96;3;4.0096508216335765e-05
96;4;0.006858172166060744
96;5;4.487441104041931e-10
96;6;3.2949787296479466e-07
96;7;0.0010835568455561926
96;8;6.177942828529922e-06
96;9;0.01953019621214613
97;0;3.1641509891571853e-06
97;1;2.216986838375674e-06
97;2;2.0395630708643096e-07
97;3;8.962026995341011e-07
97;4;1.1417745827149934e-11
97;5;2.5541627046584662e-11
97;6;1.0689458659781002e-06
97;7;5.335369842946519e-07
97;8;2.7153119079299774e-09
97;9;5.507775797438095e-05
98;0;0.0001192248160678988
98;1;2.1573011551996217e-07
98;2;6.044061465027327e-12
98;3;1.5979728799218815e-13
98;4;2.75375688418498e-07
98;5;0.00012536903713224494
98;6;8.964843282500766e-08
98;7;0.00016218457003010285
98;8;0.00946529757083269
98;9;3.2899335268341246e-07
99;0;1.1165081006105948e-05
99;1;0.00011582560959092948
99;2;5.789070606044766e-12
99;3;0.001659469184690568
99;4;1.4444319101425315e-06
99;5;2.363364905646956e-05
99;6;3.3933019924186924e-06
99;7;0.0008873569571825173
99;8;1.7724459331784327e-05
99;9;1.681000280171449e-07
90;0;1.9175760710279904e-06
90;1;7.550132720366755e-11
90;2;1.0
90;3;1.0
90;4;1.4777993202219916e-09
90;5;2.948587477995414e-12
90;6;1.0
90;7;4.757200751376108e-15
90;8;3.7301557800370904e-11
90;9;1.5832326487986936e-09
91;0;1.0
91;1;1.0
91;2;1.0884170418602181e-05
91;3;1.0
91;4;1.0
91;5;1.0
91;6;1.0
91;7;1.0
91;8;1.0
91;9;1.0
92;0;2.4582622557209143e-09
92;1;1.9816078697105682e-08
92;2;4.490519361173839e-06
92;3;7.544876255753572e-12
92;4;3.764840562163924e-08
92;5;5.523456928413462e-11
92;6;8.148403087275805e-05
92;7;9.528772630603829e-07
92;8;1.0
92;9;8.076592498189791e-05
93;0;5.457167682008927e-08
93;1;6.813155463910473e-05
93;2;0.021357808256503776
93;3;0.0001395367936733718
93;4;7.294343492383061e-08
93;5;7.241077650982254e-06
93;6;0.000640693042637742
93;7;3.6410603108444103e-07
93;8;0.00012036169259546542
93;9;1.5775130341253505e-06
94;0;6.0712514286575205e-06
94;1;1.6189659378386224e-06
94;2;4.18117311688964e-06
94;3;1.1345767728390788e-06
94;4;1.8298989437180364e-17
94;5;0.0008953498293680522
94;6;0.00018533127195962933
94;7;3.728923352101553e-09
94;8;4.0387893582178405e-09
94;9;2.5957186585620936e-07
100;0;5.595847364792982e-10
100;1;2.8412200187397045e-06
100;2;2.039000349942961e-06
100;3;2.4086985833110885e-13
100;4;0.001631736983704747
100;5;2.7367462363418164e-11
100;6;5.520384262052146e-05
100;7;9.234401342079777e-10
100;8;5.0706675956621726e-17
100;9;1.653127114346138e-05
101;0;0.001603045074831415
101;1;0.00044385578103178693
101;2;0.0010362534829144443
101;3;0.028274116084696713
101;4;1.0
101;5;2.819252354853311e-07
101;6;4.0565256202515646e-05
101;7;0.00012061128910198726
101;8;3.8956360380372514e-05
101;9;0.03273221965957852
102;0;1.692864958252532e-05
102;1;0.010419302295374803
102;2;0.00011031655886584345
102;3;9.706403471597507e-05
102;4;4.264497334575812e-05
102;5;0.0015006534008243084
102;6;0.0028376903014985157
102;7;0.006163448712360704
102;8;0.0002209165744338367
102;9;4.051752870187702e-05
103;0;2.746833379389052e-06
103;1;0.002080737708397173
103;2;2.5704487771699303e-05
103;3;0.00101127507771559
103;4;0.00036367066201298113
103;5;0.0021670656489083734
103;6;0.007611889195577277
103;7;0.04991934460379177
103;8;1.4071042894220925e-09
103;9;6.399253431926763e-05
104;0;9.425948020023328e-05
104;1;2.525450382440139e-07
104;2;2.604554519227335e-12
104;3;1.3097945311665436e-13
104;4;1.596537099816892e-10
104;5;1.0001302801015928e-06
104;6;1.7389575204546316e-13
104;7;6.157814783476655e-13
104;8;3.812350486796668e-12
104;9;0.0020250262259047043
105;0;4.5011269306271555e-12
105;1;2.6708426035836115e-05
105;2;0.00011587242055896514
105;3;1.5969738367646238e-11
105;4;2.625243346430113e-10
105;5;0.001042045979772713
105;6;4.761463840424611e-07
105;7;2.2788203678869664e-16
105;8;1.7138376245374114e-08
105;9;6.240232022842383e-05
106;0;5.51105909185515e-06
106;1;3.969930439686085e-12
106;2;0.0008015644315922855
106;3;1.9734567172653585e-09
106;4;7.164586946990451e-13
106;5;2.5023445075517915e-06
106;6;1.3105113687218105e-09
106;7;0.00021237925184540597
106;8;1.0
106;9;1.6613924569282543e-07
107;0;7.120902121813048e-12
107;1;8.22393852385358e-12
107;2;4.380386324856383e-11
107;3;1.0702122772945439e-09
107;4;5.509080607165244e-11
107;5;5.250523646315432e-11
107;6;1.1286618047879668e-11
107;7;1.4792381216558619e-08
107;8;4.800587009307539e-13
107;9;1.4813165846807e-07
108;0;9.547878457971848e-22
108;1;1.0
108;2;1.0041098202644355e-10
108;3;1.0
108;4;2.1095706443866163e-13
108;5;2.349438115429365e-07
108;6;1.0
108;7;1.0
108;8;2.7855924239343274e-18
108;9;6.758398086161678e-10
109;0;8.278441619423005e-18
109;1;3.3575993972999184e-06
109;2;2.3884509966566643e-05
109;3;1.0276962711239164e-05
109;4;3.1609267770776525e-23
109;5;4.92765471403367e-05
109;6;9.364424257139153e-15
109;7;1.0
109;8;3.548830696970387e-24
109;9;1.0
115;0;1.0
115;1;1.0
115;2;3.889518209109784e-07
115;3;1.0
115;4;1.41903546079867e-17
115;5;3.652756210906883e-11
115;6;1.4360619674817973e-09
115;7;4.21470323669936e-12
115;8;1.0
115;9;4.84797361028088e-13
116;0;1.0
116;1;1.0
116;2;1.0
116;3;5.1785900150897644e-12
116;4;1.0
116;5;1.0
116;6;1.0
116;7;1.0
116;8;1.0
116;9;7.717581813163552e-20
117;0;1.0
117;1;6.30409436649738e-07
117;2;1.0
117;3;9.593432609938574e-31
117;4;1.1226097242570507e-17
117;5;1.0
117;6;3.6211832882872174e-23
117;7;1.0
117;8;8.053414855427008e-13
117;9;8.595153035464556e-14
118;0;3.6769317843190404e-08
118;1;2.4986266831365294e-06
118;2;8.40570911239591e-09
118;3;4.191412113047005e-06
118;4;1.6770613932960673e-06
118;5;8.272770146471664e-07
118;6;1.2295601330832006e-08
118;7;1.7553043241888382e-09
118;8;2.5702249988803793e-11
118;9;8.897428593907214e-12
119;0;7.270955507995282e-09
119;1;2.176217714599099e-06
119;2;1.1763857683056735e-07
119;3;3.745076997441224e-10
119;4;3.1454683572488565e-09
119;5;5.5408314422578895e-12
119;6;5.612528714855532e-07
119;7;5.331425801465397e-08
119;8;1.0
119;9;5.016093773951419e-12
110;0;1.9400599360139494e-18
110;1;1.186936068764406e-08
110;2;1.0331226035160388e-07
110;3;1.0639881639422251e-20
110;4;1.6888407548953593e-09
110;5;2.544270324678654e-10
110;6;1.0
110;7;5.4309619417123065e-09
110;8;3.674163889858695e-11
110;9;1.2963802795627493e-10
111;0;2.9910611927426132e-09
111;1;7.340263609125367e-05
111;2;5.954080711227865e-14
111;3;1.9348138901862395e-05
111;4;1.1850701535722143e-11
111;5;1.7046666347888206e-11
111;6;6.017343879411672e-05
111;7;0.00022563523444243965
111;8;3.4547398783285485e-08
111;9;6.395229143570675e-09
112;0;7.910551177681521e-06
112;1;0.0007429152032695787
112;2;4.329314717501537e-59
112;3;5.251461068961201e-09
112;4;4.6730173587497744e-17
112;5;2.140361297442702e-25
112;6;4.022074954549424e-05
112;7;6.736191191533225e-14
112;8;3.1582362518380813e-23
112;9;1.7042591420841905e-22
113;0;0.004945386080130201
113;1;5.1186278158027726e-05
113;2;3.752970413074135e-07
113;3;1.33992926789408e-12
113;4;0.000828950369144115
113;5;1.2429726890577173e-05
113;6;1.493663859283575e-11
113;7;2.8386147248899104e-17
113;8;4.3443282694300674e-07
113;9;2.8556336946591443e-16
114;0;7.624850862369677e-08
114;1;5.659345103186555e-07
114;2;9.71889129193405e-11
114;3;2.773565723337952e-09
114;4;5.074162773610749e-09
114;5;9.718332072224703e-06
114;6;7.5562379026836016e-06
114;7;1.0
114;8;0.0018779234255665383
114;9;8.602310589954331e-08
125;0;4.070640894081506e-06
125;1;5.984764014658261e-06
125;2;4.365041766815441e-08
125;3;3.697801238683712e-10
125;4;1.2313934658504112e-06
125;5;8.480343592933118e-11
125;6;1.3852110196646737e-06
125;7;1.5266320605060614e-08
125;8;2.3776448324311966e-09
125;9;2.3646114059636905e-07
126;0;1.7390690272124592e-07
126;1;8.919716675626714e-08
126;2;9.459948785697476e-10
126;3;6.48899484958079e-09
126;4;1.495296876356398e-10
126;5;2.208422151420055e-09
126;6;5.888814928494853e-10
126;7;4.259557651062755e-09
126;8;5.921395099870736e-12
126;9;8.173782041972053e-05
127;0;2.2357806027114371e-07
127;1;9.083533563968244e-13
127;2;2.711039284525375e-07
127;3;9.583960199561282e-10
127;4;4.8052090634032e-10
127;5;4.453002499065579e-07
127;6;2.4494699049506077e-08
127;7;1.7397141717752246e-08
127;8;0.00013027431217087101
127;9;0.00018523061936190192
128;0;8.564656558749611e-06
128;1;8.196470650529115e-05
128;2;1.8028543364590417e-07
128;3;0.0008459714102236479
128;4;6.302840500115257e-12
128;5;0.0011539065328745597
128;6;6.959546208977509e-06
128;7;2.1203811721049213e-12
128;8;3.0276683977864868e-05
128;9;1.7338142544271272e-08
129;0;0.013100614825780168
129;1;0.009509218839634802
129;2;6.101980658681562e-05
129;3;5.884298902827809e-12
129;4;0.0001144060915155188
129;5;0.012395266543976222
129;6;0.00120548478000856
129;7;1.3646124929279853e-09
129;8;0.004201029484134232
129;9;0.001582438644579903
120;0;1.493927196004839e-09
120;1;3.811311268583542e-05
120;2;1.1561533414351497e-06
120;3;1.2174096892247582e-06
120;4;6.37092615196021e-09
120;5;7.289770394820152e-10
120;6;8.78919349140003e-06
120;7;5.96231265472956e-08
120;8;2.3348054549482885e-05
120;9;7.206033557531973e-06
121;0;4.1825771168780725e-11
121;1;2.2363127922085387e-09
121;2;3.302019134183939e-12
121;3;1.0
121;4;5.91400302513126e-07
121;5;3.8880169069707466e-13
121;6;4.8566235140720035e-15
121;7;1.096183876889457e-11
121;8;1.0
121;9;1.2288211557060879e-11
122;0;7.391618888657455e-10
122;1;1.1094139624041503e-06
122;2;8.217132704622936e-12
122;3;4.999460600182638e-18
122;4;4.037047805449776e-20
122;5;1.502768324375975e-20
122;6;9.312287333242768e-16
122;7;2.0247814925572264e-13
122;8;5.068486782151178e-09
122;9;1.2095429181610058e-06
123;0;0.19779728068951233
123;1;0.004431400522146611
123;2;0.01688728430204711
123;3;0.23574962818566209
123;4;0.07956109619976585
123;5;7.431265422959223e-07
123;6;0.0028337723330090687
123;7;7.183509308898142e-06
123;8;0.1733866738128669
123;9;0.004145793360014805
124;0;2.197041405132988e-10
124;1;5.2004047828059e-09
124;2;3.1903709305187225e-10
124;3;1.4468016141849006e-14
124;4;0.01607076038960478
124;5;3.2708898392122216e-11
124;6;5.95694595284108e-12
124;7;0.049559300630790025
124;8;8.251645594370108e-12
124;9;6.376314069465844e-07
130;0;0.0008375207035970454
130;1;6.744452268336873e-05
130;2;1.4068415004726805e-10
130;3;2.7424709332537093e-09
130;4;0.0003851781102986027
130;5;5.655202355402707e-07
130;6;9.144187139532024e-06
130;7;6.110122838863606e-07
130;8;5.027875257586537e-19
130;9;5.9359518392106875e-06
131;0;1.0
131;1;1.4623199822187497e-05
131;2;1.0
131;3;1.0
131;4;1.0
131;5;0.11101044759214211
131;6;1.0
131;7;1.1807267730098727e-08
131;8;1.0
131;9;1.0
132;0;0.0442582195650212
132;1;2.092576352951468e-09
132;2;6.131649381165955e-05
132;3;9.692891581071582e-11
132;4;1.195193876046144e-07
132;5;4.427858898277641e-19
132;6;9.012522984292052e-16
132;7;9.012398154238223e-10
132;8;8.205313518662557e-09
132;9;1.3171268021094178e-10
133;0;3.888020034648072e-10
133;1;5.057223236605564e-10
133;2;1.7645451675795125e-10
133;3;1.2397639050168175e-10
133;4;4.9413626261680175e-09
133;5;1.5553789267089302e-05
133;6;2.832096780090145e-09
133;7;6.967773480035852e-08
133;8;2.3998681762092735e-10
133;9;3.6036214421840647e-07
134;0;2.1859820367988335e-12
134;1;5.600087205911821e-16
134;2;2.2029484233659072e-17
134;3;3.972576484261428e-14
134;4;3.6404350210005224e-51
134;5;6.167892313410333e-35
134;6;8.23599934287807e-32
134;7;7.163112911386261e-17
134;8;2.947079416090179e-20
134;9;1.5445312901531852e-17
135;0;4.836413530556953e-06
135;1;7.267969822649963e-06
135;2;4.1931984302262265e-07
135;3;3.4196852438937366e-07
135;4;3.738686346333708e-12
135;5;1.064163477144151e-08
135;6;0.004722746378211888
135;7;4.807875344924619e-09
135;8;8.556698944894569e-14
135;9;2.0014197007675685e-05
136;0;2.904242893439336e-07
136;1;0.00038540810358814127
136;2;0.0022252409049082125
136;3;3.256289657001928e-05
136;4;0.0019196198449487668
136;5;5.149585867535379e-09
136;6;0.0030920185504581246
136;7;7.039096695572836e-11
136;8;6.298924919398559e-16
136;9;1.812196592086394e-10
137;0;1.0
137;1;0.997486023051029
137;2;1.0
137;3;1.0
137;4;1.0
137;5;1.0
137;6;1.0
137;7;1.0
137;8;1.0
137;9;1.0
138;0;0.025657534934185804
138;1;0.0007367209075878716
138;2;0.0014211829787324783
138;3;3.2041187406738463e-10
138;4;1.94433090636907e-12
138;5;8.480036788028273e-05
138;6;1.877599228494194e-08
138;7;0.0036695255110788796
138;8;7.207722851485826e-09
138;9;6.925669211932965e-10
139;0;3.6246958177246986e-07
139;1;4.2053227180786203e-13
139;2;5.429995063839628e-07
139;3;2.4349994147899833e-18
139;4;1.1399872818196555e-14
139;5;1.2701418213992208e-10
139;6;1.6025419141424255e-08
139;7;6.412420728993221e-09
139;8;9.955160605380631e-10
139;9;7.465993298437537e-07
145;0;6.238402071442302e-08
145;1;3.5627255786225995e-13
145;2;2.829555366623696e-11
145;3;2.317547451717042e-12
145;4;6.353231252426365e-16
145;5;4.801918805852441e-13
145;6;1.0438190433367996e-10
145;7;2.3169800395638564e-09
145;8;9.923516559639339e-11
145;9;1.8003539410637805e-11
146;0;6.977725033857386e-44
146;1;1.4489936629925803e-28
146;2;1.1290699478375674e-06
146;3;5.479067743297773e-15
146;4;6.533655706646879e-18
146;5;8.681287304281455e-19
146;6;2.1762655475010354e-24
146;7;2.4385399642365515e-06
146;8;8.67187885686257e-06
146;9;1.8176727730504313e-15
147;0;1.0
147;1;1.0
147;2;1.0
147;3;0.00021093668897316988
147;4;1.0
147;5;1.0
147;6;1.0
147;7;3.7285225853151565e-13
147;8;1.0
147;9;0.6638903007348455
148;0;4.996616153170121e-07
148;1;1.3278354784604407e-07
148;2;3.250857644575224e-08
148;3;0.00025599840716227645
148;4;1.735612123594675e-07
148;5;3.580804347885405e-08
148;6;0.023519158107297912
148;7;1.5120929293076638e-07
148;8;0.001823583329775151
148;9;0.02183813390861002
149;0;2.0609762427353917e-16
149;1;3.851066314187254e-06
149;2;3.524165347495468e-13
149;3;1.220712832234211e-09
149;4;1.0
149;5;0.00014435905465833408
149;6;1.440475351285863e-13
149;7;2.83824293401989e-13
149;8;6.649092456411454e-11
149;9;1.0
140;0;6.300179014502286e-05
140;1;7.674693316117234e-08
140;2;1.4124634160882188e-11
140;3;2.2007778984353659e-16
140;4;4.6756157183823743e-07
140;5;5.771483270221543e-10
140;6;4.964466996468059e-09
140;7;4.289780961311676e-09
140;8;5.647514547185846e-08
140;9;2.472265757756588e-13
141;0;4.3287396049962636e-11
141;1;1.8304792710938211e-06
141;2;6.849665863567516e-08
141;3;4.48515784698357e-09
141;4;2.019035959073687e-10
141;5;1.5660963808375938e-09
141;6;2.2788359876620027e-11
141;7;2.173932202807209e-12
141;8;1.0882315771913772e-09
141;9;2.4831281697247598e-11
142;0;3.934383287326432e-11
142;1;4.5170309585274713e-11
142;2;1.0585926331380511e-16
142;3;3.9343364411507497e-17
142;4;1.6564709216895493e-14
142;5;3.1290554896441686e-06
142;6;3.941554590643206e-09
142;7;5.63602838740471e-16
142;8;7.122423660083403e-11
142;9;1.0990782471221721e-11
143;0;4.2606010109504665e-08
143;1;1.7860952706338607e-13
143;2;2.2574882689269784e-13
143;3;7.165373291402846e-05
143;4;3.47993342785529e-12
143;5;9.087531684652197e-10
143;6;6.4088487505310255e-12
143;7;0.0005237243467595433
143;8;2.6888683839110275e-06
143;9;1.3813933692289623e-11
144;0;8.487210693283179e-07
144;1;0.03830535488431936
144;2;0.0005984087723647607
144;3;6.659450781509629e-10
144;4;0.0004297672767380057
144;5;0.0015498415225535895
144;6;0.0006644052257051913
144;7;0.005837190471512545
144;8;3.771556276619853e-09
144;9;0.000340834857377597
150;0;1.220693226815599e-06
150;1;3.31129826039687e-07
150;2;6.793018362312952e-11
150;3;3.72042115334484e-11
150;4;5.64704120303171e-10
150;5;7.437547098401774e-16
150;6;3.0433687190070875e-07
150;7;8.794023310976693e-11
150;8;1.7351116027150668e-06
150;9;1.7131034455793034e-11
151;0;1.646320152938362e-15
151;1;4.373035625984794e-12
151;2;6.253232022963941e-20
151;3;1.5953934420482726e-08
151;4;5.665498176922193e-22
151;5;3.532149158505565e-08
151;6;1.520953935789244e-11
151;7;1.321127342472346e-12
151;8;7.538194649004789e-11
151;9;5.321975611288285e-17
152;0;0.0002178134318506314
152;1;3.585934938856536e-07
152;2;5.134119588028482e-15
152;3;7.488551212379879e-10
152;4;1.4651960537385758e-06
152;5;0.001918608856090459
152;6;5.486729020727051e-08
152;7;5.2756079908752736e-14
152;8;1.6118008936730006e-06
152;9;2.4517120680634857e-05
153;0;0.0039982133679296004
153;1;1.031235018513948e-06
153;2;4.924718147682507e-06
153;3;0.0014196386184442608
153;4;4.330105742631928e-06
153;5;2.982822135114523e-08
153;6;7.439811977313962e-07
153;7;9.652066627186266e-09
153;8;4.219726446287308e-05
153;9;0.0007783269035762513
154;0;1.4883191240157312e-102
154;1;7.379831181836853e-08
154;2;7.333153221344572e-09
154;3;2.278520992692498e-11
154;4;6.910400322591154e-17
154;5;8.873234781401169e-05
154;6;9.362266482111291e-05
154;7;3.702893671442389e-06
154;8;0.00018703517887207172
154;9;8.699551880730874e-19
155;0;1.3022093585349194e-05
155;1;2.5171323263547055e-05
155;2;2.156509568090292e-08
155;3;4.935141589293486e-07
155;4;5.8039918864064155e-08
155;5;1.3728372218142526e-09
155;6;0.0004123760948787045
155;7;1.1788706554663339e-08
155;8;2.2143124251507165e-07
155;9;3.0073655556271287e-07
156;0;0.006264825141334888
156;1;7.430951928547677e-08
156;2;5.087663799549072e-05
156;3;4.828879287017623e-05
156;4;1.21284371451129e-06
156;5;6.106832466452371e-07
156;6;0.00040047977131701907
156;7;6.405638855000686e-07
156;8;0.00010252961722892325
156;9;3.920524028112396e-17
157;0;1.5656467335703584e-12
157;1;5.704292821243397e-11
157;2;3.492111157453016e-13
157;3;4.668277338791626e-16
157;4;1.9302632946110463e-13
157;5;1.0185517632842101e-13
157;6;4.388224995273243e-11
157;7;3.176426814938794e-08
157;8;3.100167000947977e-12
157;9;7.001555296707902e-09
158;0;2.469006322725514e-09
158;1;0.001397135064635106
158;2;0.02224768395693294
158;3;4.670208736602492e-05
158;4;5.689367833763747e-05
158;5;0.0010487649673178922
158;6;2.3995391508285046e-08
158;7;9.576654386408012e-05
158;8;0.01946226631405454
158;9;4.210402140820013e-06
159;0;5.5640463930666895e-08
159;1;2.981138643742317e-08
159;2;3.683962390806594e-08
159;3;2.0094659575000395e-17
159;4;5.418550262738746e-10
159;5;7.839968013555884e-10
159;6;4.3861294442039957e-07
159;7;4.093443098325461e-05
159;8;2.301049423194226e-12
159;9;8.516514432486043e-13
165;0;0.0007015348242138886
165;1;1.2578109044826009e-05
165;2;0.0005495325547725552
165;3;8.837387441441023e-06
165;4;8.326232159981694e-06
165;5;0.0009312488672838103
165;6;9.311646607996261e-05
165;7;0.001321422458027543
165;8;5.138821823005894e-05
165;9;4.585302492442477e-06
166;0;2.8577029818577736e-05
166;1;6.343788986535663e-07
166;2;0.0005259279056276521
166;3;3.791141999611852e-05
166;4;5.7284751605389535e-06
166;5;1.3963728691854634e-06
166;6;4.601448658649019e-05
166;7;2.311599802518798e-05
166;8;0.0011353073693406808
166;9;9.258547708781522e-07
167;0;2.512773395013722e-09
167;1;1.866122805724961e-09
167;2;7.559707420939145e-07
167;3;1.0310864490203758e-06
167;4;4.1131782064493844e-10
167;5;1.0306133985863307e-08
167;6;5.0475705508621434e-05
167;7;1.5429729144000508e-06
167;8;0.00030645911021758655
167;9;1.2539049870681897e-06
168;0;1.10545588533899e-05
168;1;0.0003442174045844598
168;2;3.3054955816976565e-06
168;3;2.004252153042244e-11
168;4;3.1060462007358635e-08
168;5;2.2659473480038967e-05
168;6;3.711580310643271e-05
168;7;1.1466595510167045e-08
168;8;3.2539474827157902e-06
168;9;2.5257962066073625e-09
169;0;3.048850269187487e-16
169;1;1.3482858152099772e-07
169;2;0.0005791977816193404
169;3;1.7856012160621477e-06
169;4;3.5543356359391644e-09
169;5;1.98083135235117e-07
169;6;4.4555204789523455e-10
169;7;1.8820067112979625e-13
169;8;1.6261316663944703e-06
169;9;1.0
160;0;1.8195649783787598e-19
160;1;1.0898318672046881e-16
160;2;6.552410004359142e-10
160;3;4.545394910327768e-10
160;4;4.865860759847646e-12
160;5;3.75377350660185e-19
160;6;0.00015945783397542626
160;7;2.5973361223423564e-16
160;8;4.72366235361132e-11
160;9;9.317975211786148e-19
161;0;1.3587557682626326e-11
161;1;5.4877386742081087e-14
161;2;6.789236245052379e-23
161;3;0.0004687953145420012
161;4;1.422155290257144e-11
161;5;1.727148991182085e-27
161;6;1.897826176700086e-11
161;7;1.2895516845820033e-13
161;8;1.535291972313899e-13
161;9;5.182879536965521e-08
162;0;6.188136516958327e-08
162;1;3.3095929041801166e-06
162;2;1.5396247241722962e-06
162;3;1.0
162;4;0.0003400850279187964
162;5;1.0394802455367005e-08
162;6;1.2182534022405768e-06
162;7;3.910071842087732e-05
162;8;0.00016609568574291685
162;9;2.1278395572726297e-15
163;0;4.024681611174091e-05
163;1;1.622808560253028e-09
163;2;1.167832903310067e-09
163;3;3.118996114063856e-05
163;4;0.00010659458150224774
163;5;0.00036059925903975614
163;6;1.414462329591618e-06
163;7;0.00052221820054186
163;8;2.1470171020932675e-10
163;9;2.3591381397343176e-05
164;0;8.530968983884824e-11
164;1;1.501487560331607e-13
164;2;1.0
164;3;4.817719157138703e-09
164;4;4.158743741190301e-06
164;5;2.2921261831402627e-11
164;6;1.0
164;7;1.5076869522072236e-08
164;8;1.2163646603760762e-11
164;9;1.6043330953396664e-08
170;0;7.077822956524379e-05
170;1;9.76239800758521e-12
170;2;3.299313963651997e-06
170;3;7.423387224833727e-07
170;4;8.962108260175865e-06
170;5;4.2883637895842005e-06
170;6;2.0054213176758432e-07
170;7;0.0001801575932662912
170;8;3.655429600213756e-08
170;9;1.5209959310865709e-06
171;0;3.799924433226369e-05
171;1;1.115797832191861e-09
171;2;4.496709180163507e-22
171;3;5.3357802151716826e-08
171;4;8.113963192766524e-06
171;5;1.9587003458971678e-08
171;6;4.880923519714307e-06
171;7;1.6294417936406147e-08
171;8;0.0008740399214839382
171;9;0.00026503360649243507
172;0;5.750375906178402e-21
172;1;3.05146468932655e-12
172;2;7.93050926588892e-14
172;3;9.58262419879791e-07
172;4;1.1003944290917263e-14
172;5;1.7955062518329958e-12
172;6;3.531698729529628e-10
172;7;9.27898466707799e-14
172;8;0.0007123404887420977
172;9;1.3185056091574423e-31
173;0;1.3934677584465643e-08
173;1;1.6061917743704526e-11
173;2;0.000211671570517826
173;3;3.530136587253653e-07
173;4;1.1817770871466714e-31
173;5;7.569765827580376e-07
173;6;3.3487289720945614e-13
173;7;2.2301543279323505e-10
173;8;1.0700067213134099e-07
173;9;7.761717792221414e-12
174;0;0.00010376555570471921
174;1;2.9349135046809053e-08
174;2;1.093011812122852e-06
174;3;4.869756217309661e-08
174;4;1.1059137026800152e-06
174;5;0.001049578879036664
174;6;7.234891018332814e-07
174;7;3.285952128029879e-17
174;8;2.913887526011632e-16
174;9;7.2857762975589e-09
175;0;1.732325051494996e-07
175;1;0.0015526380554887907
175;2;2.9466902733153684e-07
175;3;1.615016360780034e-08
175;4;0.0024676219007155197
175;5;1.433540138094301e-09
175;6;3.274856193344709e-06
175;7;0.0014831363125571819
175;8;1.4663131377016988e-08
175;9;6.9773215498442e-09
176;0;0.000247337448524776
176;1;0.00031598222032678256
176;2;4.8912360476749635e-05
176;3;2.6826790870810176e-08
176;4;1.6140567271136803e-07
176;5;5.647086275978303e-09
176;6;1.3904490122853598e-13
176;7;3.4129994032459124e-07
176;8;7.93067332169178e-14
176;9;6.265917057714746e-06
177;0;1.715858571460324e-12
177;1;5.292505938419458e-19
177;2;2.198748104932411e-09
177;3;2.3380435876004636e-15
177;4;1.675774343786967e-08
177;5;4.6612055687292324e-14
177;6;1.355211446133708e-08
177;7;5.600085982197245e-33
177;8;1.0
177;9;3.4397353016719646e-09
178;0;3.348572557926091e-06
178;1;8.43774220086362e-11
178;2;3.2271072989316172e-09
178;3;1.8757997236658726e-09
178;4;4.3925959303129896e-07
178;5;1.559443794641033e-05
178;6;4.83726305062808e-06
178;7;0.0037517057752321325
178;8;3.7000481030105654e-08
178;9;5.6954004715848674e-05
179;0;5.529321938405482e-06
179;1;3.810788108984492e-09
179;2;0.0005603212355356446
179;3;4.272403626977457e-06
179;4;3.4022210604832158e-09
179;5;1.1554617984894483e-13
179;6;1.0109724164983771e-11
179;7;1.0346365555874397e-07
179;8;4.776116127743308e-09
179;9;2.1828590051399313e-06
180;0;9.048421664422219e-06
180;1;0.0002369666485443155
180;2;1.305833334123808e-06
180;3;4.594257937333702e-09
180;4;7.511748024228774e-07
180;5;1.2091546460327203e-05
180;6;0.00013047967075675794
180;7;1.8523814298758175e-13
180;8;2.0975269178032916e-05
180;9;4.4871849919647365e-07
181;0;5.182182435281719e-15
181;1;3.2839121553776554e-05
181;2;1.2341482757734197e-05
181;3;2.5026087908793374e-05
181;4;6.717688262744671e-10
181;5;1.2299134484566737e-06
181;6;0.006266078981164552
181;7;3.280852160254454e-05
181;8;1.7018864875637553e-15
181;9;1.5737209497399675e-05
182;0;1.4102510706650815e-13
182;1;6.578992177891601e-08
182;2;1.488700107485626e-18
182;3;2.890231384571196e-13
182;4;2.8256208148524426e-15
182;5;0.0002799182821424137
182;6;3.454015867818895e-11
182;7;2.7676893642364236e-08
182;8;1.5582967456567384e-18
182;9;1.335674058436667e-11
183;0;1.3978799073176925e-09
183;1;2.4133838281221984e-09
183;2;2.678645388798383e-07
183;3;6.608110070135265e-06
183;4;4.047864519505523e-11
183;5;1.0
183;6;6.4525527954861495e-09
183;7;7.552356070590266e-07
183;8;1.5466951727308307e-07
183;9;7.028992055904552e-09
184;0;1.9363583137885005e-06
184;1;9.981718143645211e-07
184;2;2.88052282571995e-10
184;3;0.00908205195801758
184;4;1.7500807317513045e-06
184;5;0.0007468040880013741
184;6;3.072847702604304e-09
184;7;1.8984641437848073e-06
184;8;7.178030681194763e-05
184;9;1.0
185;0;9.309949936980384e-08
185;1;7.56413135920586e-06
185;2;1.201031402354246e-08
185;3;3.3070102781305696e-07
185;4;1.4000581132462023e-07
185;5;2.86641807190966e-19
185;6;0.002849759865582358
185;7;5.8882631388799936e-05
185;8;1.1927898857865453e-07
185;9;1.8647330764623657e-10
186;0;1.3065857384721362e-06
186;1;1.1064760577704195e-21
186;2;1.4551689188440255e-23
186;3;3.6074695670547984e-06
186;4;4.141234197858482e-10
186;5;8.66831898237813e-17
186;6;7.340183245131554e-12
186;7;4.1756994156022624e-19
186;8;5.8552181675583145e-05
186;9;5.104520760258317e-06
187;0;4.546132362440778e-07
187;1;0.0003062660542841556
187;2;2.9269214652421913e-10
187;3;0.0012635833370041982
187;4;3.1660654646917552e-19
187;5;1.3259249419952275e-06
187;6;5.094758048176522e-08
187;7;0.00015658921348726316
187;8;6.634261892320745e-08
187;9;2.217724602508646e-12
188;0;8.437794074614761e-10
188;1;6.219624468995216e-15
188;2;2.1687792432371694e-11
188;3;2.8918983073360495e-08
188;4;3.74951231154857e-09
188;5;6.661871663609219e-32
188;6;1.0
188;7;6.248681514225507e-15
188;8;1.1666682919533545e-11
188;9;4.206387984340603e-07
189;0;1.1263833649533547e-14
189;1;0.00034984465241585206
189;2;6.995058786107531e-09
189;3;1.5190771422249547e-06
189;4;1.1023009977327562e-07
189;5;9.58920308223258e-06
189;6;0.04295815372043045
189;7;4.65467613695847e-13
189;8;1.3390820709507364e-08
189;9;5.90938349518568e-09
190;0;7.157728263224952e-10
190;1;1.1856809406270709e-12
190;2;1.336272028532508e-05
190;3;4.129517896113928e-14
190;4;5.336119175777609e-08
190;5;4.614494663578233e-05
190;6;5.662042812843366e-07
190;7;2.8647612271392227e-08
190;8;3.5578352614357198e-09
190;9;1.5858476847136018e-10
191;0;2.4596557241539705e-05
191;1;0.00017255947388720077
191;2;6.018294138063516e-11
191;3;0.044666880175336515
191;4;6.680801097194792e-07
191;5;1.1474073619262728e-12
191;6;8.012681037463471e-06
191;7;7.023972438185097e-08
191;8;0.0006524633043000436
191;9;3.326525367506882e-09
192;0;2.419788188695579e-07
192;1;0.0005160916621527636
192;2;4.515621835940918e-08
192;3;4.805205105950451e-06
192;4;0.000941213678081418
192;5;1.3248789999292483e-06
192;6;2.3081447587284745e-09
192;7;0.001441830953718529
192;8;6.357076414972464e-08
192;9;1.20363561999194e-07
193;0;1.2854836428412244e-08
193;1;1.8157477725574093e-14
193;2;0.00045296086404273696
193;3;0.005066580535133261
193;4;4.093724234148007e-08
193;5;4.29128636829152e-14
193;6;1.502326491807067e-12
193;7;0.00015018516144516008
193;8;0.0002254725017634083
193;9;4.214927930717794e-16
194;0;1.7695162133002722e-09
194;1;6.0565787082125434e-06
194;2;0.0026996556005896596
194;3;0.003370134574469933
194;4;3.3900404504197787e-06
194;5;0.00014324998141121344
194;6;1.2539119083951798e-08
194;7;0.0007192962754927564
194;8;1.531833960729862e-08
194;9;1.2988401503876206e-07
195;0;7.818447079189253e-10
195;1;9.48596917509121e-12
195;2;2.15793626964258e-15
195;3;1.4197844865154212e-16
195;4;5.1606399996503255e-11
195;5;6.296331850110756e-20
195;6;3.3129275730806194e-06
195;7;6.161372237144181e-11
195;8;0.0014052105470006024
195;9;2.0500425182238594e-07
196;0;3.6198666957977955e-09
196;1;4.578319609593901e-09
196;2;3.3941294571834833e-15
196;3;4.770807356599238e-05
196;4;1.5128542804326734e-09
196;5;4.765960811632853e-14
196;6;1.1354658948878095e-09
196;7;3.6230706831614696e-11
196;8;3.6722864079168788e-06
196;9;4.678337570884401e-11
197;0;1.091766288837329e-10
197;1;1.959399193457288e-05
197;2;1.968159720301371e-25
197;3;1.0
197;4;1.0
197;5;4.276556434725689e-08
197;6;4.856554385944677e-11
197;7;1.6829681048124477e-07
197;8;0.2975533524579708
197;9;1.0
198;0;1.7240068484882364e-11
198;1;0.00029489820614161065
198;2;5.461132418227756e-17
198;3;1.1543361369770414e-08
198;4;6.515915823766433e-18
198;5;2.151556309160937e-10
198;6;1.2290910486478937e-11
198;7;1.0055193754989844e-12
198;8;1.2644080850267726e-08
198;9;1.6558848841503805e-10
199;0;3.8099898441324223e-07
199;1;7.64156832160025e-15
199;2;1.8478688766841993e-11
199;3;1.0
199;4;1.0200745216869971e-08
199;5;1.0
199;6;0.0010300766600717262
199;7;1.5204919600379581e-12
199;8;3.5594940131906564e-10
199;9;4.0431565392757685e-12
205;0;4.265096589076118e-07
205;1;4.0892987658198556e-18
205;2;6.795038436147602e-06
205;3;0.0016226656430595018
205;4;1.834087541868546e-09
205;5;3.631398490427189e-08
205;6;0.010417718156543502
205;7;0.004483848431748006
205;8;6.510773488246584e-08
205;9;0.00027042862437518504
206;0;1.216730494446229e-09
206;1;3.732004507664897e-09
206;2;1.5741929826897146e-09
206;3;5.9388734569756104e-09
206;4;1.3866576798966643e-09
206;5;8.715301607566253e-09
206;6;4.204457808969955e-15
206;7;7.464656436493412e-10
206;8;8.511967101713955e-05
206;9;6.22414330439373e-14
207;0;1.5912699815355e-09
207;1;0.00026491772320756256
207;2;0.00033472156862417895
207;3;1.0
207;4;1.667354209401463e-05
207;5;7.1631192311515445e-12
207;6;1.8203002462213784e-08
207;7;2.0994566086601738e-06
207;8;4.467444402257486e-31
207;9;2.0121894235571425e-06
208;0;1.0
208;1;3.5271401103729987e-06
208;2;2.044483311876216e-10
208;3;1.911341537673135e-05
208;4;1.0
208;5;8.846763773579464e-10
208;6;1.0
208;7;3.376770077073549e-12
208;8;3.9985992419170845e-10
208;9;1.0
209;0;1.416178283394666e-11
209;1;2.7897570099711697e-09
209;2;6.556673474246855e-12
209;3;1.4910277557050888e-11
209;4;1.5606524316779886e-05
209;5;7.701357490087065e-27
209;6;3.0636886452254836e-10
209;7;1.2732878779693949e-18
209;8;3.537910337566025e-06
209;9;4.47368197320724e-07
200;0;1.0
200;1;2.3277312161848615e-10
200;2;6.733630935904908e-18
200;3;1.0
200;4;1.0
200;5;4.643167026707286e-13
200;6;1.3334727215712625e-35
200;7;1.0
200;8;1.620286182715992e-08
200;9;1.2954919968250256e-39
201;0;1.0611307773231221e-06
201;1;7.627622996720659e-07
201;2;0.0035890388107148153
201;3;4.085442348243342e-17
201;4;1.9481631377999387e-16
201;5;4.4554948952960977e-10
201;6;3.19778420279066e-07
201;7;1.1881318998675e-13
201;8;7.339497926644932e-17
201;9;1.0878962957263686e-08
202;0;5.2192217259712334e-08
202;1;1.2407256195841514e-11
202;2;1.3700390510666059e-18
202;3;1.8342556402321237e-17
202;4;1.8646488722324355e-11
202;5;2.411334591422448e-09
202;6;3.1159521619908695e-05
202;7;4.0449110253608604e-16
202;8;4.326776858418943e-12
202;9;1.9789041052618175e-10
203;0;3.6714962081801884e-09
203;1;7.416971061067342e-08
203;2;6.489970061445368e-09
203;3;2.4905320483257777e-05
203;4;1.1041755105023301e-11
203;5;1.20787439937212e-09
203;6;1.1346770063243551e-13
203;7;0.0003624464993976442
203;8;3.0115944467301213e-06
203;9;1.770621666490278e-24
204;0;1.2632018462728374e-08
204;1;8.568130659680657e-14
204;2;1.0425483540508403e-11
204;3;1.844653438918551e-11
204;4;6.25925275034358e-09
204;5;5.563312450788238e-14
204;6;2.0763504685187517e-10
204;7;3.9972450360567083e-11
204;8;3.540633645902084e-08
204;9;8.955276732913166e-09
210;0;3.673744334432741e-07
210;1;6.972736207207551e-09
210;2;0.0009110716152631021
210;3;1.3317107033630478e-10
210;4;0.0015702398747991218
210;5;1.756088498317378e-08
210;6;5.411190374153997e-10
210;7;5.614179042033835e-16
210;8;0.010491743492844697
210;9;6.3098726152963e-09
211;0;1.852297268272001e-07
211;1;2.7671996967425236e-07
211;2;2.2157594201715964e-06
211;3;1.5149026172103885e-06
211;4;1.835044479856512e-08
211;5;1.7943673846622917e-05
211;6;1.9569272404330287e-07
211;7;4.388008201482963e-13
211;8;0.006587216609467223
211;9;0.0024636152717477052
212;0;1.0463973104508551e-10
212;1;0.00015140774758029896
212;2;1.0915000315716287e-06
212;3;7.86303178291903e-25
212;4;5.720414363559283e-06
212;5;1.3133168665808797e-06
212;6;4.668734872694927e-09
212;7;3.9348700845748204e-21
212;8;5.2706689910386644e-09
212;9;1.1399850678271043e-11
213;0;0.0056707036043169
213;1;0.00011158095209014755
213;2;7.858816277849408e-10
213;3;4.597624710742772e-06
213;4;0.00010526840043230973
213;5;3.721589834211228e-06
213;6;7.205371352146974e-06
213;7;2.8820759543222316e-08
213;8;6.032303321641615e-09
213;9;1.671337271013129e-11
214;0;2.3883492358426704e-08
214;1;1.3087041400928828e-11
214;2;3.6043411998960706e-10
214;3;3.3707938350494555e-16
214;4;1.1057782892384364e-10
214;5;1.1753565702232975e-13
214;6;1.9052332725557902e-07
214;7;4.327770190696814e-12
214;8;2.708308726105213e-10
214;9;4.626031053718791e-16
215;0;3.5795069479305066e-05
215;1;0.0009551018670150286
215;2;5.531457878723772e-11
215;3;0.018448795329292587
215;4;2.4321033497986805e-07
215;5;2.74428220538392e-10
215;6;1.2123304480644194e-08
215;7;2.6129558475591144e-05
215;8;6.125296382053747e-12
215;9;3.988207386413895e-13
216;0;1.0
216;1;1.7490209942881664e-11
216;2;4.535871465999379e-09
216;3;4.019998695574577e-13
216;4;1.3841844928848772e-13
216;5;0.00014982960457347064
216;6;6.56546979848999e-09
216;7;7.643566216422434e-08
216;8;2.724432140194474e-12
216;9;1.3294005240132896e-08
217;0;0.00013605795989555955
217;1;1.0
217;2;1.0
217;3;1.0
217;4;1.0
217;5;7.821642462996832e-09
217;6;1.0
217;7;1.0
217;8;4.046062562452148e-17
217;9;4.776251009810819e-09
218;0;2.3059080596093496e-07
218;1;2.4209566537314662e-11
218;2;0.0005822323851903757
218;3;1.0
218;4;9.916977242348772e-15
218;5;8.830806858675442e-14
218;6;3.3273989595935063e-35
218;7;0.32721656474370775
218;8;8.63443272496067e-15
218;9;1.1446983854068442e-09
219;0;4.133535904779408e-06
219;1;6.2870450860884705e-09
219;2;7.63114047658805e-07
219;3;2.8124350236919037e-07
219;4;0.0009251354611117495
219;5;9.954766668443043e-08
219;6;4.1302425626106746e-05
219;7;6.809693706018118e-05
219;8;2.0251248458991218e-06
219;9;7.279563566131149e-17
225;0;1.491423987123342e-07
225;1;5.6891702982409527e-08
225;2;1.9500021033602348e-07
225;3;0.0027856759256301832
225;4;5.715433139897721e-07
225;5;0.00019722839834351134
225;6;1.2251331950435777e-05
225;7;2.208350125191147e-05
225;8;2.2500438134725542e-06
225;9;7.807527939649676e-10
226;0;1.8236126569695243e-10
226;1;1.8146836391459144e-09
226;2;0.0023645641626746203
226;3;5.604797799959437e-06
226;4;3.008376707594034e-08
226;5;7.491530098109118e-07
226;6;3.522598828664657e-08
226;7;1.3630531088063179e-08
226;8;9.772193616636766e-09
226;9;5.826819076765399e-09
227;0;1.186875339603735e-06
227;1;2.210822311310539e-05
227;2;1.6419610900106245e-06
227;3;2.8026420374533723e-06
227;4;6.685130513599119e-06
227;5;3.5709638926623754e-26
227;6;2.3046069078214822e-11
227;7;7.677731075800757e-07
227;8;8.847045692965497e-33
227;9;0.002506112188174769
228;0;4.345561131765719e-10
228;1;4.1426551377885586e-13
228;2;4.1683534388804084e-19
228;3;1.0
228;4;8.989622323973174e-12
228;5;3.9350181765975077e-10
228;6;7.686007684626697e-14
228;7;1.0
228;8;1.0
228;9;1.0
229;0;1.8043309705890077e-27
229;1;3.1313562611730783e-09
229;2;6.962146415597287e-11
229;3;1.0
229;4;1.0
229;5;2.9795291033414085e-07
229;6;9.526549063015647e-109
229;7;5.965265311502527e-18
229;8;1.9220615849297853e-19
229;9;5.745745415415486e-31
220;0;4.1830611290879295e-07
220;1;1.5283598956489248e-09
220;2;1.0197342349135291e-13
220;3;4.832111958367316e-10
220;4;8.767859989689549e-07
220;5;2.0408153182280735e-14
220;6;1.0
220;7;1.572698656206391e-10
220;8;5.719518328029744e-48
220;9;5.681843859226473e-10
221;0;5.26937648690668e-10
221;1;1.0
221;2;1.0
221;3;5.0459353642068165e-22
221;4;1.0
221;5;0.9391110132378723
221;6;1.0
221;7;1.0
221;8;1.7814162774991206e-11
221;9;8.046445506118534e-18
222;0;2.0616348451863757e-14
222;1;3.7227918682801523e-22
222;2;4.070259728827406e-39
222;3;4.129091996404965e-16
222;4;1.6372002121627537e-14
222;5;8.792339054864154e-25
222;6;1.9328676942806458e-17
222;7;2.6546695049495585e-10
222;8;8.55919373256543e-26
222;9;1.9238985220005076e-19
223;0;6.921045385326177e-08
223;1;8.396793235646069e-13
223;2;2.9805671134806477e-12
223;3;9.467133615583708e-16
223;4;1.520682418335573e-11
223;5;1.7441970351954483e-15
223;6;4.259281030450746e-09
223;7;9.376587694460248e-08
223;8;1.0
223;9;8.826511563621843e-08
224;0;0.00043961104054364403
224;1;2.4190199112919515e-12
224;2;2.44277891303192e-11
224;3;0.004012692467675415
224;4;6.242462159146426e-06
224;5;9.191291499696666e-15
224;6;7.78434486078916e-11
224;7;0.0006499245096877126
224;8;9.301781937752932e-08
224;9;7.270694846928101e-11
235;0;1.0
235;1;0.00042987019037766887
235;2;1.0
235;3;1.0
235;4;1.0
235;5;1.0
235;6;3.4672182703643934e-07
235;7;0.0002479487399622644
235;8;3.9823994314065486e-05
235;9;1.226271105960949e-06
236;0;1.085000822794425e-07
236;1;2.9786284699273816e-06
236;2;2.5923205364108076e-05
236;3;1.41421253059016e-05
236;4;1.2175877477984682e-11
236;5;0.001070819186830646
236;6;1.020452718783344e-05
236;7;0.05078025940743411
236;8;1.1803887716090488e-05
236;9;0.003197960793437058
237;0;2.539926419406559e-10
237;1;2.673096829116726e-14
237;2;4.355054608248054e-06
237;3;6.0953983988080894e-15
237;4;2.5472659341183642e-09
237;5;0.0036429026737964856
237;6;2.7368629704538905e-05
237;7;2.1457910486389047e-09
237;8;3.5632729866015013e-14
237;9;7.661223596638443e-06
238;0;1.0
238;1;7.544652296068342e-21
238;2;1.5544128869852731e-09
238;3;1.0
238;4;1.0
238;5;1.6407496797366117e-90
238;6;6.409240093632555e-23
238;7;1.0
238;8;4.982146056221887e-28
238;9;1.0
239;0;3.343439095297924e-14
239;1;1.6108844088372547e-06
239;2;5.751606042105091e-20
239;3;2.4020612929022363e-10
239;4;4.830090933299107e-16
239;5;7.67417059659861e-12
239;6;5.185772637421138e-23
239;7;3.285318950368268e-08
239;8;2.8670929184760434e-08
239;9;8.75525882594347e-09
230;0;6.152692242298253e-08
230;1;2.3178489197799374e-20
230;2;0.0002443925210739094
230;3;4.326139943515034e-17
230;4;0.00016191977304620903
230;5;5.233546709836822e-14
230;6;3.4331285456360987e-16
230;7;1.2182129286024607e-07
230;8;1.6689160463278397e-15
230;9;2.924118987232632e-18
231;0;4.5471737460437774e-14
231;1;1.0
231;2;6.01536696285335e-18
231;3;1.0
231;4;1.0
231;5;1.0
231;6;1.0
231;7;1.0
231;8;1.0
231;9;1.0
232;0;1.790876549637552e-08
232;1;3.932710447381163e-13
232;2;1.1996224676408237e-07
232;3;1.5978554023446219e-07
232;4;1.9217386209003087e-10
232;5;7.873068687653012e-08
232;6;1.1360837390754624e-11
232;7;6.6414848245535715e-06
232;8;5.690249877935186e-06
232;9;8.508769908851815e-12
233;0;3.104100565795854e-07
233;1;1.0
233;2;3.8893845217289116e-07
233;3;1.977654137549016e-08
233;4;1.0
233;5;4.876697129682242e-07
233;6;1.4279697814389272e-07
233;7;1.720166339049484e-06
233;8;2.3677041661481417e-06
233;9;5.9916417177219256e-05
234;0;5.320763081096855e-05
234;1;1.7250841701728776e-10
234;2;2.392997669752502e-05
234;3;1.8447930493978436e-07
234;4;0.00010872993111651158
234;5;0.018416172769685817
234;6;1.925164253041824e-06
234;7;0.007164669597961162
234;8;0.00011709523718723153
234;9;6.7857426619847145e-06
240;0;1.0
240;1;1.0
240;2;1.0
240;3;1.0
240;4;1.0
240;5;1.0
240;6;1.0
240;7;1.0
240;8;1.0
240;9;1.0
241;0;8.713821924027774e-07
241;1;2.644176567330439e-14
241;2;1.0
241;3;6.348543699707423e-08
241;4;0.4987264748621367
241;5;1.0
241;6;1.2946879615041422e-21
241;7;0.0117133682883335
241;8;4.8931027649644157e-14
241;9;4.2610621439447095e-07
242;0;8.801322590795319e-11
242;1;1.1916327304446579e-09
242;2;2.8693298670701885e-17
242;3;1.1810989903453528e-05
242;4;1.0443248220278724e-07
242;5;2.0759579972737648e-23
242;6;4.5074559736625466e-07
242;7;3.421285929204614e-12
242;8;5.260503651944243e-07
242;9;5.5470540431152105e-08
243;0;5.73050466399056e-20
243;1;1.0
243;2;1.265023250076728e-13
243;3;2.8932470315740843e-15
243;4;4.128694544772925e-14
243;5;3.7444307503577967e-07
243;6;3.721682706645921e-11
243;7;6.870192348040519e-09
243;8;2.4789934719382363e-09
243;9;1.4768271356477672e-13
244;0;4.24564515432168e-12
244;1;2.1299736577462363e-08
244;2;1.4955339090862161e-07
244;3;1.868568560708774e-10
244;4;4.783694301651659e-09
244;5;1.911865446132645e-05
244;6;8.480031030950366e-15
244;7;1.367594931464416e-08
244;8;2.3407182671633884e-07
244;9;2.891150503569366e-17
245;0;2.6814711079395603e-06
245;1;1.0
245;2;1.0
245;3;1.0
245;4;1.0
245;5;1.0
245;6;1.0
245;7;1.0
245;8;1.0
245;9;1.0
246;0;8.330236224982107e-12
246;1;1.0
246;2;2.4689047475717835e-07
246;3;1.0
246;4;1.9260870191010005e-10
246;5;1.0
246;6;1.0
246;7;1.0
246;8;6.0857152127533325e-05
246;9;1.0
247;0;8.45166250950742e-08
247;1;3.933939998455411e-21
247;2;1.0
247;3;1.1707403392160153e-10
247;4;3.927716241302569e-08
247;5;3.37615085019076e-73
247;6;4.7128634204053836e-09
247;7;2.2455443771421318e-26
247;8;6.183646074309122e-22
247;9;1.0
248;0;3.0002585104905e-07
248;1;4.2699600106811216e-10
248;2;5.169669421142318e-13
248;3;1.1727486227733411e-12
248;4;2.811454873137364e-06
248;5;2.049226978997681e-14
248;6;4.196428132277409e-08
248;7;4.4872511844668025e-08
248;8;4.355551467951906e-12
248;9;2.610186020918521e-11
249;0;1.4940636745166495e-10
249;1;1.932770706379848e-08
249;2;1.65804023205576e-06
249;3;6.872434084153519e-10
249;4;1.5828079280145427e-13
249;5;5.42931350933414e-15
249;6;5.235423614403904e-10
249;7;7.976971856122395e-09
249;8;3.702915073600082e-09
249;9;5.581904045525134e-06
