id;confidence_per_choice
('easy', 752);[0, 0, 0, 0]
('easy', 754);[0, 0, 0, 0]
('easy', 755);[0, 0, 0, 0]
('easy', 756);[0, 0, 0, 0]
('easy', 757);[0, 0, 0, 0]
('easy', 758);[0, 0, 0, 0]
('easy', 759);[0, 0, 0, 0]
('easy', 760);[0, 0, 0, 0]
('easy', 761);[0, 0, 0, 0]
('easy', 762);[0, 0, 0, 0]
('easy', 763);[0, 0, 0, 0]
('easy', 764);[0, 0, 0, 0]
('easy', 765);[0, 0, 0, 0]
('easy', 766);[0, 0, 0, 0]
('easy', 767);[0, 0, 0, 0]
('easy', 768);[0, 0, 0, 0]
('easy', 769);[0, 0, 0, 0]
('easy', 770);[0, 0, 0, 0]
('easy', 771);[0, 0, 0, 0]
('easy', 772);[0, 0, 0, 0]
('easy', 773);[0, 0, 0, 0]
('easy', 774);[0, 0, 0, 0]
('easy', 775);[0, 0, 0, 0]
('easy', 776);[0, 0, 0, 0]
('easy', 777);[0, 0, 0, 0]
('easy', 778);[0, 0, 0, 0]
('easy', 779);[0, 0, 0, 0]
('easy', 780);[0, 0, 0, 0]
('easy', 781);[0, 0, 0, 0]
('easy', 782);[0, 0, 0, 0]
('easy', 783);[0, 0, 0, 0]
('easy', 784);[0, 0, 0, 0]
('easy', 785);[0, 0, 0, 0]
('easy', 786);[0, 0, 0, 0]
('easy', 787);[0, 0, 0, 0]
('easy', 788);[0, 0, 0, 0]
('easy', 789);[0, 0, 0, 0]
('easy', 790);[0, 0, 0, 0]
('easy', 791);[0, 0, 0, 0]
('easy', 792);[0, 0, 0, 0]
('easy', 793);[0, 0, 0, 0]
('easy', 794);[0, 0, 0, 0]
('easy', 795);[0, 0, 0, 0]
('easy', 796);[0, 0, 0, 0]
('easy', 797);[0, 0, 0, 0]
('easy', 798);[0, 0, 0, 0]
('easy', 799);[0, 0, 0, 0]
('easy', 800);[0, 0, 0, 0]
('easy', 801);[0, 0, 0, 0]
('easy', 802);[0, 0, 0, 0]
('easy', 803);[0, 0, 0, 0]
('easy', 804);[0, 0, 0, 0]
('easy', 805);[0, 0, 0, 0]
('easy', 806);[0, 0, 0, 0]
('easy', 807);[0, 0, 0, 0]
('easy', 808);[0, 0, 0, 0]
('easy', 809);[0, 0, 0, 0]
('easy', 810);[0, 0, 0, 0]
('easy', 811);[0, 0, 0, 0]
('easy', 812);[0, 0, 0, 0]
('easy', 813);[0, 0, 0, 0]
('easy', 814);[0, 0, 0, 0]
('easy', 815);[0, 0, 0, 0]
('easy', 816);[0, 0, 0, 0]
('easy', 817);[0, 0, 0, 0]
('easy', 818);[0, 0, 0, 0]
('easy', 819);[0, 0, 0, 0]
('easy', 820);[0, 0, 0, 0]
('easy', 821);[0, 0, 0, 0]
('easy', 822);[0, 0, 0, 0]
('easy', 823);[0, 0, 0, 0]
('easy', 824);[0, 0, 0, 0]
('easy', 825);[0, 0, 0, 0]
('easy', 826);[0, 0, 0, 0]
('easy', 827);[0, 0, 0, 0]
('easy', 828);[0, 0, 0, 0]
('easy', 829);[0, 0, 0, 0]
('easy', 830);[0, 0, 0, 0]
('easy', 831);[0, 0, 0, 0]
('easy', 832);[0, 0, 0, 0]
('easy', 833);[0, 0, 0, 0]
('easy', 834);[0, 0, 0, 0]
('easy', 835);[0, 0, 0, 0]
('easy', 836);[0, 0, 0, 0]
('easy', 837);[0, 0, 0, 0]
('easy', 838);[0, 0, 0, 0]
('easy', 839);[0, 0, 0, 0]
('easy', 840);[0, 0, 0, 0]
('easy', 841);[0, 0, 0, 0]
('easy', 842);[0, 0, 0, 0]
('easy', 843);[0, 0, 0, 0]
('easy', 844);[0, 0, 0, 0]
('easy', 845);[0, 0, 0, 0]
('easy', 846);[0, 0, 0, 0]
('easy', 847);[0, 0, 0, 0]
('easy', 848);[0, 0, 0, 0]
('easy', 849);[0, 0, 0, 0]
('easy', 850);[0, 0, 0, 0]
('easy', 851);[0, 0, 0, 0]
('easy', 852);[0, 0, 0, 0]
('easy', 853);[0, 0, 0, 0]
('easy', 854);[0, 0, 0, 0]
('easy', 855);[0, 0, 0, 0]
('easy', 856);[0, 0, 0, 0]
('easy', 857);[0, 0, 0, 0]
('easy', 858);[0, 0, 0, 0]
('easy', 859);[0, 0, 0, 0]
('easy', 860);[0, 0, 0, 0]
('easy', 861);[0, 0, 0, 0]
('easy', 862);[0, 0, 0, 0]
('easy', 863);[0, 0, 0, 0]
('easy', 864);[0, 0, 0, 0]
('easy', 865);[0, 0, 0, 0]
('easy', 866);[0, 0, 0, 0]
('easy', 867);[0, 0, 0, 0]
('easy', 868);[0, 0, 0, 0]
('easy', 869);[0, 0, 0, 0]
('easy', 870);[0, 0, 0, 0]
('easy', 871);[0, 0, 0, 0]
('easy', 872);[0, 0, 0, 0]
('easy', 873);[0, 0, 0, 0]
('easy', 874);[0, 0, 0, 0]
('easy', 875);[0, 0, 0, 0]
('easy', 876);[0, 0, 0, 0]
('easy', 877);[0, 0, 0, 0]
('easy', 878);[0, 0, 0, 0]
('easy', 879);[0, 0, 0, 0]
('easy', 880);[0, 0, 0, 0]
('easy', 881);[0, 0, 0, 0]
('easy', 882);[0, 0, 0, 0]
('easy', 883);[0, 0, 0, 0]
('easy', 884);[0, 0, 0, 0]
('easy', 885);[0, 0, 0, 0]
('easy', 886);[0, 0, 0, 0]
('easy', 887);[0, 0, 0, 0]
('easy', 888);[0, 0, 0, 0]
('easy', 889);[0, 0, 0, 0]
('easy', 890);[0, 0, 0, 0]
('easy', 891);[0, 0, 0, 0]
('easy', 892);[0, 0, 0, 0]
('easy', 893);[0, 0, 0, 0]
('easy', 894);[0, 0, 0, 0]
('easy', 895);[0, 0, 0, 0]
('easy', 896);[0, 0, 0, 0]
('easy', 897);[0, 0, 0, 0]
('easy', 898);[0, 0, 0, 0]
('easy', 899);[0, 0, 0, 0]
('easy', 900);[0, 0, 0, 0]
('easy', 901);[0, 0, 0, 0]
('easy', 902);[0, 0, 0, 0]
('easy', 903);[0, 0, 0, 0]
('easy', 904);[0, 0, 0, 0]
('easy', 905);[0, 0, 0, 0]
('easy', 906);[0, 0, 0, 0]
('easy', 907);[0, 0, 0, 0]
('easy', 908);[0, 0, 0, 0]
('easy', 909);[0, 0, 0, 0]
('easy', 910);[0, 0, 0, 0]
('easy', 911);[0, 0, 0, 0]
('easy', 912);[0, 0, 0, 0]
('easy', 913);[0, 0, 0, 0]
('easy', 914);[0, 0, 0, 0]
('easy', 915);[0, 0, 0, 0]
('easy', 916);[0, 0, 0, 0]
('easy', 917);[0, 0, 0, 0]
('easy', 918);[0, 0, 0, 0]
('easy', 919);[0, 0, 0, 0]
('easy', 920);[0, 0, 0, 0]
('easy', 921);[0, 0, 0, 0]
('easy', 922);[0, 0, 0, 0]
('easy', 923);[0, 0, 0, 0]
('easy', 924);[0, 0, 0, 0]
('easy', 925);[0, 0, 0, 0]
('easy', 926);[0, 0, 0, 0]
('easy', 927);[0, 0, 0, 0]
('easy', 928);[0, 0, 0, 0]
('easy', 929);[0, 0, 0, 0]
('easy', 930);[0, 0, 0, 0]
('easy', 931);[0, 0, 0, 0]
('easy', 932);[0, 0, 0, 0]
('easy', 933);[0, 0, 0, 0]
('easy', 934);[0, 0, 0, 0]
('easy', 935);[0, 0, 0, 0]
('easy', 936);[0, 0, 0, 0]
('easy', 937);[0, 0, 0, 0]
('easy', 938);[0, 0, 0, 0]
('easy', 939);[0, 0, 0, 0]
('easy', 940);[0, 0, 0, 0]
('easy', 941);[0, 0, 0, 0]
('easy', 942);[0, 0, 0, 0]
('easy', 943);[0, 0, 0, 0]
('easy', 944);[0, 0, 0, 0]
('easy', 945);[0, 0, 0, 0]
('easy', 946);[0, 0, 0, 0]
('easy', 947);[0, 0, 0, 0]
('easy', 948);[0, 0, 0, 0]
('easy', 949);[0, 0, 0, 0]
('easy', 950);[0, 0, 0, 0]
('easy', 951);[0, 0, 0, 0]
('easy', 952);[0, 0, 0, 0]
('easy', 953);[0, 0, 0, 0]
('easy', 954);[0, 0, 0, 0]
('easy', 955);[0, 0, 0, 0]
('easy', 956);[0, 0, 0, 0]
('easy', 957);[0, 0, 0, 0]
('easy', 958);[0, 0, 0, 0]
('easy', 959);[0, 0, 0, 0]
('easy', 960);[0, 0, 0, 0]
('easy', 961);[0, 0, 0, 0]
('easy', 962);[0, 0, 0, 0]
('easy', 963);[0, 0, 0, 0]
('easy', 964);[0, 0, 0, 0]
('easy', 965);[0, 0, 0, 0]
('easy', 966);[0, 0, 0, 0]
('easy', 967);[0, 0, 0, 0]
('easy', 968);[0, 0, 0, 0]
('easy', 969);[0, 0, 0, 0]
('easy', 970);[0, 0, 0, 0]
('easy', 971);[0, 0, 0, 0]
('easy', 972);[0, 0, 0, 0]
('easy', 973);[0, 0, 0, 0]
('easy', 974);[0, 0, 0, 0]
('easy', 975);[0, 0, 0, 0]
('easy', 976);[0, 0, 0, 0]
('easy', 977);[0, 0, 0, 0]
('easy', 978);[0, 0, 0, 0]
('easy', 979);[0, 0, 0, 0]
('easy', 980);[0, 0, 0, 0]
('easy', 981);[0, 0, 0, 0]
('easy', 982);[0, 0, 0, 0]
('easy', 983);[0, 0, 0, 0]
('easy', 984);[0, 0, 0, 0]
('easy', 985);[0, 0, 0, 0]
('easy', 986);[0, 0, 0, 0]
('easy', 987);[0, 0, 0, 0]
('easy', 988);[0, 0, 0, 0]
('easy', 989);[0, 0, 0, 0]
('easy', 990);[0, 0, 0, 0]
('easy', 991);[0, 0, 0, 0]
('easy', 992);[0, 0, 0, 0]
('easy', 993);[0, 0, 0, 0]
('easy', 994);[0, 0, 0, 0]
('easy', 995);[0, 0, 0, 0]
('easy', 996);[0, 0, 0, 0]
('easy', 997);[0, 0, 0, 0]
('easy', 998);[0, 0, 0, 0]
('easy', 999);[0, 0, 0, 0]
('easy', 1000);[0, 0, 0, 0]
('easy', 1001);[0, 0, 0, 0]
('easy', 1002);[0, 0, 0, 0]
('easy', 250);[0, 0, 0, 0]
('easy', 251);[0, 0, 0, 0]
('easy', 252);[0, 0, 0, 0]
('easy', 253);[0, 0, 0, 0]
('easy', 254);[0, 0, 0, 0]
('easy', 255);[0, 0, 0, 0]
('easy', 256);[0, 0, 0, 0]
('easy', 257);[0, 0, 0, 0]
('easy', 258);[0, 0, 0, 0]
('easy', 259);[0, 0, 0, 0]
('easy', 260);[0, 0, 0, 0]
('easy', 261);[0, 0, 0, 0]
('easy', 262);[0, 0, 0, 0]
('easy', 263);[0, 0, 0, 0]
('easy', 264);[0, 0, 0, 0]
('easy', 265);[0, 0, 0, 0]
('easy', 266);[0, 0, 0, 0]
('easy', 267);[0, 0, 0, 0]
('easy', 268);[0, 0, 0, 0]
('easy', 269);[0, 0, 0, 0]
('easy', 270);[0, 0, 0, 0]
('easy', 271);[0, 0, 0, 0]
('easy', 272);[0, 0, 0, 0]
('easy', 273);[0, 0, 0, 0]
('easy', 274);[0, 0, 0, 0]
('easy', 275);[0, 0, 0, 0]
('easy', 276);[0, 0, 0, 0]
('easy', 277);[0, 0, 0, 0]
('easy', 278);[0, 0, 0, 0]
('easy', 279);[0, 0, 0, 0]
('easy', 280);[0, 0, 0, 0]
('easy', 281);[0, 0, 0, 0]
('easy', 282);[0, 0, 0, 0]
('easy', 283);[0, 0, 0, 0]
('easy', 284);[0, 0, 0, 0]
('easy', 285);[0, 0, 0, 0]
('easy', 286);[0, 0, 0, 0]
('easy', 287);[0, 0, 0, 0]
('easy', 288);[0, 0, 0, 0]
('easy', 290);[0, 0, 0, 0]
('easy', 291);[0, 0, 0, 0]
('easy', 292);[0, 0, 0, 0]
('easy', 293);[0, 0, 0, 0]
('easy', 294);[0, 0, 0, 0]
('easy', 295);[0, 0, 0, 0]
('easy', 296);[0, 0, 0, 0]
('easy', 297);[0, 0, 0, 0]
('easy', 298);[0, 0, 0, 0]
('easy', 299);[0, 0, 0, 0]
('easy', 300);[0, 0, 0, 0]
('easy', 301);[0, 0, 0, 0]
('easy', 302);[0, 0, 0, 0]
('easy', 303);[0, 0, 0, 0]
('easy', 304);[0, 0, 0, 0]
('easy', 305);[0, 0, 0, 0]
('easy', 306);[0, 0, 0, 0]
('easy', 307);[0, 0, 0, 0]
('easy', 308);[0, 0, 0, 0]
('easy', 309);[0, 0, 0, 0]
('easy', 310);[0, 0, 0, 0]
('easy', 311);[0, 0, 0, 0]
('easy', 312);[0, 0, 0, 0]
('easy', 313);[0, 0, 0, 0]
('easy', 314);[0, 0, 0, 0]
('easy', 315);[0, 0, 0, 0]
('easy', 316);[0, 0, 0, 0]
('easy', 317);[0, 0, 0, 0]
('easy', 318);[0, 0, 0, 0]
('easy', 319);[0, 0, 0, 0]
('easy', 320);[0, 0, 0, 0]
('easy', 321);[0, 0, 0, 0]
('easy', 322);[0, 0, 0, 0]
('easy', 323);[0, 0, 0, 0]
('easy', 324);[0, 0, 0, 0]
('easy', 325);[0, 0, 0, 0]
('easy', 326);[0, 0, 0, 0]
('easy', 327);[0, 0, 0, 0]
('easy', 328);[0, 0, 0, 0]
('easy', 329);[0, 0, 0, 0]
('easy', 330);[0, 0, 0, 0]
('easy', 331);[0, 0, 0, 0]
('easy', 332);[0, 0, 0, 0]
('easy', 333);[0, 0, 0, 0]
('easy', 334);[0, 0, 0, 0]
('easy', 335);[0, 0, 0, 0]
('easy', 336);[0, 0, 0, 0]
('easy', 337);[0, 0, 0, 0]
('easy', 338);[0, 0, 0, 0]
('easy', 339);[0, 0, 0, 0]
('easy', 340);[0, 0, 0, 0]
('easy', 341);[0, 0, 0, 0]
('easy', 342);[0, 0, 0, 0]
('easy', 343);[0, 0, 0, 0]
('easy', 344);[0, 0, 0, 0]
('easy', 345);[0, 0, 0, 0]
('easy', 346);[0, 0, 0, 0]
('easy', 347);[0, 0, 0, 0]
('easy', 348);[0, 0, 0, 0]
('easy', 349);[0, 0, 0, 0]
('easy', 350);[0, 0, 0, 0]
('easy', 351);[0, 0, 0, 0]
('easy', 352);[0, 0, 0, 0]
('easy', 353);[0, 0, 0, 0]
('easy', 354);[0, 0, 0, 0]
('easy', 355);[0, 0, 0, 0]
('easy', 356);[0, 0, 0, 0]
('easy', 357);[0, 0, 0, 0]
('easy', 358);[0, 0, 0, 0]
('easy', 359);[0, 0, 0, 0]
('easy', 360);[0, 0, 0, 0]
('easy', 361);[0, 0, 0, 0]
('easy', 362);[0, 0, 0, 0]
('easy', 363);[0, 0, 0, 0]
('easy', 364);[0, 0, 0, 0]
('easy', 365);[0, 0, 0, 0]
('easy', 366);[0, 0, 0, 0]
('easy', 367);[0, 0, 0, 0]
('easy', 368);[0, 0, 0, 0]
('easy', 369);[0, 0, 0, 0]
('easy', 370);[0, 0, 0, 0]
('easy', 371);[0, 0, 0, 0]
('easy', 372);[0, 0, 0, 0]
('easy', 373);[0, 0, 0, 0]
('easy', 374);[0, 0, 0, 0]
('easy', 375);[0, 0, 0, 0]
('easy', 376);[0, 0, 0, 0]
('easy', 377);[0, 0, 0, 0]
('easy', 378);[0, 0, 0, 0]
('easy', 379);[0, 0, 0, 0]
('easy', 380);[0, 0, 0, 0]
('easy', 381);[0, 0, 0, 0]
('easy', 382);[0, 0, 0, 0]
('easy', 383);[0, 0, 0, 0]
('easy', 384);[0, 0, 0, 0]
('easy', 385);[0, 0, 0, 0]
('easy', 386);[0, 0, 0, 0]
('easy', 387);[0, 0, 0, 0]
('easy', 388);[0, 0, 0, 0]
('easy', 389);[0, 0, 0, 0]
('easy', 390);[0, 0, 0, 0]
('easy', 391);[0, 0, 0, 0]
('easy', 392);[0, 0, 0, 0]
('easy', 393);[0, 0, 0, 0]
('easy', 394);[0, 0, 0, 0]
('easy', 395);[0, 0, 0, 0]
('easy', 396);[0, 0, 0, 0]
('easy', 397);[0, 0, 0, 0]
('easy', 398);[0, 0, 0, 0]
('easy', 399);[0, 0, 0, 0]
('easy', 400);[0, 0, 0, 0]
('easy', 401);[0, 0, 0, 0]
('easy', 402);[0, 0, 0, 0]
('easy', 403);[0, 0, 0, 0]
('easy', 404);[0, 0, 0, 0]
('easy', 405);[0, 0, 0, 0]
('easy', 406);[0, 0, 0, 0]
('easy', 407);[0, 0, 0, 0]
('easy', 408);[0, 0, 0, 0]
('easy', 409);[0, 0, 0, 0]
('easy', 410);[0, 0, 0, 0]
('easy', 411);[0, 0, 0, 0]
('easy', 412);[0, 0, 0, 0]
('easy', 413);[0, 0, 0, 0]
('easy', 414);[0, 0, 0, 0]
('easy', 415);[0, 0, 0, 0]
('easy', 416);[0, 0, 0, 0]
('easy', 417);[0, 0, 0, 0]
('easy', 418);[0, 0, 0, 0]
('easy', 419);[0, 0, 0, 0]
('easy', 420);[0, 0, 0, 0]
('easy', 421);[0, 0, 0, 0]
('easy', 422);[0, 0, 0, 0]
('easy', 423);[0, 0, 0, 0]
('easy', 424);[0, 0, 0, 0]
('easy', 425);[0, 0, 0, 0]
('easy', 426);[0, 0, 0, 0]
('easy', 427);[0, 0, 0, 0]
('easy', 428);[0, 0, 0, 0]
('easy', 429);[0, 0, 0, 0]
('easy', 430);[0, 0, 0, 0]
('easy', 431);[0, 0, 0, 0]
('easy', 432);[0, 0, 0, 0]
('easy', 433);[0, 0, 0, 0]
('easy', 434);[0, 0, 0, 0]
('easy', 435);[0, 0, 0, 0]
('easy', 436);[0, 0, 0, 0]
('easy', 437);[0, 0, 0, 0]
('easy', 438);[0, 0, 0, 0]
('easy', 439);[0, 0, 0, 0]
('easy', 440);[0, 0, 0, 0]
('easy', 441);[0, 0, 0, 0]
('easy', 442);[0, 0, 0, 0]
('easy', 443);[0, 0, 0, 0]
('easy', 444);[0, 0, 0, 0]
('easy', 445);[0, 0, 0, 0]
('easy', 446);[0, 0, 0, 0]
('easy', 447);[0, 0, 0, 0]
('easy', 448);[0, 0, 0, 0]
('easy', 449);[0, 0, 0, 0]
('easy', 450);[0, 0, 0, 0]
('easy', 451);[0, 0, 0, 0]
('easy', 452);[0, 0, 0, 0]
('easy', 453);[0, 0, 0, 0]
('easy', 454);[0, 0, 0, 0]
('easy', 455);[0, 0, 0, 0]
('easy', 456);[0, 0, 0, 0]
('easy', 457);[0, 0, 0, 0]
('easy', 458);[0, 0, 0, 0]
('easy', 459);[0, 0, 0, 0]
('easy', 460);[0, 0, 0, 0]
('easy', 461);[0, 0, 0, 0]
('easy', 462);[0, 0, 0, 0]
('easy', 463);[0, 0, 0, 0]
('easy', 464);[0, 0, 0, 0]
('easy', 465);[0, 0, 0, 0]
('easy', 466);[0, 0, 0, 0]
('easy', 467);[0, 0, 0, 0]
('easy', 468);[0, 0, 0, 0]
('easy', 469);[0, 0, 0, 0]
('easy', 470);[0, 0, 0, 0]
('easy', 471);[0, 0, 0, 0]
('easy', 472);[0, 0, 0, 0]
('easy', 473);[0, 0, 0, 0]
('easy', 474);[0, 0, 0, 0]
('easy', 475);[0, 0, 0, 0]
('easy', 476);[0, 0, 0, 0]
('easy', 477);[0, 0, 0, 0]
('easy', 478);[0, 0, 0, 0]
('easy', 479);[0, 0, 0, 0]
('easy', 480);[0, 0, 0, 0]
('easy', 481);[0, 0, 0, 0]
('easy', 482);[0, 0, 0, 0]
('easy', 483);[0, 0, 0, 0]
('easy', 484);[0, 0, 0, 0]
('easy', 485);[0, 0, 0, 0]
('easy', 486);[0, 0, 0, 0]
('easy', 487);[0, 0, 0, 0]
('easy', 488);[0, 0, 0, 0]
('easy', 489);[0, 0, 0, 0]
('easy', 490);[0, 0, 0, 0]
('easy', 491);[0, 0, 0, 0]
('easy', 492);[0, 0, 0, 0]
('easy', 493);[0, 0, 0, 0]
('easy', 494);[0, 0, 0, 0]
('easy', 495);[0, 0, 0, 0]
('easy', 496);[0, 0, 0, 0]
('easy', 497);[0, 0, 0, 0]
('easy', 498);[0, 0, 0, 0]
('easy', 499);[0, 0, 0, 0]
('easy', 500);[0, 0, 0, 0]
('easy', 501);[0, 0, 0, 0]
('easy', 502);[0, 0, 0, 0]
('easy', 503);[0, 0, 0, 0]
('easy', 504);[0, 0, 0, 0]
('easy', 505);[0, 0, 0, 0]
('easy', 506);[0, 0, 0, 0]
('easy', 507);[0, 0, 0, 0]
('easy', 508);[0, 0, 0, 0]
('easy', 509);[0, 0, 0, 0]
('easy', 510);[0, 0, 0, 0]
('easy', 511);[0, 0, 0, 0]
('easy', 512);[0, 0, 0, 0]
('easy', 513);[0, 0, 0, 0]
('easy', 514);[0, 0, 0, 0]
('easy', 515);[0, 0, 0, 0]
('easy', 516);[0, 0, 0, 0]
('easy', 517);[0, 0, 0, 0]
('easy', 518);[0, 0, 0, 0]
('easy', 519);[0, 0, 0, 0]
('easy', 520);[0, 0, 0, 0]
('easy', 521);[0, 0, 0, 0]
('easy', 522);[0, 0, 0, 0]
('easy', 523);[0, 0, 0, 0]
('easy', 524);[0, 0, 0, 0]
('easy', 525);[0, 0, 0, 0]
('easy', 526);[0, 0, 0, 0]
('easy', 527);[0, 0, 0, 0]
('easy', 528);[0, 0, 0, 0]
('easy', 529);[0, 0, 0, 0]
('easy', 530);[0, 0, 0, 0]
('easy', 531);[0, 0, 0, 0]
('easy', 532);[0, 0, 0, 0]
('easy', 533);[0, 0, 0, 0]
('easy', 534);[0, 0, 0, 0]
('easy', 535);[0, 0, 0, 0]
('easy', 536);[0, 0, 0, 0]
('easy', 537);[0, 0, 0, 0]
('easy', 538);[0, 0, 0, 0]
('easy', 539);[0, 0, 0, 0]
('easy', 540);[0, 0, 0, 0]
('easy', 541);[0, 0, 0, 0]
('easy', 542);[0, 0, 0, 0]
('easy', 543);[0, 0, 0, 0]
('easy', 544);[0, 0, 0, 0]
('easy', 545);[0, 0, 0, 0]
('easy', 546);[0, 0, 0, 0]
('easy', 547);[0, 0, 0, 0]
('easy', 548);[0, 0, 0, 0]
('easy', 549);[0, 0, 0, 0]
('easy', 550);[0, 0, 0, 0]
('easy', 551);[0, 0, 0, 0]
('easy', 552);[0, 0, 0, 0]
('easy', 553);[0, 0, 0, 0]
('easy', 554);[0, 0, 0, 0]
('easy', 555);[0, 0, 0, 0]
('easy', 556);[0, 0, 0, 0]
('easy', 557);[0, 0, 0, 0]
('easy', 558);[0, 0, 0, 0]
('easy', 559);[0, 0, 0, 0]
('easy', 560);[0, 0, 0, 0]
('easy', 561);[0, 0, 0, 0]
('easy', 562);[0, 0, 0, 0]
('easy', 563);[0, 0, 0, 0]
('easy', 564);[0, 0, 0, 0]
('easy', 565);[0, 0, 0, 0]
('easy', 566);[0, 0, 0, 0]
('easy', 567);[0, 0, 0, 0]
('easy', 568);[0, 0, 0, 0]
('easy', 569);[0, 0, 0, 0]
('easy', 570);[0, 0, 0, 0]
('easy', 571);[0, 0, 0, 0]
('easy', 572);[0, 0, 0, 0]
('easy', 573);[0, 0, 0, 0]
('easy', 574);[0, 0, 0, 0]
('easy', 575);[0, 0, 0, 0]
('easy', 576);[0, 0, 0, 0]
('easy', 577);[0, 0, 0, 0]
('easy', 578);[0, 0, 0, 0]
('easy', 579);[0, 0, 0, 0]
('easy', 580);[0, 0, 0, 0]
('easy', 581);[0, 0, 0, 0]
('easy', 582);[0, 0, 0, 0]
('easy', 583);[0, 0, 0, 0]
('easy', 584);[0, 0, 0, 0]
('easy', 585);[0, 0, 0, 0]
('easy', 586);[0, 0, 0, 0]
('easy', 587);[0, 0, 0, 0]
('easy', 588);[0, 0, 0, 0]
('easy', 589);[0, 0, 0, 0]
('easy', 590);[0, 0, 0, 0]
('easy', 591);[0, 0, 0, 0]
('easy', 592);[0, 0, 0, 0]
('easy', 593);[0, 0, 0, 0]
('easy', 594);[0, 0, 0, 0]
('easy', 595);[0, 0, 0, 0]
('easy', 596);[0, 0, 0, 0]
('easy', 597);[0, 0, 0, 0]
('easy', 598);[0, 0, 0, 0]
('easy', 599);[0, 0, 0, 0]
('easy', 600);[0, 0, 0, 0]
('easy', 601);[0, 0, 0, 0]
('easy', 602);[0, 0, 0, 0]
('easy', 603);[0, 0, 0, 0]
('easy', 604);[0, 0, 0, 0]
('easy', 605);[0, 0, 0, 0]
('easy', 606);[0, 0, 0, 0]
('easy', 607);[0, 0, 0, 0]
('easy', 608);[0, 0, 0, 0]
('easy', 609);[0, 0, 0, 0]
('easy', 610);[0, 0, 0, 0]
('easy', 611);[0, 0, 0, 0]
('easy', 612);[0, 0, 0, 0]
('easy', 613);[0, 0, 0, 0]
('easy', 614);[0, 0, 0, 0]
('easy', 615);[0, 0, 0, 0]
('easy', 616);[0, 0, 0, 0]
('easy', 617);[0, 0, 0, 0]
('easy', 618);[0, 0, 0, 0]
('easy', 619);[0, 0, 0, 0]
('easy', 620);[0, 0, 0, 0]
('easy', 621);[0, 0, 0, 0]
('easy', 622);[0, 0, 0, 0]
('easy', 623);[0, 0, 0, 0]
('easy', 624);[0, 0, 0, 0]
('easy', 625);[0, 0, 0, 0]
('easy', 626);[0, 0, 0, 0]
('easy', 627);[0, 0, 0, 0]
('easy', 628);[0, 0, 0, 0]
('easy', 629);[0, 0, 0, 0]
('easy', 630);[0, 0, 0, 0]
('easy', 631);[0, 0, 0, 0]
('easy', 632);[0, 0, 0, 0]
('easy', 633);[0, 0, 0, 0]
('easy', 634);[0, 0, 0, 0]
('easy', 635);[0, 0, 0, 0]
('easy', 636);[0, 0, 0, 0]
('easy', 637);[0, 0, 0, 0]
('easy', 638);[0, 0, 0, 0]
('easy', 639);[0, 0, 0, 0]
('easy', 640);[0, 0, 0, 0]
('easy', 641);[0, 0, 0, 0]
('easy', 642);[0, 0, 0, 0]
('easy', 643);[0, 0, 0, 0]
('easy', 644);[0, 0, 0, 0]
('easy', 645);[0, 0, 0, 0]
('easy', 646);[0, 0, 0, 0]
('easy', 647);[0, 0, 0, 0]
('easy', 648);[0, 0, 0, 0]
('easy', 649);[0, 0, 0, 0]
('easy', 650);[0, 0, 0, 0]
('easy', 651);[0, 0, 0, 0]
('easy', 652);[0, 0, 0, 0]
('easy', 653);[0, 0, 0, 0]
('easy', 654);[0, 0, 0, 0]
('easy', 655);[0, 0, 0, 0]
('easy', 656);[0, 0, 0, 0]
('easy', 657);[0, 0, 0, 0]
('easy', 658);[0, 0, 0, 0]
('easy', 659);[0, 0, 0, 0]
('easy', 660);[0, 0, 0, 0]
('easy', 661);[0, 0, 0, 0]
('easy', 662);[0, 0, 0, 0]
('easy', 663);[0, 0, 0, 0]
('easy', 664);[0, 0, 0, 0]
('easy', 665);[0, 0, 0, 0]
('easy', 666);[0, 0, 0, 0]
('easy', 667);[0, 0, 0, 0]
('easy', 668);[0, 0, 0, 0]
('easy', 669);[0, 0, 0, 0]
('easy', 670);[0, 0, 0, 0]
('easy', 671);[0, 0, 0, 0]
('easy', 672);[0, 0, 0, 0]
('easy', 673);[0, 0, 0, 0]
('easy', 674);[0, 0, 0, 0]
('easy', 675);[0, 0, 0, 0]
('easy', 676);[0, 0, 0, 0]
('easy', 677);[0, 0, 0, 0]
('easy', 678);[0, 0, 0, 0]
('easy', 679);[0, 0, 0, 0]
('easy', 680);[0, 0, 0, 0]
('easy', 681);[0, 0, 0, 0]
('easy', 682);[0, 0, 0, 0]
('easy', 683);[0, 0, 0, 0]
('easy', 684);[0, 0, 0, 0]
('easy', 685);[0, 0, 0, 0]
('easy', 686);[0, 0, 0, 0]
('easy', 687);[0, 0, 0, 0]
('easy', 688);[0, 0, 0, 0]
('easy', 689);[0, 0, 0, 0]
('easy', 691);[0, 0, 0, 0]
('easy', 692);[0, 0, 0, 0]
('easy', 693);[0, 0, 0, 0]
('easy', 694);[0, 0, 0, 0]
('easy', 695);[0, 0, 0, 0]
('easy', 696);[0, 0, 0, 0]
('easy', 697);[0, 0, 0, 0]
('easy', 698);[0, 0, 0, 0]
('easy', 699);[0, 0, 0, 0]
('easy', 700);[0, 0, 0, 0]
('easy', 701);[0, 0, 0, 0]
('easy', 702);[0, 0, 0, 0]
('easy', 703);[0, 0, 0, 0]
('easy', 704);[0, 0, 0, 0]
('easy', 705);[0, 0, 0, 0]
('easy', 706);[0, 0, 0, 0]
('easy', 707);[0, 0, 0, 0]
('easy', 708);[0, 0, 0, 0]
('easy', 709);[0, 0, 0, 0]
('easy', 710);[0, 0, 0, 0]
('easy', 711);[0, 0, 0, 0]
('easy', 712);[0, 0, 0, 0]
('easy', 713);[0, 0, 0, 0]
('easy', 714);[0, 0, 0, 0]
('easy', 715);[0, 0, 0, 0]
('easy', 716);[0, 0, 0, 0]
('easy', 717);[0, 0, 0, 0]
('easy', 718);[0, 0, 0, 0]
('easy', 719);[0, 0, 0, 0]
('easy', 720);[0, 0, 0, 0]
('easy', 721);[0, 0, 0, 0]
('easy', 722);[0, 0, 0, 0]
('easy', 723);[0, 0, 0, 0]
('easy', 724);[0, 0, 0, 0]
('easy', 725);[0, 0, 0, 0]
('easy', 726);[0, 0, 0, 0]
('easy', 727);[0, 0, 0, 0]
('easy', 728);[0, 0, 0, 0]
('easy', 729);[0, 0, 0, 0]
('easy', 730);[0, 0, 0, 0]
('easy', 731);[0, 0, 0, 0]
('easy', 732);[0, 0, 0, 0]
('easy', 733);[0, 0, 0, 0]
('easy', 734);[0, 0, 0, 0]
('easy', 735);[0, 0, 0, 0]
('easy', 736);[0, 0, 0, 0]
('easy', 737);[0, 0, 0, 0]
('easy', 738);[0, 0, 0, 0]
('easy', 739);[0, 0, 0, 0]
('easy', 740);[0, 0, 0, 0]
('easy', 741);[0, 0, 0, 0]
('easy', 742);[0, 0, 0, 0]
('easy', 743);[0, 0, 0, 0]
('easy', 744);[0, 0, 0, 0]
('easy', 745);[0, 0, 0, 0]
('easy', 746);[0, 0, 0, 0]
('easy', 747);[0, 0, 0, 0]
('easy', 748);[0, 0, 0, 0]
('easy', 749);[0, 0, 0, 0]
('easy', 750);[0, 0, 0, 0]
('easy', 751);[0, 0, 0, 0]
('easy', 0);[0, 0, 0, 0]
('easy', 1);[0, 0, 0, 0]
('easy', 2);[0, 0, 0, 0]
('easy', 3);[0, 0, 0, 0]
('easy', 4);[0, 0, 0, 0]
('easy', 5);[0, 0, 0, 0]
('easy', 6);[0, 0, 0, 0]
('easy', 7);[0, 0, 0, 0]
('easy', 8);[0, 0, 0, 0]
('easy', 9);[0, 0, 0, 0]
('easy', 10);[0, 0, 0, 0]
('easy', 11);[0, 0, 0, 0]
('easy', 12);[0, 0, 0, 0]
('easy', 13);[0, 0, 0, 0]
('easy', 14);[0, 0, 0, 0]
('easy', 15);[0, 0, 0, 0]
('easy', 16);[0, 0, 0, 0]
('easy', 17);[0, 0, 0, 0]
('easy', 18);[0, 0, 0, 0]
('easy', 19);[0, 0, 0, 0]
('easy', 20);[0, 0, 0, 0]
('easy', 21);[0, 0, 0, 0]
('easy', 22);[0, 0, 0, 0]
('easy', 23);[0, 0, 0, 0]
('easy', 24);[0, 0, 0, 0]
('easy', 25);[0, 0, 0, 0]
('easy', 26);[0, 0, 0, 0]
('easy', 27);[0, 0, 0, 0]
('easy', 28);[0, 0, 0, 0]
('easy', 29);[0, 0, 0, 0]
('easy', 30);[0, 0, 0, 0]
('easy', 31);[0, 0, 0, 0]
('easy', 32);[0, 0, 0, 0]
('easy', 33);[0, 0, 0, 0]
('easy', 34);[0, 0, 0, 0]
('easy', 35);[0, 0, 0, 0]
('easy', 36);[0, 0, 0, 0]
('easy', 37);[0, 0, 0, 0]
('easy', 38);[0, 0, 0, 0]
('easy', 39);[0, 0, 0, 0]
('easy', 40);[0, 0, 0, 0]
('easy', 41);[0, 0, 0, 0]
('easy', 42);[0, 0, 0, 0]
('easy', 43);[0, 0, 0, 0]
('easy', 44);[0, 0, 0, 0]
('easy', 45);[0, 0, 0, 0]
('easy', 46);[0, 0, 0, 0]
('easy', 47);[0, 0, 0, 0]
('easy', 48);[0, 0, 0, 0]
('easy', 49);[0, 0, 0, 0]
('easy', 50);[0, 0, 0, 0]
('easy', 51);[0, 0, 0, 0]
('easy', 52);[0, 0, 0, 0]
('easy', 53);[0, 0, 0, 0]
('easy', 54);[0, 0, 0, 0]
('easy', 55);[0, 0, 0, 0]
('easy', 56);[0, 0, 0, 0]
('easy', 57);[0, 0, 0, 0]
('easy', 58);[0, 0, 0, 0]
('easy', 59);[0, 0, 0, 0]
('easy', 60);[0, 0, 0, 0]
('easy', 61);[0, 0, 0, 0]
('easy', 62);[0, 0, 0, 0]
('easy', 63);[0, 0, 0, 0]
('easy', 64);[0, 0, 0, 0]
('easy', 65);[0, 0, 0, 0]
('easy', 66);[0, 0, 0, 0]
('easy', 67);[0, 0, 0, 0]
('easy', 68);[0, 0, 0, 0]
('easy', 69);[0, 0, 0, 0]
('easy', 70);[0, 0, 0, 0]
('easy', 71);[0, 0, 0, 0]
('easy', 72);[0, 0, 0, 0]
('easy', 73);[0, 0, 0, 0]
('easy', 74);[0, 0, 0, 0]
('easy', 75);[0, 0, 0, 0]
('easy', 76);[0, 0, 0, 0]
('easy', 77);[0, 0, 0, 0]
('easy', 78);[0, 0, 0, 0]
('easy', 79);[0, 0, 0, 0]
('easy', 80);[0, 0, 0, 0]
('easy', 81);[0, 0, 0, 0]
('easy', 82);[0, 0, 0, 0]
('easy', 83);[0, 0, 0, 0]
('easy', 84);[0, 0, 0, 0]
('easy', 85);[0, 0, 0, 0]
('easy', 86);[0, 0, 0, 0]
('easy', 87);[0, 0, 0, 0]
('easy', 88);[0, 0, 0, 0]
('easy', 89);[0, 0, 0, 0]
('easy', 90);[0, 0, 0, 0]
('easy', 91);[0, 0, 0, 0]
('easy', 92);[0, 0, 0, 0]
('easy', 93);[0, 0, 0, 0]
('easy', 94);[0, 0, 0, 0]
('easy', 95);[0, 0, 0, 0]
('easy', 96);[0, 0, 0, 0]
('easy', 97);[0, 0, 0, 0]
('easy', 98);[0, 0, 0, 0]
('easy', 99);[0, 0, 0, 0]
('easy', 100);[0, 0, 0, 0]
('easy', 101);[0, 0, 0, 0]
('easy', 102);[0, 0, 0, 0]
('easy', 103);[0, 0, 0, 0]
('easy', 104);[0, 0, 0, 0]
('easy', 105);[0, 0, 0, 0]
('easy', 106);[0, 0, 0, 0]
('easy', 107);[0, 0, 0, 0]
('easy', 108);[0, 0, 0, 0]
('easy', 109);[0, 0, 0, 0]
('easy', 110);[0, 0, 0, 0]
('easy', 111);[0, 0, 0, 0]
('easy', 112);[0, 0, 0, 0]
('easy', 113);[0, 0, 0, 0]
('easy', 114);[0, 0, 0, 0]
('easy', 115);[0, 0, 0, 0]
('easy', 116);[0, 0, 0, 0]
('easy', 117);[0, 0, 0, 0]
('easy', 118);[0, 0, 0, 0]
('easy', 119);[0, 0, 0, 0]
('easy', 120);[0, 0, 0, 0]
('easy', 121);[0, 0, 0, 0]
('easy', 122);[0, 0, 0, 0]
('easy', 123);[0, 0, 0, 0]
('easy', 124);[0, 0, 0, 0]
('easy', 125);[0, 0, 0, 0]
('easy', 126);[0, 0, 0, 0]
('easy', 127);[0, 0, 0, 0]
('easy', 128);[0, 0, 0, 0]
('easy', 129);[0, 0, 0, 0]
('easy', 130);[0, 0, 0, 0]
('easy', 131);[0, 0, 0, 0]
('easy', 132);[0, 0, 0, 0]
('easy', 133);[0, 0, 0, 0]
('easy', 134);[0, 0, 0, 0]
('easy', 135);[0, 0, 0, 0]
('easy', 136);[0, 0, 0, 0]
('easy', 137);[0, 0, 0, 0]
('easy', 138);[0, 0, 0, 0]
('easy', 139);[0, 0, 0, 0]
('easy', 140);[0, 0, 0, 0]
('easy', 141);[0, 0, 0, 0]
('easy', 142);[0, 0, 0, 0]
('easy', 143);[0, 0, 0, 0]
('easy', 144);[0, 0, 0, 0]
('easy', 145);[0, 0, 0, 0]
('easy', 146);[0, 0, 0, 0]
('easy', 147);[0, 0, 0, 0]
('easy', 148);[0, 0, 0, 0]
('easy', 149);[0, 0, 0, 0]
('easy', 150);[0, 0, 0, 0]
('easy', 151);[0, 0, 0, 0]
('easy', 152);[0, 0, 0, 0]
('easy', 153);[0, 0, 0, 0]
('easy', 154);[0, 0, 0, 0]
('easy', 155);[0, 0, 0, 0]
('easy', 156);[0, 0, 0, 0]
('easy', 157);[0, 0, 0, 0]
('easy', 158);[0, 0, 0, 0]
('easy', 159);[0, 0, 0, 0]
('easy', 160);[0, 0, 0, 0]
('easy', 161);[0, 0, 0, 0]
('easy', 162);[0, 0, 0, 0]
('easy', 163);[0, 0, 0, 0]
('easy', 164);[0, 0, 0, 0]
('easy', 165);[0, 0, 0, 0]
('easy', 166);[0, 0, 0, 0]
('easy', 167);[0, 0, 0, 0]
('easy', 168);[0, 0, 0, 0]
('easy', 169);[0, 0, 0, 0]
('easy', 170);[0, 0, 0, 0]
('easy', 171);[0, 0, 0, 0]
('easy', 172);[0, 0, 0, 0]
('easy', 173);[0, 0, 0, 0]
('easy', 174);[0, 0, 0, 0]
('easy', 175);[0, 0, 0, 0]
('easy', 176);[0, 0, 0, 0]
('easy', 177);[0, 0, 0, 0]
('easy', 178);[0, 0, 0, 0]
('easy', 179);[0, 0, 0, 0]
('easy', 180);[0, 0, 0, 0]
('easy', 181);[0, 0, 0, 0]
('easy', 182);[0, 0, 0, 0]
('easy', 183);[0, 0, 0, 0]
('easy', 184);[0, 0, 0, 0]
('easy', 185);[0, 0, 0, 0]
('easy', 186);[0, 0, 0, 0]
('easy', 187);[0, 0, 0, 0]
('easy', 188);[0, 0, 0, 0]
('easy', 189);[0, 0, 0, 0]
('easy', 190);[0, 0, 0, 0]
('easy', 191);[0, 0, 0, 0]
('easy', 192);[0, 0, 0, 0]
('easy', 193);[0, 0, 0, 0]
('easy', 194);[0, 0, 0, 0]
('easy', 195);[0, 0, 0, 0]
('easy', 196);[0, 0, 0, 0]
('easy', 197);[0, 0, 0, 0]
('easy', 198);[0, 0, 0, 0]
('easy', 199);[0, 0, 0, 0]
('easy', 200);[0, 0, 0, 0]
('easy', 201);[0, 0, 0, 0]
('easy', 202);[0, 0, 0, 0]
('easy', 203);[0, 0, 0, 0]
('easy', 204);[0, 0, 0, 0]
('easy', 205);[0, 0, 0, 0]
('easy', 206);[0, 0, 0, 0]
('easy', 207);[0, 0, 0, 0]
('easy', 208);[0, 0, 0, 0]
('easy', 209);[0, 0, 0, 0]
('easy', 210);[0, 0, 0, 0]
('easy', 211);[0, 0, 0, 0]
('easy', 212);[0, 0, 0, 0]
('easy', 213);[0, 0, 0, 0]
('easy', 214);[0, 0, 0, 0]
('easy', 215);[0, 0, 0, 0]
('easy', 216);[0, 0, 0, 0]
('easy', 217);[0, 0, 0, 0]
('easy', 218);[0, 0, 0, 0]
('easy', 219);[0, 0, 0, 0]
('easy', 220);[0, 0, 0, 0]
('easy', 221);[0, 0, 0, 0]
('easy', 222);[0, 0, 0, 0]
('easy', 223);[0, 0, 0, 0]
('easy', 224);[0, 0, 0, 0]
('easy', 225);[0, 0, 0, 0]
('easy', 226);[0, 0, 0, 0]
('easy', 227);[0, 0, 0, 0]
('easy', 228);[0, 0, 0, 0]
('easy', 229);[0, 0, 0, 0]
('easy', 230);[0, 0, 0, 0]
('easy', 231);[0, 0, 0, 0]
('easy', 232);[0, 0, 0, 0]
('easy', 233);[0, 0, 0, 0]
('easy', 234);[0, 0, 0, 0]
('easy', 235);[0, 0, 0, 0]
('easy', 236);[0, 0, 0, 0]
('easy', 237);[0, 0, 0, 0]
('easy', 238);[0, 0, 0, 0]
('easy', 239);[0, 0, 0, 0]
('easy', 240);[0, 0, 0, 0]
('easy', 241);[0, 0, 0, 0]
('easy', 242);[0, 0, 0, 0]
('easy', 243);[0, 0, 0, 0]
('easy', 244);[0, 0, 0, 0]
('easy', 245);[0, 0, 0, 0]
('easy', 246);[0, 0, 0, 0]
('easy', 247);[0, 0, 0, 0]
('easy', 248);[0, 0, 0, 0]
('easy', 249);[0, 0, 0, 0]
('easy', 1758);[0, 0, 0, 0]
('easy', 1759);[0, 0, 0, 0]
('easy', 1760);[0, 0, 0, 0]
('easy', 1761);[0, 0, 0, 0]
('easy', 1762);[0, 0, 0, 0]
('easy', 1763);[0, 0, 0, 0]
('easy', 1764);[0, 0, 0, 0]
('easy', 1765);[0, 0, 0, 0]
('easy', 1766);[0, 0, 0, 0]
('easy', 1767);[0, 0, 0, 0]
('easy', 1768);[0, 0, 0, 0]
('easy', 1769);[0, 0, 0, 0]
('easy', 1770);[0, 0, 0, 0]
('easy', 1771);[0, 0, 0, 0]
('easy', 1772);[0, 0, 0, 0]
('easy', 1773);[0, 0, 0, 0]
('easy', 1774);[0, 0, 0, 0]
('easy', 1775);[0, 0, 0, 0]
('easy', 1776);[0, 0, 0, 0]
('easy', 1777);[0, 0, 0, 0]
('easy', 1778);[0, 0, 0, 0]
('easy', 1779);[0, 0, 0, 0]
('easy', 1780);[0, 0, 0, 0]
('easy', 1781);[0, 0, 0, 0]
('easy', 1782);[0, 0, 0, 0]
('easy', 1783);[0, 0, 0, 0]
('easy', 1784);[0, 0, 0, 0]
('easy', 1785);[0, 0, 0, 0]
('easy', 1786);[0, 0, 0, 0]
('easy', 1787);[0, 0, 0, 0]
('easy', 1788);[0, 0, 0, 0]
('easy', 1789);[0, 0, 0, 0]
('easy', 1790);[0, 0, 0, 0]
('easy', 1791);[0, 0, 0, 0]
('easy', 1792);[0, 0, 0, 0]
('easy', 1793);[0, 0, 0, 0]
('easy', 1794);[0, 0, 0, 0]
('easy', 1795);[0, 0, 0, 0]
('easy', 1796);[0, 0, 0, 0]
('easy', 1797);[0, 0, 0, 0]
('easy', 1798);[0, 0, 0, 0]
('easy', 1799);[0, 0, 0, 0]
('easy', 1800);[0, 0, 0, 0]
('easy', 1801);[0, 0, 0, 0]
('easy', 1802);[0, 0, 0, 0]
('easy', 1803);[0, 0, 0, 0]
('easy', 1804);[0, 0, 0, 0]
('easy', 1805);[0, 0, 0, 0]
('easy', 1806);[0, 0, 0, 0]
('easy', 1807);[0, 0, 0, 0]
('easy', 1808);[0, 0, 0, 0]
('easy', 1809);[0, 0, 0, 0]
('easy', 1810);[0, 0, 0, 0]
('easy', 1811);[0, 0, 0, 0]
('easy', 1812);[0, 0, 0, 0]
('easy', 1813);[0, 0, 0, 0]
('easy', 1814);[0, 0, 0, 0]
('easy', 1815);[0, 0, 0, 0]
('easy', 1816);[0, 0, 0, 0]
('easy', 1817);[0, 0, 0, 0]
('easy', 1818);[0, 0, 0, 0]
('easy', 1819);[0, 0, 0, 0]
('easy', 1820);[0, 0, 0, 0]
('easy', 1821);[0, 0, 0, 0]
('easy', 1822);[0, 0, 0, 0]
('easy', 1823);[0, 0, 0, 0]
('easy', 1824);[0, 0, 0, 0]
('easy', 1825);[0, 0, 0, 0]
('easy', 1826);[0, 0, 0, 0]
('easy', 1827);[0, 0, 0, 0]
('easy', 1828);[0, 0, 0, 0]
('easy', 1829);[0, 0, 0, 0]
('easy', 1830);[0, 0, 0, 0]
('easy', 1831);[0, 0, 0, 0]
('easy', 1832);[0, 0, 0, 0]
('easy', 1833);[0, 0, 0, 0]
('easy', 1834);[0, 0, 0, 0]
('easy', 1835);[0, 0, 0, 0]
('easy', 1836);[0, 0, 0, 0]
('easy', 1837);[0, 0, 0, 0]
('easy', 1838);[0, 0, 0, 0]
('easy', 1839);[0, 0, 0, 0]
('easy', 1840);[0, 0, 0, 0]
('easy', 1841);[0, 0, 0, 0]
('easy', 1842);[0, 0, 0, 0]
('easy', 1843);[0, 0, 0, 0]
('easy', 1844);[0, 0, 0, 0]
('easy', 1845);[0, 0, 0, 0]
('easy', 1846);[0, 0, 0, 0]
('easy', 1847);[0, 0, 0, 0]
('easy', 1848);[0, 0, 0, 0]
('easy', 1849);[0, 0, 0, 0]
('easy', 1850);[0, 0, 0, 0]
('easy', 1851);[0, 0, 0, 0]
('easy', 1852);[0, 0, 0, 0]
('easy', 1853);[0, 0, 0, 0]
('easy', 1854);[0, 0, 0, 0]
('easy', 1855);[0, 0, 0, 0]
('easy', 1856);[0, 0, 0, 0]
('easy', 1857);[0, 0, 0, 0]
('easy', 1003);[0, 0, 0, 0]
('easy', 1004);[0, 0, 0, 0]
('easy', 1005);[0, 0, 0, 0]
('easy', 1006);[0, 0, 0, 0]
('easy', 1007);[0, 0, 0, 0]
('easy', 1008);[0, 0, 0, 0]
('easy', 1009);[0, 0, 0, 0]
('easy', 1010);[0, 0, 0, 0]
('easy', 1011);[0, 0, 0, 0]
('easy', 1012);[0, 0, 0, 0]
('easy', 1013);[0, 0, 0, 0]
('easy', 1014);[0, 0, 0, 0]
('easy', 1015);[0, 0, 0, 0]
('easy', 1016);[0, 0, 0, 0]
('easy', 1017);[0, 0, 0, 0]
('easy', 1018);[0, 0, 0, 0]
('easy', 1019);[0, 0, 0, 0]
('easy', 1020);[0, 0, 0, 0]
('easy', 1021);[0, 0, 0, 0]
('easy', 1022);[0, 0, 0, 0]
('easy', 1023);[0, 0, 0, 0]
('easy', 1024);[0, 0, 0, 0]
('easy', 1025);[0, 0, 0, 0]
('easy', 1026);[0, 0, 0, 0]
('easy', 1027);[0, 0, 0, 0]
('easy', 1028);[0, 0, 0, 0]
('easy', 1029);[0, 0, 0, 0]
('easy', 1030);[0, 0, 0, 0]
('easy', 1031);[0, 0, 0, 0]
('easy', 1032);[0, 0, 0, 0]
('easy', 1033);[0, 0, 0, 0]
('easy', 1034);[0, 0, 0, 0]
('easy', 1035);[0, 0, 0, 0]
('easy', 1036);[0, 0, 0, 0]
('easy', 1037);[0, 0, 0, 0]
('easy', 1038);[0, 0, 0, 0]
('easy', 1039);[0, 0, 0, 0]
('easy', 1040);[0, 0, 0, 0]
('easy', 1041);[0, 0, 0, 0]
('easy', 1042);[0, 0, 0, 0]
('easy', 1043);[0, 0, 0, 0]
('easy', 1044);[0, 0, 0, 0]
('easy', 1045);[0, 0, 0, 0]
('easy', 1046);[0, 0, 0, 0]
('easy', 1047);[0, 0, 0, 0]
('easy', 1048);[0, 0, 0, 0]
('easy', 1049);[0, 0, 0, 0]
('easy', 1050);[0, 0, 0, 0]
('easy', 1051);[0, 0, 0, 0]
('easy', 1052);[0, 0, 0, 0]
('easy', 1053);[0, 0, 0, 0]
('easy', 1054);[0, 0, 0, 0]
('easy', 1055);[0, 0, 0, 0]
('easy', 1056);[0, 0, 0, 0]
('easy', 1057);[0, 0, 0, 0]
('easy', 1058);[0, 0, 0, 0]
('easy', 1059);[0, 0, 0, 0]
('easy', 1060);[0, 0, 0, 0]
('easy', 1061);[0, 0, 0, 0]
('easy', 1062);[0, 0, 0, 0]
('easy', 1063);[0, 0, 0, 0]
('easy', 1064);[0, 0, 0, 0]
('easy', 1065);[0, 0, 0, 0]
('easy', 1066);[0, 0, 0, 0]
('easy', 1067);[0, 0, 0, 0]
('easy', 1068);[0, 0, 0, 0]
('easy', 1069);[0, 0, 0, 0]
('easy', 1070);[0, 0, 0, 0]
('easy', 1071);[0, 0, 0, 0]
('easy', 1072);[0, 0, 0, 0]
('easy', 1073);[0, 0, 0, 0]
('easy', 1074);[0, 0, 0, 0]
('easy', 1075);[0, 0, 0, 0]
('easy', 1076);[0, 0, 0, 0]
('easy', 1077);[0, 0, 0, 0]
('easy', 1078);[0, 0, 0, 0]
('easy', 1079);[0, 0, 0, 0]
('easy', 1080);[0, 0, 0, 0]
('easy', 1081);[0, 0, 0, 0]
('easy', 1082);[0, 0, 0, 0]
('easy', 1083);[0, 0, 0, 0]
('easy', 1084);[0, 0, 0, 0]
('easy', 1085);[0, 0, 0, 0]
('easy', 1086);[0, 0, 0, 0]
('easy', 1087);[0, 0, 0, 0]
('easy', 1088);[0, 0, 0, 0]
('easy', 1089);[0, 0, 0, 0]
('easy', 1090);[0, 0, 0, 0]
('easy', 1091);[0, 0, 0, 0]
('easy', 1092);[0, 0, 0, 0]
('easy', 1093);[0, 0, 0, 0]
('easy', 1095);[0, 0, 0, 0]
('easy', 1096);[0, 0, 0, 0]
('easy', 1097);[0, 0, 0, 0]
('easy', 1098);[0, 0, 0, 0]
('easy', 1099);[0, 0, 0, 0]
('easy', 1100);[0, 0, 0, 0]
('easy', 1101);[0, 0, 0, 0]
('easy', 1102);[0, 0, 0, 0]
('easy', 1103);[0, 0, 0, 0]
('easy', 1104);[0, 0, 0, 0]
('easy', 1105);[0, 0, 0, 0]
('easy', 1106);[0, 0, 0, 0]
('easy', 1107);[0, 0, 0, 0]
('easy', 1108);[0, 0, 0, 0]
('easy', 1109);[0, 0, 0, 0]
('easy', 1110);[0, 0, 0, 0]
('easy', 1111);[0, 0, 0, 0]
('easy', 1112);[0, 0, 0, 0]
('easy', 1113);[0, 0, 0, 0]
('easy', 1114);[0, 0, 0, 0]
('easy', 1115);[0, 0, 0, 0]
('easy', 1116);[0, 0, 0, 0]
('easy', 1117);[0, 0, 0, 0]
('easy', 1118);[0, 0, 0, 0]
('easy', 1119);[0, 0, 0, 0]
('easy', 1120);[0, 0, 0, 0]
('easy', 1121);[0, 0, 0, 0]
('easy', 1122);[0, 0, 0, 0]
('easy', 1123);[0, 0, 0, 0]
('easy', 1124);[0, 0, 0, 0]
('easy', 1125);[0, 0, 0, 0]
('easy', 1126);[0, 0, 0, 0]
('easy', 1127);[0, 0, 0, 0]
('easy', 1128);[0, 0, 0, 0]
('easy', 1129);[0, 0, 0, 0]
('easy', 1130);[0, 0, 0, 0]
('easy', 1131);[0, 0, 0, 0]
('easy', 1132);[0, 0, 0, 0]
('easy', 1133);[0, 0, 0, 0]
('easy', 1134);[0, 0, 0, 0]
('easy', 1135);[0, 0, 0, 0]
('easy', 1136);[0, 0, 0, 0]
('easy', 1137);[0, 0, 0, 0]
('easy', 1139);[0, 0, 0, 0]
('easy', 1140);[0, 0, 0, 0]
('easy', 1141);[0, 0, 0, 0]
('easy', 1142);[0, 0, 0, 0]
('easy', 1143);[0, 0, 0, 0]
('easy', 1144);[0, 0, 0, 0]
('easy', 1145);[0, 0, 0, 0]
('easy', 1146);[0, 0, 0, 0]
('easy', 1147);[0, 0, 0, 0]
('easy', 1148);[0, 0, 0, 0]
('easy', 1149);[0, 0, 0, 0]
('easy', 1150);[0, 0, 0, 0]
('easy', 1151);[0, 0, 0, 0]
('easy', 1152);[0, 0, 0, 0]
('easy', 1153);[0, 0, 0, 0]
('easy', 1154);[0, 0, 0, 0]
('easy', 1155);[0, 0, 0, 0]
('easy', 1156);[0, 0, 0, 0]
('easy', 1157);[0, 0, 0, 0]
('easy', 1158);[0, 0, 0, 0]
('easy', 1159);[0, 0, 0, 0]
('easy', 1160);[0, 0, 0, 0]
('easy', 1161);[0, 0, 0, 0]
('easy', 1162);[0, 0, 0, 0]
('easy', 1163);[0, 0, 0, 0]
('easy', 1164);[0, 0, 0, 0]
('easy', 1165);[0, 0, 0, 0]
('easy', 1166);[0, 0, 0, 0]
('easy', 1167);[0, 0, 0, 0]
('easy', 1168);[0, 0, 0, 0]
('easy', 1169);[0, 0, 0, 0]
('easy', 1170);[0, 0, 0, 0]
('easy', 1171);[0, 0, 0, 0]
('easy', 1172);[0, 0, 0, 0]
('easy', 1173);[0, 0, 0, 0]
('easy', 1174);[0, 0, 0, 0]
('easy', 1175);[0, 0, 0, 0]
('easy', 1176);[0, 0, 0, 0]
('easy', 1177);[0, 0, 0, 0]
('easy', 1178);[0, 0, 0, 0]
('easy', 1179);[0, 0, 0, 0]
('easy', 1180);[0, 0, 0, 0]
('easy', 1181);[0, 0, 0, 0]
('easy', 1182);[0, 0, 0, 0]
('easy', 1183);[0, 0, 0, 0]
('easy', 1184);[0, 0, 0, 0]
('easy', 1185);[0, 0, 0, 0]
('easy', 1186);[0, 0, 0, 0]
('easy', 1187);[0, 0, 0, 0]
('easy', 1188);[0, 0, 0, 0]
('easy', 1189);[0, 0, 0, 0]
('easy', 1190);[0, 0, 0, 0]
('easy', 1191);[0, 0, 0, 0]
('easy', 1192);[0, 0, 0, 0]
('easy', 1193);[0, 0, 0, 0]
('easy', 1194);[0, 0, 0, 0]
('easy', 1195);[0, 0, 0, 0]
('easy', 1196);[0, 0, 0, 0]
('easy', 1197);[0, 0, 0, 0]
('easy', 1198);[0, 0, 0, 0]
('easy', 1199);[0, 0, 0, 0]
('easy', 1200);[0, 0, 0, 0]
('easy', 1201);[0, 0, 0, 0]
('easy', 1202);[0, 0, 0, 0]
('easy', 1203);[0, 0, 0, 0]
('easy', 1204);[0, 0, 0, 0]
('easy', 1205);[0, 0, 0, 0]
('easy', 1206);[0, 0, 0, 0]
('easy', 1207);[0, 0, 0, 0]
('easy', 1208);[0, 0, 0, 0]
('easy', 1209);[0, 0, 0, 0]
('easy', 1210);[0, 0, 0, 0]
('easy', 1211);[0, 0, 0, 0]
('easy', 1212);[0, 0, 0, 0]
('easy', 1213);[0, 0, 0, 0]
('easy', 1214);[0, 0, 0, 0]
('easy', 1215);[0, 0, 0, 0]
('easy', 1216);[0, 0, 0, 0]
('easy', 1217);[0, 0, 0, 0]
('easy', 1218);[0, 0, 0, 0]
('easy', 1219);[0, 0, 0, 0]
('easy', 1220);[0, 0, 0, 0]
('easy', 1221);[0, 0, 0, 0]
('easy', 1222);[0, 0, 0, 0]
('easy', 1223);[0, 0, 0, 0]
('easy', 1224);[0, 0, 0, 0]
('easy', 1225);[0, 0, 0, 0]
('easy', 1226);[0, 0, 0, 0]
('easy', 1227);[0, 0, 0, 0]
('easy', 1228);[0, 0, 0, 0]
('easy', 1229);[0, 0, 0, 0]
('easy', 1230);[0, 0, 0, 0]
('easy', 1231);[0, 0, 0, 0]
('easy', 1232);[0, 0, 0, 0]
('easy', 1233);[0, 0, 0, 0]
('easy', 1234);[0, 0, 0, 0]
('easy', 1235);[0, 0, 0, 0]
('easy', 1236);[0, 0, 0, 0]
('easy', 1237);[0, 0, 0, 0]
('easy', 1238);[0, 0, 0, 0]
('easy', 1239);[0, 0, 0, 0]
('easy', 1240);[0, 0, 0, 0]
('easy', 1241);[0, 0, 0, 0]
('easy', 1242);[0, 0, 0, 0]
('easy', 1243);[0, 0, 0, 0]
('easy', 1244);[0, 0, 0, 0]
('easy', 1245);[0, 0, 0, 0]
('easy', 1246);[0, 0, 0, 0]
('easy', 1247);[0, 0, 0, 0]
('easy', 1248);[0, 0, 0, 0]
('easy', 1249);[0, 0, 0, 0]
('easy', 1250);[0, 0, 0, 0]
('easy', 1251);[0, 0, 0, 0]
('easy', 1252);[0, 0, 0, 0]
('easy', 1253);[0, 0, 0, 0]
('easy', 1254);[0, 0, 0, 0]
('easy', 1858);[0, 0, 0, 0]
('easy', 1859);[0, 0, 0, 0]
('easy', 1860);[0, 0, 0, 0]
('easy', 1861);[0, 0, 0, 0]
('easy', 1862);[0, 0, 0, 0]
('easy', 1863);[0, 0, 0, 0]
('easy', 1864);[0, 0, 0, 0]
('easy', 1865);[0, 0, 0, 0]
('easy', 1866);[0, 0, 0, 0]
('easy', 1867);[0, 0, 0, 0]
('easy', 1868);[0, 0, 0, 0]
('easy', 1869);[0, 0, 0, 0]
('easy', 1870);[0, 0, 0, 0]
('easy', 1871);[0, 0, 0, 0]
('easy', 1872);[0, 0, 0, 0]
('easy', 1873);[0, 0, 0, 0]
('easy', 1874);[0, 0, 0, 0]
('easy', 1875);[0, 0, 0, 0]
('easy', 1876);[0, 0, 0, 0]
('easy', 1877);[0, 0, 0, 0]
('easy', 1878);[0, 0, 0, 0]
('easy', 1879);[0, 0, 0, 0]
('easy', 1880);[0, 0, 0, 0]
('easy', 1881);[0, 0, 0, 0]
('easy', 1882);[0, 0, 0, 0]
('easy', 1883);[0, 0, 0, 0]
('easy', 1884);[0, 0, 0, 0]
('easy', 1885);[0, 0, 0, 0]
('easy', 1886);[0, 0, 0, 0]
('easy', 1887);[0, 0, 0, 0]
('easy', 1888);[0, 0, 0, 0]
('easy', 1889);[0, 0, 0, 0]
('easy', 1890);[0, 0, 0, 0]
('easy', 1891);[0, 0, 0, 0]
('easy', 1892);[0, 0, 0, 0]
('easy', 1893);[0, 0, 0, 0]
('easy', 1894);[0, 0, 0, 0]
('easy', 1895);[0, 0, 0, 0]
('easy', 1896);[0, 0, 0, 0]
('easy', 1897);[0, 0, 0, 0]
('easy', 1898);[0, 0, 0, 0]
('easy', 1899);[0, 0, 0, 0]
('easy', 1900);[0, 0, 0, 0]
('easy', 1901);[0, 0, 0, 0]
('easy', 1902);[0, 0, 0, 0]
('easy', 1903);[0, 0, 0, 0]
('easy', 1904);[0, 0, 0, 0]
('easy', 1905);[0, 0, 0, 0]
('easy', 1906);[0, 0, 0, 0]
('easy', 1907);[0, 0, 0, 0]
('easy', 1908);[0, 0, 0, 0]
('easy', 1909);[0, 0, 0, 0]
('easy', 1910);[0, 0, 0, 0]
('easy', 1911);[0, 0, 0, 0]
('easy', 1912);[0, 0, 0, 0]
('easy', 1913);[0, 0, 0, 0]
('easy', 1914);[0, 0, 0, 0]
('easy', 1915);[0, 0, 0, 0]
('easy', 1916);[0, 0, 0, 0]
('easy', 1917);[0, 0, 0, 0]
('easy', 1918);[0, 0, 0, 0]
('easy', 1919);[0, 0, 0, 0]
('easy', 1920);[0, 0, 0, 0]
('easy', 1921);[0, 0, 0, 0]
('easy', 1922);[0, 0, 0, 0]
('easy', 1923);[0, 0, 0, 0]
('easy', 1924);[0, 0, 0, 0]
('easy', 1925);[0, 0, 0, 0]
('easy', 1926);[0, 0, 0, 0]
('easy', 1927);[0, 0, 0, 0]
('easy', 1928);[0, 0, 0, 0]
('easy', 1929);[0, 0, 0, 0]
('easy', 1930);[0, 0, 0, 0]
('easy', 1931);[0, 0, 0, 0]
('easy', 1932);[0, 0, 0, 0]
('easy', 1933);[0, 0, 0, 0]
('easy', 1934);[0, 0, 0, 0]
('easy', 1935);[0, 0, 0, 0]
('easy', 1936);[0, 0, 0, 0]
('easy', 1937);[0, 0, 0, 0]
('easy', 1938);[0, 0, 0, 0]
('easy', 1939);[0, 0, 0, 0]
('easy', 1940);[0, 0, 0, 0]
('easy', 1942);[0, 0, 0, 0]
('easy', 1943);[0, 0, 0, 0]
('easy', 1944);[0, 0, 0, 0]
('easy', 1945);[0, 0, 0, 0]
('easy', 1946);[0, 0, 0, 0]
('easy', 1947);[0, 0, 0, 0]
('easy', 1948);[0, 0, 0, 0]
('easy', 1949);[0, 0, 0, 0]
('easy', 1950);[0, 0, 0, 0]
('easy', 1951);[0, 0, 0, 0]
('easy', 1952);[0, 0, 0, 0]
('easy', 1953);[0, 0, 0, 0]
('easy', 1954);[0, 0, 0, 0]
('easy', 1955);[0, 0, 0, 0]
('easy', 1956);[0, 0, 0, 0]
('easy', 1957);[0, 0, 0, 0]
('easy', 1958);[0, 0, 0, 0]
('easy', 1959);[0, 0, 0, 0]
('easy', 1960);[0, 0, 0, 0]
('easy', 1961);[0, 0, 0, 0]
('easy', 1962);[0, 0, 0, 0]
('easy', 1963);[0, 0, 0, 0]
('easy', 1964);[0, 0, 0, 0]
('easy', 1965);[0, 0, 0, 0]
('easy', 1966);[0, 0, 0, 0]
('easy', 1967);[0, 0, 0, 0]
('easy', 1968);[0, 0, 0, 0]
('easy', 1969);[0, 0, 0, 0]
('easy', 1970);[0, 0, 0, 0]
('easy', 1971);[0, 0, 0, 0]
('easy', 1972);[0, 0, 0, 0]
('easy', 1973);[0, 0, 0, 0]
('easy', 1974);[0, 0, 0, 0]
('easy', 1975);[0, 0, 0, 0]
('easy', 1976);[0, 0, 0, 0]
('easy', 1977);[0, 0, 0, 0]
('easy', 1978);[0, 0, 0, 0]
('easy', 1979);[0, 0, 0, 0]
('easy', 1980);[0, 0, 0, 0]
('easy', 1981);[0, 0, 0, 0]
('easy', 1982);[0, 0, 0, 0]
('easy', 1983);[0, 0, 0, 0]
('easy', 1984);[0, 0, 0, 0]
('easy', 1985);[0, 0, 0, 0]
('easy', 1986);[0, 0, 0, 0]
('easy', 1987);[0, 0, 0, 0]
('easy', 1988);[0, 0, 0, 0]
('easy', 1989);[0, 0, 0, 0]
('easy', 1990);[0, 0, 0, 0]
('easy', 1991);[0, 0, 0, 0]
('easy', 1992);[0, 0, 0, 0]
('easy', 1993);[0, 0, 0, 0]
('easy', 1994);[0, 0, 0, 0]
('easy', 1995);[0, 0, 0, 0]
('easy', 1996);[0, 0, 0, 0]
('easy', 1997);[0, 0, 0, 0]
('easy', 1998);[0, 0, 0, 0]
('easy', 1999);[0, 0, 0, 0]
('easy', 2000);[0, 0, 0, 0]
('easy', 2001);[0, 0, 0, 0]
('easy', 2002);[0, 0, 0, 0]
('easy', 2003);[0, 0, 0, 0]
('easy', 2004);[0, 0, 0, 0]
('easy', 2005);[0, 0, 0, 0]
('easy', 2006);[0, 0, 0, 0]
('easy', 2007);[0, 0, 0, 0]
('easy', 2008);[0, 0, 0, 0]
('easy', 2009);[0, 0, 0, 0]
('easy', 2010);[0, 0, 0, 0]
('easy', 2011);[0, 0, 0, 0]
('easy', 2012);[0, 0, 0, 0]
('easy', 2013);[0, 0, 0, 0]
('easy', 2014);[0, 0, 0, 0]
('easy', 2015);[0, 0, 0, 0]
('easy', 2016);[0, 0, 0, 0]
('easy', 2017);[0, 0, 0, 0]
('easy', 2018);[0, 0, 0, 0]
('easy', 2019);[0, 0, 0, 0]
('easy', 2020);[0, 0, 0, 0]
('easy', 2021);[0, 0, 0, 0]
('easy', 2022);[0, 0, 0, 0]
('easy', 2023);[0, 0, 0, 0]
('easy', 2024);[0, 0, 0, 0]
('easy', 2025);[0, 0, 0, 0]
('easy', 2026);[0, 0, 0, 0]
('easy', 2027);[0, 0, 0, 0]
('easy', 2028);[0, 0, 0, 0]
('easy', 2029);[0, 0, 0, 0]
('easy', 2030);[0, 0, 0, 0]
('easy', 2031);[0, 0, 0, 0]
('easy', 2032);[0, 0, 0, 0]
('easy', 2033);[0, 0, 0, 0]
('easy', 2034);[0, 0, 0, 0]
('easy', 2035);[0, 0, 0, 0]
('easy', 2036);[0, 0, 0, 0]
('easy', 2037);[0, 0, 0, 0]
('easy', 2038);[0, 0, 0, 0]
('easy', 2039);[0, 0, 0, 0]
('easy', 2040);[0, 0, 0, 0]
('easy', 2041);[0, 0, 0, 0]
('easy', 2042);[0, 0, 0, 0]
('easy', 2043);[0, 0, 0, 0]
('easy', 2044);[0, 0, 0, 0]
('easy', 2045);[0, 0, 0, 0]
('easy', 2046);[0, 0, 0, 0]
('easy', 2047);[0, 0, 0, 0]
('easy', 2048);[0, 0, 0, 0]
('easy', 2049);[0, 0, 0, 0]
('easy', 2050);[0, 0, 0, 0]
('easy', 2052);[0, 0, 0, 0]
('easy', 2053);[0, 0, 0, 0]
('easy', 2054);[0, 0, 0, 0]
('easy', 2055);[0, 0, 0, 0]
('easy', 2056);[0, 0, 0, 0]
('easy', 2057);[0, 0, 0, 0]
('easy', 2058);[0, 0, 0, 0]
('easy', 2059);[0, 0, 0, 0]
('easy', 2060);[0, 0, 0, 0]
('easy', 2061);[0, 0, 0, 0]
('easy', 2062);[0, 0, 0, 0]
('easy', 2063);[0, 0, 0, 0]
('easy', 2064);[0, 0, 0, 0]
('easy', 2065);[0, 0, 0, 0]
('easy', 2066);[0, 0, 0, 0]
('easy', 2067);[0, 0, 0, 0]
('easy', 2068);[0, 0, 0, 0]
('easy', 2069);[0, 0, 0, 0]
('easy', 2070);[0, 0, 0, 0]
('easy', 2071);[0, 0, 0, 0]
('easy', 2072);[0, 0, 0, 0]
('easy', 2073);[0, 0, 0, 0]
('easy', 2074);[0, 0, 0, 0]
('easy', 2075);[0, 0, 0, 0]
('easy', 2076);[0, 0, 0, 0]
('easy', 2077);[0, 0, 0, 0]
('easy', 2078);[0, 0, 0, 0]
('easy', 2079);[0, 0, 0, 0]
('easy', 2080);[0, 0, 0, 0]
('easy', 2081);[0, 0, 0, 0]
('easy', 2082);[0, 0, 0, 0]
('easy', 2083);[0, 0, 0, 0]
('easy', 2084);[0, 0, 0, 0]
('easy', 2085);[0, 0, 0, 0]
('easy', 2086);[0, 0, 0, 0]
('easy', 2087);[0, 0, 0, 0]
('easy', 2088);[0, 0, 0, 0]
('easy', 2089);[0, 0, 0, 0]
('easy', 2090);[0, 0, 0, 0]
('easy', 2091);[0, 0, 0, 0]
('easy', 2092);[0, 0, 0, 0]
('easy', 2093);[0, 0, 0, 0]
('easy', 2094);[0, 0, 0, 0]
('easy', 2095);[0, 0, 0, 0]
('easy', 2096);[0, 0, 0, 0]
('easy', 2097);[0, 0, 0, 0]
('easy', 2098);[0, 0, 0, 0]
('easy', 2099);[0, 0, 0, 0]
('easy', 2100);[0, 0, 0, 0]
('easy', 2101);[0, 0, 0, 0]
('easy', 2102);[0, 0, 0, 0]
('easy', 2103);[0, 0, 0, 0]
('easy', 2104);[0, 0, 0, 0]
('easy', 2105);[0, 0, 0, 0]
('easy', 2106);[0, 0, 0, 0]
('easy', 2107);[0, 0, 0, 0]
('easy', 2108);[0, 0, 0, 0]
('easy', 2109);[0, 0, 0, 0]
('easy', 2110);[0, 0, 0, 0]
('easy', 2111);[0, 0, 0, 0]
('easy', 2112);[0, 0, 0, 0]
('easy', 2113);[0, 0, 0, 0]
('easy', 2114);[0, 0, 0, 0]
('easy', 2115);[0, 0, 0, 0]
('easy', 2116);[0, 0, 0, 0]
('easy', 2117);[0, 0, 0, 0]
('easy', 2118);[0, 0, 0, 0]
('easy', 2119);[0, 0, 0, 0]
('easy', 2120);[0, 0, 0, 0]
('easy', 2121);[0, 0, 0, 0]
('easy', 2122);[0, 0, 0, 0]
('easy', 2123);[0, 0, 0, 0]
('easy', 2124);[0, 0, 0, 0]
('easy', 2125);[0, 0, 0, 0]
('easy', 2126);[0, 0, 0, 0]
('easy', 2127);[0, 0, 0, 0]
('easy', 2128);[0, 0, 0, 0]
('easy', 2129);[0, 0, 0, 0]
('easy', 2130);[0, 0, 0, 0]
('easy', 2131);[0, 0, 0, 0]
('easy', 2132);[0, 0, 0, 0]
('easy', 2133);[0, 0, 0, 0]
('easy', 2134);[0, 0, 0, 0]
('easy', 2135);[0, 0, 0, 0]
('easy', 2136);[0, 0, 0, 0]
('easy', 2137);[0, 0, 0, 0]
('easy', 2138);[0, 0, 0, 0]
('easy', 2139);[0, 0, 0, 0]
('easy', 2140);[0, 0, 0, 0]
('easy', 2141);[0, 0, 0, 0]
('easy', 2142);[0, 0, 0, 0]
('easy', 2143);[0, 0, 0, 0]
('easy', 2144);[0, 0, 0, 0]
('easy', 2145);[0, 0, 0, 0]
('easy', 2146);[0, 0, 0, 0]
('easy', 2147);[0, 0, 0, 0]
('easy', 2148);[0, 0, 0, 0]
('easy', 2149);[0, 0, 0, 0]
('easy', 2150);[0, 0, 0, 0]
('easy', 2151);[0, 0, 0, 0]
('easy', 2152);[0, 0, 0, 0]
('easy', 2153);[0, 0, 0, 0]
('easy', 2154);[0, 0, 0, 0]
('easy', 2155);[0, 0, 0, 0]
('easy', 2156);[0, 0, 0, 0]
('easy', 2157);[0, 0, 0, 0]
('easy', 2158);[0, 0, 0, 0]
('easy', 2159);[0, 0, 0, 0]
('easy', 2160);[0, 0, 0, 0]
('easy', 2161);[0, 0, 0, 0]
('easy', 2162);[0, 0, 0, 0]
('easy', 2163);[0, 0, 0, 0]
('easy', 2164);[0, 0, 0, 0]
('easy', 2165);[0, 0, 0, 0]
('easy', 2166);[0, 0, 0, 0]
('easy', 2167);[0, 0, 0, 0]
('easy', 2168);[0, 0, 0, 0]
('easy', 2169);[0, 0, 0, 0]
('easy', 2170);[0, 0, 0, 0]
('easy', 2171);[0, 0, 0, 0]
('easy', 2172);[0, 0, 0, 0]
('easy', 2173);[0, 0, 0, 0]
('easy', 2174);[0, 0, 0, 0]
('easy', 2175);[0, 0, 0, 0]
('easy', 2176);[0, 0, 0, 0]
('easy', 2177);[0, 0, 0, 0]
('easy', 2178);[0, 0, 0, 0]
('easy', 2179);[0, 0, 0, 0]
('easy', 2180);[0, 0, 0, 0]
('easy', 2181);[0, 0, 0, 0]
('easy', 2182);[0, 0, 0, 0]
('easy', 2183);[0, 0, 0, 0]
('easy', 2184);[0, 0, 0, 0]
('easy', 2185);[0, 0, 0, 0]
('easy', 2186);[0, 0, 0, 0]
('easy', 2187);[0, 0, 0, 0]
('easy', 2188);[0, 0, 0, 0]
('easy', 2189);[0, 0, 0, 0]
('easy', 2190);[0, 0, 0, 0]
('easy', 2191);[0, 0, 0, 0]
('easy', 2192);[0, 0, 0, 0]
('easy', 2193);[0, 0, 0, 0]
('easy', 2194);[0, 0, 0, 0]
('easy', 2195);[0, 0, 0, 0]
('easy', 2196);[0, 0, 0, 0]
('easy', 2197);[0, 0, 0, 0]
('easy', 2198);[0, 0, 0, 0]
('easy', 2199);[0, 0, 0, 0]
('easy', 2200);[0, 0, 0, 0]
('easy', 2201);[0, 0, 0, 0]
('easy', 2202);[0, 0, 0, 0]
('easy', 2203);[0, 0, 0, 0]
('easy', 2204);[0, 0, 0, 0]
('easy', 2205);[0, 0, 0, 0]
('easy', 2206);[0, 0, 0, 0]
('easy', 2207);[0, 0, 0, 0]
('easy', 2208);[0, 0, 0, 0]
('easy', 2209);[0, 0, 0, 0]
('easy', 2210);[0, 0, 0, 0]
('easy', 2211);[0, 0, 0, 0]
('easy', 2212);[0, 0, 0, 0]
('easy', 2213);[0, 0, 0, 0]
('easy', 2214);[0, 0, 0, 0]
('easy', 2215);[0, 0, 0, 0]
('easy', 2216);[0, 0, 0, 0]
('easy', 2217);[0, 0, 0, 0]
('easy', 2218);[0, 0, 0, 0]
('easy', 2219);[0, 0, 0, 0]
('easy', 2220);[0, 0, 0, 0]
('easy', 2221);[0, 0, 0, 0]
('easy', 2222);[0, 0, 0, 0]
('easy', 2223);[0, 0, 0, 0]
('easy', 2224);[0, 0, 0, 0]
('easy', 2225);[0, 0, 0, 0]
('easy', 2226);[0, 0, 0, 0]
('easy', 2227);[0, 0, 0, 0]
('easy', 2228);[0, 0, 0, 0]
('easy', 2229);[0, 0, 0, 0]
('easy', 2230);[0, 0, 0, 0]
('easy', 2231);[0, 0, 0, 0]
('easy', 2232);[0, 0, 0, 0]
('easy', 2233);[0, 0, 0, 0]
('easy', 2234);[0, 0, 0, 0]
('easy', 2235);[0, 0, 0, 0]
('easy', 2236);[0, 0, 0, 0]
('easy', 2237);[0, 0, 0, 0]
('easy', 2238);[0, 0, 0, 0]
('easy', 2239);[0, 0, 0, 0]
('easy', 2240);[0, 0, 0, 0]
('easy', 2241);[0, 0, 0, 0]
('easy', 2242);[0, 0, 0, 0]
('easy', 2243);[0, 0, 0, 0]
('easy', 2244);[0, 0, 0, 0]
('easy', 2245);[0, 0, 0, 0]
('easy', 2246);[0, 0, 0, 0]
('easy', 2247);[0, 0, 0, 0]
('easy', 2248);[0, 0, 0, 0]
('easy', 2249);[0, 0, 0, 0]
('easy', 2250);[0, 0, 0, 0]
('challenge', 0);[0, 0, 0, 0]
('challenge', 1);[0, 0, 0, 0]
('challenge', 2);[0, 0, 0, 0]
('challenge', 3);[0, 0, 0, 0]
('challenge', 4);[0, 0, 0, 0]
('challenge', 5);[0, 0, 0, 0]
('challenge', 6);[0, 0, 0, 0]
('challenge', 7);[0, 0, 0, 0]
('challenge', 8);[0, 0, 0, 0]
('easy', 1255);[0, 0, 0, 0]
('easy', 1256);[0, 0, 0, 0]
('easy', 1257);[0, 0, 0, 0]
('easy', 1258);[0, 0, 0, 0]
('easy', 1259);[0, 0, 0, 0]
('easy', 1260);[0, 0, 0, 0]
('easy', 1261);[0, 0, 0, 0]
('easy', 1262);[0, 0, 0, 0]
('easy', 1263);[0, 0, 0, 0]
('easy', 1264);[0, 0, 0, 0]
('easy', 1265);[0, 0, 0, 0]
('easy', 1266);[0, 0, 0, 0]
('easy', 1267);[0, 0, 0, 0]
('easy', 1268);[0, 0, 0, 0]
('easy', 1269);[0, 0, 0, 0]
('easy', 1270);[0, 0, 0, 0]
('easy', 1271);[0, 0, 0, 0]
('easy', 1272);[0, 0, 0, 0]
('easy', 1273);[0, 0, 0, 0]
('easy', 1274);[0, 0, 0, 0]
('easy', 1275);[0, 0, 0, 0]
('easy', 1276);[0, 0, 0, 0]
('easy', 1277);[0, 0, 0, 0]
('easy', 1278);[0, 0, 0, 0]
('easy', 1279);[0, 0, 0, 0]
('easy', 1280);[0, 0, 0, 0]
('easy', 1281);[0, 0, 0, 0]
('easy', 1282);[0, 0, 0, 0]
('easy', 1283);[0, 0, 0, 0]
('easy', 1284);[0, 0, 0, 0]
('easy', 1285);[0, 0, 0, 0]
('easy', 1286);[0, 0, 0, 0]
('easy', 1287);[0, 0, 0, 0]
('easy', 1288);[0, 0, 0, 0]
('easy', 1289);[0, 0, 0, 0]
('easy', 1290);[0, 0, 0, 0]
('easy', 1291);[0, 0, 0, 0]
('easy', 1292);[0, 0, 0, 0]
('easy', 1293);[0, 0, 0, 0]
('easy', 1294);[0, 0, 0, 0]
('easy', 1295);[0, 0, 0, 0]
('easy', 1296);[0, 0, 0, 0]
('easy', 1297);[0, 0, 0, 0]
('easy', 1298);[0, 0, 0, 0]
('easy', 1299);[0, 0, 0, 0]
('easy', 1300);[0, 0, 0, 0]
('easy', 1301);[0, 0, 0, 0]
('easy', 1302);[0, 0, 0, 0]
('easy', 1303);[0, 0, 0, 0]
('easy', 1304);[0, 0, 0, 0]
('easy', 1305);[0, 0, 0, 0]
('easy', 1306);[0, 0, 0, 0]
('easy', 1307);[0, 0, 0, 0]
('easy', 1308);[0, 0, 0, 0]
('easy', 1309);[0, 0, 0, 0]
('easy', 1310);[0, 0, 0, 0]
('easy', 1311);[0, 0, 0, 0]
('easy', 1312);[0, 0, 0, 0]
('easy', 1313);[0, 0, 0, 0]
('easy', 1314);[0, 0, 0, 0]
('easy', 1315);[0, 0, 0, 0]
('easy', 1316);[0, 0, 0, 0]
('easy', 1317);[0, 0, 0, 0]
('easy', 1318);[0, 0, 0, 0]
('easy', 1319);[0, 0, 0, 0]
('easy', 1320);[0, 0, 0, 0]
('easy', 1321);[0, 0, 0, 0]
('easy', 1322);[0, 0, 0, 0]
('easy', 1323);[0, 0, 0, 0]
('easy', 1324);[0, 0, 0, 0]
('easy', 1325);[0, 0, 0, 0]
('easy', 1326);[0, 0, 0, 0]
('easy', 1327);[0, 0, 0, 0]
('easy', 1328);[0, 0, 0, 0]
('easy', 1329);[0, 0, 0, 0]
('easy', 1330);[0, 0, 0, 0]
('easy', 1331);[0, 0, 0, 0]
('easy', 1332);[0, 0, 0, 0]
('easy', 1333);[0, 0, 0, 0]
('easy', 1334);[0, 0, 0, 0]
('easy', 1335);[0, 0, 0, 0]
('easy', 1336);[0, 0, 0, 0]
('easy', 1337);[0, 0, 0, 0]
('easy', 1338);[0, 0, 0, 0]
('easy', 1339);[0, 0, 0, 0]
('easy', 1340);[0, 0, 0, 0]
('easy', 1341);[0, 0, 0, 0]
('easy', 1342);[0, 0, 0, 0]
('easy', 1343);[0, 0, 0, 0]
('easy', 1344);[0, 0, 0, 0]
('easy', 1345);[0, 0, 0, 0]
('easy', 1346);[0, 0, 0, 0]
('easy', 1347);[0, 0, 0, 0]
('easy', 1348);[0, 0, 0, 0]
('easy', 1349);[0, 0, 0, 0]
('easy', 1350);[0, 0, 0, 0]
('easy', 1351);[0, 0, 0, 0]
('easy', 1352);[0, 0, 0, 0]
('easy', 1353);[0, 0, 0, 0]
('easy', 1354);[0, 0, 0, 0]
('easy', 1355);[0, 0, 0, 0]
('easy', 1356);[0, 0, 0, 0]
('easy', 1357);[0, 0, 0, 0]
('easy', 1358);[0, 0, 0, 0]
('easy', 1359);[0, 0, 0, 0]
('easy', 1360);[0, 0, 0, 0]
('easy', 1361);[0, 0, 0, 0]
('easy', 1362);[0, 0, 0, 0]
('easy', 1363);[0, 0, 0, 0]
('easy', 1364);[0, 0, 0, 0]
('easy', 1365);[0, 0, 0, 0]
('easy', 1366);[0, 0, 0, 0]
('easy', 1367);[0, 0, 0, 0]
('easy', 1368);[0, 0, 0, 0]
('easy', 1369);[0, 0, 0, 0]
('easy', 1370);[0, 0, 0, 0]
('easy', 1371);[0, 0, 0, 0]
('easy', 1372);[0, 0, 0, 0]
('easy', 1373);[0, 0, 0, 0]
('easy', 1374);[0, 0, 0, 0]
('easy', 1375);[0, 0, 0, 0]
('easy', 1376);[0, 0, 0, 0]
('easy', 1377);[0, 0, 0, 0]
('easy', 1378);[0, 0, 0, 0]
('easy', 1379);[0, 0, 0, 0]
('easy', 1380);[0, 0, 0, 0]
('easy', 1381);[0, 0, 0, 0]
('easy', 1382);[0, 0, 0, 0]
('easy', 1383);[0, 0, 0, 0]
('easy', 1384);[0, 0, 0, 0]
('easy', 1385);[0, 0, 0, 0]
('easy', 1386);[0, 0, 0, 0]
('easy', 1387);[0, 0, 0, 0]
('easy', 1388);[0, 0, 0, 0]
('easy', 1389);[0, 0, 0, 0]
('easy', 1390);[0, 0, 0, 0]
('easy', 1391);[0, 0, 0, 0]
('easy', 1392);[0, 0, 0, 0]
('easy', 1393);[0, 0, 0, 0]
('easy', 1394);[0, 0, 0, 0]
('easy', 1395);[0, 0, 0, 0]
('easy', 1396);[0, 0, 0, 0]
('easy', 1397);[0, 0, 0, 0]
('easy', 1398);[0, 0, 0, 0]
('easy', 1399);[0, 0, 0, 0]
('easy', 1400);[0, 0, 0, 0]
('easy', 1401);[0, 0, 0, 0]
('easy', 1402);[0, 0, 0, 0]
('easy', 1403);[0, 0, 0, 0]
('easy', 1404);[0, 0, 0, 0]
('easy', 1405);[0, 0, 0, 0]
('easy', 1406);[0, 0, 0, 0]
('easy', 1407);[0, 0, 0, 0]
('easy', 1408);[0, 0, 0, 0]
('easy', 1409);[0, 0, 0, 0]
('easy', 1410);[0, 0, 0, 0]
('easy', 1411);[0, 0, 0, 0]
('easy', 1412);[0, 0, 0, 0]
('easy', 1413);[0, 0, 0, 0]
('easy', 1414);[0, 0, 0, 0]
('easy', 1415);[0, 0, 0, 0]
('easy', 1416);[0, 0, 0, 0]
('easy', 1417);[0, 0, 0, 0]
('easy', 1418);[0, 0, 0, 0]
('easy', 1419);[0, 0, 0, 0]
('easy', 1420);[0, 0, 0, 0]
('easy', 1421);[0, 0, 0, 0]
('easy', 1422);[0, 0, 0, 0]
('easy', 1423);[0, 0, 0, 0]
('easy', 1424);[0, 0, 0, 0]
('easy', 1425);[0, 0, 0, 0]
('easy', 1426);[0, 0, 0, 0]
('easy', 1427);[0, 0, 0, 0]
('easy', 1428);[0, 0, 0, 0]
('easy', 1429);[0, 0, 0, 0]
('easy', 1430);[0, 0, 0, 0]
('easy', 1431);[0, 0, 0, 0]
('easy', 1432);[0, 0, 0, 0]
('easy', 1433);[0, 0, 0, 0]
('easy', 1434);[0, 0, 0, 0]
('easy', 1435);[0, 0, 0, 0]
('easy', 1436);[0, 0, 0, 0]
('easy', 1437);[0, 0, 0, 0]
('easy', 1438);[0, 0, 0, 0]
('easy', 1439);[0, 0, 0, 0]
('easy', 1440);[0, 0, 0, 0]
('easy', 1441);[0, 0, 0, 0]
('easy', 1442);[0, 0, 0, 0]
('easy', 1443);[0, 0, 0, 0]
('easy', 1444);[0, 0, 0, 0]
('easy', 1445);[0, 0, 0, 0]
('easy', 1446);[0, 0, 0, 0]
('easy', 1447);[0, 0, 0, 0]
('easy', 1448);[0, 0, 0, 0]
('easy', 1449);[0, 0, 0, 0]
('easy', 1450);[0, 0, 0, 0]
('easy', 1451);[0, 0, 0, 0]
('easy', 1452);[0, 0, 0, 0]
('easy', 1453);[0, 0, 0, 0]
('easy', 1454);[0, 0, 0, 0]
('easy', 1455);[0, 0, 0, 0]
('easy', 1456);[0, 0, 0, 0]
('easy', 1457);[0, 0, 0, 0]
('easy', 1458);[0, 0, 0, 0]
('easy', 1459);[0, 0, 0, 0]
('easy', 1460);[0, 0, 0, 0]
('easy', 1461);[0, 0, 0, 0]
('easy', 1462);[0, 0, 0, 0]
('easy', 1463);[0, 0, 0, 0]
('easy', 1464);[0, 0, 0, 0]
('easy', 1465);[0, 0, 0, 0]
('easy', 1466);[0, 0, 0, 0]
('easy', 1467);[0, 0, 0, 0]
('easy', 1468);[0, 0, 0, 0]
('easy', 1469);[0, 0, 0, 0]
('easy', 1470);[0, 0, 0, 0]
('easy', 1471);[0, 0, 0, 0]
('easy', 1472);[0, 0, 0, 0]
('easy', 1473);[0, 0, 0, 0]
('easy', 1474);[0, 0, 0, 0]
('easy', 1475);[0, 0, 0, 0]
('easy', 1476);[0, 0, 0, 0]
('easy', 1477);[0, 0, 0, 0]
('easy', 1478);[0, 0, 0, 0]
('easy', 1479);[0, 0, 0, 0]
('easy', 1480);[0, 0, 0, 0]
('easy', 1481);[0, 0, 0, 0]
('easy', 1482);[0, 0, 0, 0]
('easy', 1483);[0, 0, 0, 0]
('easy', 1484);[0, 0, 0, 0]
('easy', 1485);[0, 0, 0, 0]
('easy', 1486);[0, 0, 0, 0]
('easy', 1487);[0, 0, 0, 0]
('easy', 1488);[0, 0, 0, 0]
('easy', 1489);[0, 0, 0, 0]
('easy', 1490);[0, 0, 0, 0]
('easy', 1491);[0, 0, 0, 0]
('easy', 1492);[0, 0, 0, 0]
('easy', 1493);[0, 0, 0, 0]
('easy', 1494);[0, 0, 0, 0]
('easy', 1495);[0, 0, 0, 0]
('easy', 1496);[0, 0, 0, 0]
('easy', 1497);[0, 0, 0, 0]
('easy', 1498);[0, 0, 0, 0]
('easy', 1499);[0, 0, 0, 0]
('easy', 1500);[0, 0, 0, 0]
('easy', 1501);[0, 0, 0, 0]
('easy', 1502);[0, 0, 0, 0]
('easy', 1503);[0, 0, 0, 0]
('easy', 1504);[0, 0, 0, 0]
('easy', 1505);[0, 0, 0, 0]
('easy', 1506);[0, 0, 0, 0]
('easy', 1507);[0, 0, 0, 0]
('easy', 1508);[0, 0, 0, 0]
('easy', 1509);[0, 0, 0, 0]
('easy', 1510);[0, 0, 0, 0]
('easy', 1511);[0, 0, 0, 0]
('easy', 1512);[0, 0, 0, 0]
('easy', 1513);[0, 0, 0, 0]
('easy', 1514);[0, 0, 0, 0]
('easy', 1515);[0, 0, 0, 0]
('easy', 1516);[0, 0, 0, 0]
('easy', 1517);[0, 0, 0, 0]
('easy', 1518);[0, 0, 0, 0]
('easy', 1519);[0, 0, 0, 0]
('easy', 1520);[0, 0, 0, 0]
('easy', 1521);[0, 0, 0, 0]
('easy', 1522);[0, 0, 0, 0]
('easy', 1523);[0, 0, 0, 0]
('easy', 1524);[0, 0, 0, 0]
('easy', 1525);[0, 0, 0, 0]
('easy', 1526);[0, 0, 0, 0]
('easy', 1527);[0, 0, 0, 0]
('easy', 1528);[0, 0, 0, 0]
('easy', 1529);[0, 0, 0, 0]
('easy', 1531);[0, 0, 0, 0]
('easy', 1532);[0, 0, 0, 0]
('easy', 1533);[0, 0, 0, 0]
('easy', 1534);[0, 0, 0, 0]
('easy', 1535);[0, 0, 0, 0]
('easy', 1536);[0, 0, 0, 0]
('easy', 1537);[0, 0, 0, 0]
('easy', 1538);[0, 0, 0, 0]
('easy', 1539);[0, 0, 0, 0]
('easy', 1540);[0, 0, 0, 0]
('easy', 1541);[0, 0, 0, 0]
('easy', 1542);[0, 0, 0, 0]
('easy', 1543);[0, 0, 0, 0]
('easy', 1544);[0, 0, 0, 0]
('easy', 1545);[0, 0, 0, 0]
('easy', 1546);[0, 0, 0, 0]
('easy', 1547);[0, 0, 0, 0]
('easy', 1548);[0, 0, 0, 0]
('easy', 1549);[0, 0, 0, 0]
('easy', 1550);[0, 0, 0, 0]
('easy', 1551);[0, 0, 0, 0]
('easy', 1552);[0, 0, 0, 0]
('easy', 1553);[0, 0, 0, 0]
('easy', 1554);[0, 0, 0, 0]
('easy', 1555);[0, 0, 0, 0]
('easy', 1556);[0, 0, 0, 0]
('easy', 1557);[0, 0, 0, 0]
('easy', 1558);[0, 0, 0, 0]
('easy', 1559);[0, 0, 0, 0]
('easy', 1560);[0, 0, 0, 0]
('easy', 1561);[0, 0, 0, 0]
('easy', 1562);[0, 0, 0, 0]
('easy', 1563);[0, 0, 0, 0]
('easy', 1564);[0, 0, 0, 0]
('easy', 1565);[0, 0, 0, 0]
('easy', 1566);[0, 0, 0, 0]
('easy', 1567);[0, 0, 0, 0]
('easy', 1568);[0, 0, 0, 0]
('easy', 1569);[0, 0, 0, 0]
('easy', 1570);[0, 0, 0, 0]
('easy', 1571);[0, 0, 0, 0]
('easy', 1572);[0, 0, 0, 0]
('easy', 1573);[0, 0, 0, 0]
('easy', 1574);[0, 0, 0, 0]
('easy', 1575);[0, 0, 0, 0]
('easy', 1576);[0, 0, 0, 0]
('easy', 1577);[0, 0, 0, 0]
('easy', 1578);[0, 0, 0, 0]
('easy', 1579);[0, 0, 0, 0]
('easy', 1580);[0, 0, 0, 0]
('easy', 1581);[0, 0, 0, 0]
('easy', 1582);[0, 0, 0, 0]
('easy', 1583);[0, 0, 0, 0]
('easy', 1584);[0, 0, 0, 0]
('easy', 1585);[0, 0, 0, 0]
('easy', 1586);[0, 0, 0, 0]
('easy', 1587);[0, 0, 0, 0]
('easy', 1588);[0, 0, 0, 0]
('easy', 1589);[0, 0, 0, 0]
('easy', 1590);[0, 0, 0, 0]
('easy', 1592);[0, 0, 0, 0]
('easy', 1593);[0, 0, 0, 0]
('easy', 1594);[0, 0, 0, 0]
('easy', 1595);[0, 0, 0, 0]
('easy', 1596);[0, 0, 0, 0]
('easy', 1597);[0, 0, 0, 0]
('easy', 1598);[0, 0, 0, 0]
('easy', 1599);[0, 0, 0, 0]
('easy', 1600);[0, 0, 0, 0]
('easy', 1601);[0, 0, 0, 0]
('easy', 1602);[0, 0, 0, 0]
('easy', 1603);[0, 0, 0, 0]
('easy', 1604);[0, 0, 0, 0]
('easy', 1605);[0, 0, 0, 0]
('easy', 1606);[0, 0, 0, 0]
('easy', 1607);[0, 0, 0, 0]
('easy', 1608);[0, 0, 0, 0]
('easy', 1609);[0, 0, 0, 0]
('easy', 1610);[0, 0, 0, 0]
('easy', 1611);[0, 0, 0, 0]
('easy', 1612);[0, 0, 0, 0]
('easy', 1613);[0, 0, 0, 0]
('easy', 1614);[0, 0, 0, 0]
('easy', 1615);[0, 0, 0, 0]
('easy', 1616);[0, 0, 0, 0]
('easy', 1617);[0, 0, 0, 0]
('easy', 1618);[0, 0, 0, 0]
('easy', 1619);[0, 0, 0, 0]
('easy', 1620);[0, 0, 0, 0]
('easy', 1621);[0, 0, 0, 0]
('easy', 1622);[0, 0, 0, 0]
('easy', 1623);[0, 0, 0, 0]
('easy', 1624);[0, 0, 0, 0]
('easy', 1625);[0, 0, 0, 0]
('easy', 1626);[0, 0, 0, 0]
('easy', 1627);[0, 0, 0, 0]
('easy', 1628);[0, 0, 0, 0]
('easy', 1629);[0, 0, 0, 0]
('easy', 1630);[0, 0, 0, 0]
('easy', 1631);[0, 0, 0, 0]
('easy', 1632);[0, 0, 0, 0]
('easy', 1633);[0, 0, 0, 0]
('easy', 1634);[0, 0, 0, 0]
('easy', 1635);[0, 0, 0, 0]
('easy', 1636);[0, 0, 0, 0]
('easy', 1637);[0, 0, 0, 0]
('easy', 1638);[0, 0, 0, 0]
('easy', 1639);[0, 0, 0, 0]
('easy', 1640);[0, 0, 0, 0]
('easy', 1641);[0, 0, 0, 0]
('easy', 1642);[0, 0, 0, 0]
('easy', 1643);[0, 0, 0, 0]
('easy', 1644);[0, 0, 0, 0]
('easy', 1645);[0, 0, 0, 0]
('easy', 1646);[0, 0, 0, 0]
('easy', 1647);[0, 0, 0, 0]
('easy', 1648);[0, 0, 0, 0]
('easy', 1649);[0, 0, 0, 0]
('easy', 1650);[0, 0, 0, 0]
('easy', 1651);[0, 0, 0, 0]
('easy', 1652);[0, 0, 0, 0]
('easy', 1653);[0, 0, 0, 0]
('easy', 1654);[0, 0, 0, 0]
('easy', 1655);[0, 0, 0, 0]
('easy', 1656);[0, 0, 0, 0]
('easy', 1657);[0, 0, 0, 0]
('easy', 1658);[0, 0, 0, 0]
('easy', 1659);[0, 0, 0, 0]
('easy', 1660);[0, 0, 0, 0]
('easy', 1661);[0, 0, 0, 0]
('easy', 1662);[0, 0, 0, 0]
('easy', 1663);[0, 0, 0, 0]
('easy', 1664);[0, 0, 0, 0]
('easy', 1665);[0, 0, 0, 0]
('easy', 1666);[0, 0, 0, 0]
('easy', 1667);[0, 0, 0, 0]
('easy', 1668);[0, 0, 0, 0]
('easy', 1669);[0, 0, 0, 0]
('easy', 1670);[0, 0, 0, 0]
('easy', 1671);[0, 0, 0, 0]
('easy', 1672);[0, 0, 0, 0]
('easy', 1673);[0, 0, 0, 0]
('easy', 1674);[0, 0, 0, 0]
('easy', 1675);[0, 0, 0, 0]
('easy', 1676);[0, 0, 0, 0]
('easy', 1677);[0, 0, 0, 0]
('easy', 1678);[0, 0, 0, 0]
('easy', 1679);[0, 0, 0, 0]
('easy', 1680);[0, 0, 0, 0]
('easy', 1681);[0, 0, 0, 0]
('easy', 1682);[0, 0, 0, 0]
('easy', 1683);[0, 0, 0, 0]
('easy', 1684);[0, 0, 0, 0]
('easy', 1685);[0, 0, 0, 0]
('easy', 1686);[0, 0, 0, 0]
('easy', 1687);[0, 0, 0, 0]
('easy', 1688);[0, 0, 0, 0]
('easy', 1689);[0, 0, 0, 0]
('easy', 1690);[0, 0, 0, 0]
('easy', 1691);[0, 0, 0, 0]
('easy', 1692);[0, 0, 0, 0]
('easy', 1693);[0, 0, 0, 0]
('easy', 1694);[0, 0, 0, 0]
('easy', 1695);[0, 0, 0, 0]
('easy', 1696);[0, 0, 0, 0]
('easy', 1697);[0, 0, 0, 0]
('easy', 1698);[0, 0, 0, 0]
('easy', 1699);[0, 0, 0, 0]
('easy', 1700);[0, 0, 0, 0]
('easy', 1701);[0, 0, 0, 0]
('easy', 1702);[0, 0, 0, 0]
('easy', 1703);[0, 0, 0, 0]
('easy', 1704);[0, 0, 0, 0]
('easy', 1705);[0, 0, 0, 0]
('easy', 1706);[0, 0, 0, 0]
('easy', 1707);[0, 0, 0, 0]
('easy', 1708);[0, 0, 0, 0]
('easy', 1709);[0, 0, 0, 0]
('easy', 1710);[0, 0, 0, 0]
('easy', 1711);[0, 0, 0, 0]
('easy', 1712);[0, 0, 0, 0]
('easy', 1713);[0, 0, 0, 0]
('easy', 1714);[0, 0, 0, 0]
('easy', 1715);[0, 0, 0, 0]
('easy', 1716);[0, 0, 0, 0]
('easy', 1717);[0, 0, 0, 0]
('easy', 1718);[0, 0, 0, 0]
('easy', 1719);[0, 0, 0, 0]
('easy', 1720);[0, 0, 0, 0]
('easy', 1721);[0, 0, 0, 0]
('easy', 1722);[0, 0, 0, 0]
('easy', 1723);[0, 0, 0, 0]
('easy', 1724);[0, 0, 0, 0]
('easy', 1725);[0, 0, 0, 0]
('easy', 1726);[0, 0, 0, 0]
('easy', 1727);[0, 0, 0, 0]
('easy', 1728);[0, 0, 0, 0]
('easy', 1729);[0, 0, 0, 0]
('easy', 1730);[0, 0, 0, 0]
('easy', 1731);[0, 0, 0, 0]
('easy', 1733);[0, 0, 0, 0]
('easy', 1734);[0, 0, 0, 0]
('easy', 1735);[0, 0, 0, 0]
('easy', 1736);[0, 0, 0, 0]
('easy', 1737);[0, 0, 0, 0]
('easy', 1738);[0, 0, 0, 0]
('easy', 1739);[0, 0, 0, 0]
('easy', 1740);[0, 0, 0, 0]
('easy', 1741);[0, 0, 0, 0]
('easy', 1742);[0, 0, 0, 0]
('easy', 1743);[0, 0, 0, 0]
('easy', 1744);[0, 0, 0, 0]
('easy', 1745);[0, 0, 0, 0]
('easy', 1746);[0, 0, 0, 0]
('easy', 1747);[0, 0, 0, 0]
('easy', 1748);[0, 0, 0, 0]
('easy', 1749);[0, 0, 0, 0]
('easy', 1750);[0, 0, 0, 0]
('easy', 1751);[0, 0, 0, 0]
('easy', 1752);[0, 0, 0, 0]
('easy', 1753);[0, 0, 0, 0]
('easy', 1754);[0, 0, 0, 0]
('easy', 1755);[0, 0, 0, 0]
('easy', 1756);[0, 0, 0, 0]
('easy', 1757);[0, 0, 0, 0]
('challenge', 259);[0, 0, 0, 0]
('challenge', 260);[0, 0, 0, 0]
('challenge', 261);[0, 0, 0, 0]
('challenge', 262);[0, 0, 0, 0]
('challenge', 263);[0, 0, 0, 0]
('challenge', 264);[0, 0, 0, 0]
('challenge', 265);[0, 0, 0, 0]
('challenge', 266);[0, 0, 0, 0]
('challenge', 267);[0, 0, 0, 0]
('challenge', 268);[0, 0, 0, 0]
('challenge', 269);[0, 0, 0, 0]
('challenge', 270);[0, 0, 0, 0]
('challenge', 271);[0, 0, 0, 0]
('challenge', 272);[0, 0, 0, 0]
('challenge', 273);[0, 0, 0, 0]
('challenge', 274);[0, 0, 0, 0]
('challenge', 275);[0, 0, 0, 0]
('challenge', 276);[0, 0, 0, 0]
('challenge', 277);[0, 0, 0, 0]
('challenge', 278);[0, 0, 0, 0]
('challenge', 279);[0, 0, 0, 0]
('challenge', 280);[0, 0, 0, 0]
('challenge', 281);[0, 0, 0, 0]
('challenge', 282);[0, 0, 0, 0]
('challenge', 283);[0, 0, 0, 0]
('challenge', 284);[0, 0, 0, 0]
('challenge', 285);[0, 0, 0, 0]
('challenge', 286);[0, 0, 0, 0]
('challenge', 287);[0, 0, 0, 0]
('challenge', 288);[0, 0, 0, 0]
('challenge', 289);[0, 0, 0, 0]
('challenge', 290);[0, 0, 0, 0]
('challenge', 291);[0, 0, 0, 0]
('challenge', 292);[0, 0, 0, 0]
('challenge', 293);[0, 0, 0, 0]
('challenge', 294);[0, 0, 0, 0]
('challenge', 295);[0, 0, 0, 0]
('challenge', 296);[0, 0, 0, 0]
('challenge', 297);[0, 0, 0, 0]
('challenge', 298);[0, 0, 0, 0]
('challenge', 299);[0, 0, 0, 0]
('challenge', 300);[0, 0, 0, 0]
('challenge', 301);[0, 0, 0, 0]
('challenge', 302);[0, 0, 0, 0]
('challenge', 303);[0, 0, 0, 0]
('challenge', 304);[0, 0, 0, 0]
('challenge', 305);[0, 0, 0, 0]
('challenge', 306);[0, 0, 0, 0]
('challenge', 307);[0, 0, 0, 0]
('challenge', 308);[0, 0, 0, 0]
('challenge', 309);[0, 0, 0, 0]
('challenge', 310);[0, 0, 0, 0]
('challenge', 311);[0, 0, 0, 0]
('challenge', 312);[0, 0, 0, 0]
('challenge', 313);[0, 0, 0, 0]
('challenge', 314);[0, 0, 0, 0]
('challenge', 315);[0, 0, 0, 0]
('challenge', 316);[0, 0, 0, 0]
('challenge', 317);[0, 0, 0, 0]
('challenge', 318);[0, 0, 0, 0]
('challenge', 319);[0, 0, 0, 0]
('challenge', 320);[0, 0, 0, 0]
('challenge', 321);[0, 0, 0, 0]
('challenge', 322);[0, 0, 0, 0]
('challenge', 323);[0, 0, 0, 0]
('challenge', 324);[0, 0, 0, 0]
('challenge', 325);[0, 0, 0, 0]
('challenge', 326);[0, 0, 0, 0]
('challenge', 327);[0, 0, 0, 0]
('challenge', 328);[0, 0, 0, 0]
('challenge', 329);[0, 0, 0, 0]
('challenge', 330);[0, 0, 0, 0]
('challenge', 331);[0, 0, 0, 0]
('challenge', 332);[0, 0, 0, 0]
('challenge', 333);[0, 0, 0, 0]
('challenge', 334);[0, 0, 0, 0]
('challenge', 335);[0, 0, 0, 0]
('challenge', 336);[0, 0, 0, 0]
('challenge', 337);[0, 0, 0, 0]
('challenge', 338);[0, 0, 0, 0]
('challenge', 339);[0, 0, 0, 0]
('challenge', 340);[0, 0, 0, 0]
('challenge', 341);[0, 0, 0, 0]
('challenge', 342);[0, 0, 0, 0]
('challenge', 343);[0, 0, 0, 0]
('challenge', 344);[0, 0, 0, 0]
('challenge', 345);[0, 0, 0, 0]
('challenge', 346);[0, 0, 0, 0]
('challenge', 347);[0, 0, 0, 0]
('challenge', 348);[0, 0, 0, 0]
('challenge', 349);[0, 0, 0, 0]
('challenge', 350);[0, 0, 0, 0]
('challenge', 351);[0, 0, 0, 0]
('challenge', 352);[0, 0, 0, 0]
('challenge', 353);[0, 0, 0, 0]
('challenge', 354);[0, 0, 0, 0]
('challenge', 355);[0, 0, 0, 0]
('challenge', 356);[0, 0, 0, 0]
('challenge', 357);[0, 0, 0, 0]
('challenge', 358);[0, 0, 0, 0]
('challenge', 359);[0, 0, 0, 0]
('challenge', 360);[0, 0, 0, 0]
('challenge', 361);[0, 0, 0, 0]
('challenge', 362);[0, 0, 0, 0]
('challenge', 363);[0, 0, 0, 0]
('challenge', 364);[0, 0, 0, 0]
('challenge', 365);[0, 0, 0, 0]
('challenge', 366);[0, 0, 0, 0]
('challenge', 367);[0, 0, 0, 0]
('challenge', 368);[0, 0, 0, 0]
('challenge', 369);[0, 0, 0, 0]
('challenge', 370);[0, 0, 0, 0]
('challenge', 371);[0, 0, 0, 0]
('challenge', 372);[0, 0, 0, 0]
('challenge', 373);[0, 0, 0, 0]
('challenge', 374);[0, 0, 0, 0]
('challenge', 375);[0, 0, 0, 0]
('challenge', 376);[0, 0, 0, 0]
('challenge', 377);[0, 0, 0, 0]
('challenge', 378);[0, 0, 0, 0]
('challenge', 379);[0, 0, 0, 0]
('challenge', 380);[0, 0, 0, 0]
('challenge', 381);[0, 0, 0, 0]
('challenge', 382);[0, 0, 0, 0]
('challenge', 383);[0, 0, 0, 0]
('challenge', 384);[0, 0, 0, 0]
('challenge', 385);[0, 0, 0, 0]
('challenge', 386);[0, 0, 0, 0]
('challenge', 387);[0, 0, 0, 0]
('challenge', 388);[0, 0, 0, 0]
('challenge', 389);[0, 0, 0, 0]
('challenge', 390);[0, 0, 0, 0]
('challenge', 391);[0, 0, 0, 0]
('challenge', 392);[0, 0, 0, 0]
('challenge', 393);[0, 0, 0, 0]
('challenge', 394);[0, 0, 0, 0]
('challenge', 395);[0, 0, 0, 0]
('challenge', 396);[0, 0, 0, 0]
('challenge', 397);[0, 0, 0, 0]
('challenge', 398);[0, 0, 0, 0]
('challenge', 399);[0, 0, 0, 0]
('challenge', 400);[0, 0, 0, 0]
('challenge', 401);[0, 0, 0, 0]
('challenge', 402);[0, 0, 0, 0]
('challenge', 403);[0, 0, 0, 0]
('challenge', 404);[0, 0, 0, 0]
('challenge', 405);[0, 0, 0, 0]
('challenge', 406);[0, 0, 0, 0]
('challenge', 407);[0, 0, 0, 0]
('challenge', 408);[0, 0, 0, 0]
('challenge', 409);[0, 0, 0, 0]
('challenge', 410);[0, 0, 0, 0]
('challenge', 411);[0, 0, 0, 0]
('challenge', 412);[0, 0, 0, 0]
('challenge', 413);[0, 0, 0, 0]
('challenge', 414);[0, 0, 0, 0]
('challenge', 415);[0, 0, 0, 0]
('challenge', 416);[0, 0, 0, 0]
('challenge', 417);[0, 0, 0, 0]
('challenge', 418);[0, 0, 0, 0]
('challenge', 419);[0, 0, 0, 0]
('challenge', 420);[0, 0, 0, 0]
('challenge', 421);[0, 0, 0, 0]
('challenge', 422);[0, 0, 0, 0]
('challenge', 423);[0, 0, 0, 0]
('challenge', 424);[0, 0, 0, 0]
('challenge', 425);[0, 0, 0, 0]
('challenge', 426);[0, 0, 0, 0]
('challenge', 427);[0, 0, 0, 0]
('challenge', 428);[0, 0, 0, 0]
('challenge', 429);[0, 0, 0, 0]
('challenge', 430);[0, 0, 0, 0]
('challenge', 431);[0, 0, 0, 0]
('challenge', 432);[0, 0, 0, 0]
('challenge', 433);[0, 0, 0, 0]
('challenge', 434);[0, 0, 0, 0]
('challenge', 435);[0, 0, 0, 0]
('challenge', 436);[0, 0, 0, 0]
('challenge', 437);[0, 0, 0, 0]
('challenge', 438);[0, 0, 0, 0]
('challenge', 439);[0, 0, 0, 0]
('challenge', 440);[0, 0, 0, 0]
('challenge', 441);[0, 0, 0, 0]
('challenge', 442);[0, 0, 0, 0]
('challenge', 443);[0, 0, 0, 0]
('challenge', 444);[0, 0, 0, 0]
('challenge', 445);[0, 0, 0, 0]
('challenge', 446);[0, 0, 0, 0]
('challenge', 447);[0, 0, 0, 0]
('challenge', 448);[0, 0, 0, 0]
('challenge', 449);[0, 0, 0, 0]
('challenge', 450);[0, 0, 0, 0]
('challenge', 451);[0, 0, 0, 0]
('challenge', 452);[0, 0, 0, 0]
('challenge', 453);[0, 0, 0, 0]
('challenge', 454);[0, 0, 0, 0]
('challenge', 455);[0, 0, 0, 0]
('challenge', 456);[0, 0, 0, 0]
('challenge', 457);[0, 0, 0, 0]
('challenge', 458);[0, 0, 0, 0]
('challenge', 459);[0, 0, 0, 0]
('challenge', 460);[0, 0, 0, 0]
('challenge', 462);[0, 0, 0, 0]
('challenge', 463);[0, 0, 0, 0]
('challenge', 464);[0, 0, 0, 0]
('challenge', 465);[0, 0, 0, 0]
('challenge', 466);[0, 0, 0, 0]
('challenge', 467);[0, 0, 0, 0]
('challenge', 468);[0, 0, 0, 0]
('challenge', 469);[0, 0, 0, 0]
('challenge', 470);[0, 0, 0, 0]
('challenge', 471);[0, 0, 0, 0]
('challenge', 472);[0, 0, 0, 0]
('challenge', 473);[0, 0, 0, 0]
('challenge', 474);[0, 0, 0, 0]
('challenge', 475);[0, 0, 0, 0]
('challenge', 476);[0, 0, 0, 0]
('challenge', 477);[0, 0, 0, 0]
('challenge', 478);[0, 0, 0, 0]
('challenge', 479);[0, 0, 0, 0]
('challenge', 480);[0, 0, 0, 0]
('challenge', 481);[0, 0, 0, 0]
('challenge', 482);[0, 0, 0, 0]
('challenge', 483);[0, 0, 0, 0]
('challenge', 484);[0, 0, 0, 0]
('challenge', 485);[0, 0, 0, 0]
('challenge', 486);[0, 0, 0, 0]
('challenge', 487);[0, 0, 0, 0]
('challenge', 488);[0, 0, 0, 0]
('challenge', 489);[0, 0, 0, 0]
('challenge', 490);[0, 0, 0, 0]
('challenge', 491);[0, 0, 0, 0]
('challenge', 492);[0, 0, 0, 0]
('challenge', 493);[0, 0, 0, 0]
('challenge', 494);[0, 0, 0, 0]
('challenge', 495);[0, 0, 0, 0]
('challenge', 496);[0, 0, 0, 0]
('challenge', 497);[0, 0, 0, 0]
('challenge', 498);[0, 0, 0, 0]
('challenge', 499);[0, 0, 0, 0]
('challenge', 500);[0, 0, 0, 0]
('challenge', 501);[0, 0, 0, 0]
('challenge', 502);[0, 0, 0, 0]
('challenge', 503);[0, 0, 0, 0]
('challenge', 504);[0, 0, 0, 0]
('challenge', 505);[0, 0, 0, 0]
('challenge', 506);[0, 0, 0, 0]
('challenge', 507);[0, 0, 0, 0]
('challenge', 508);[0, 0, 0, 0]
('challenge', 509);[0, 0, 0, 0]
('challenge', 510);[0, 0, 0, 0]
('challenge', 511);[0, 0, 0, 0]
('challenge', 512);[0, 0, 0, 0]
('challenge', 513);[0, 0, 0, 0]
('challenge', 514);[0, 0, 0, 0]
('challenge', 515);[0, 0, 0, 0]
('challenge', 516);[0, 0, 0, 0]
('challenge', 517);[0, 0, 0, 0]
('challenge', 518);[0, 0, 0, 0]
('challenge', 519);[0, 0, 0, 0]
('challenge', 520);[0, 0, 0, 0]
('challenge', 521);[0, 0, 0, 0]
('challenge', 522);[0, 0, 0, 0]
('challenge', 523);[0, 0, 0, 0]
('challenge', 524);[0, 0, 0, 0]
('challenge', 525);[0, 0, 0, 0]
('challenge', 526);[0, 0, 0, 0]
('challenge', 527);[0, 0, 0, 0]
('challenge', 528);[0, 0, 0, 0]
('challenge', 529);[0, 0, 0, 0]
('challenge', 530);[0, 0, 0, 0]
('challenge', 531);[0, 0, 0, 0]
('challenge', 532);[0, 0, 0, 0]
('challenge', 533);[0, 0, 0, 0]
('challenge', 534);[0, 0, 0, 0]
('challenge', 535);[0, 0, 0, 0]
('challenge', 536);[0, 0, 0, 0]
('challenge', 537);[0, 0, 0, 0]
('challenge', 538);[0, 0, 0, 0]
('challenge', 539);[0, 0, 0, 0]
('challenge', 540);[0, 0, 0, 0]
('challenge', 541);[0, 0, 0, 0]
('challenge', 542);[0, 0, 0, 0]
('challenge', 543);[0, 0, 0, 0]
('challenge', 544);[0, 0, 0, 0]
('challenge', 545);[0, 0, 0, 0]
('challenge', 546);[0, 0, 0, 0]
('challenge', 547);[0, 0, 0, 0]
('challenge', 548);[0, 0, 0, 0]
('challenge', 549);[0, 0, 0, 0]
('challenge', 550);[0, 0, 0, 0]
('challenge', 551);[0, 0, 0, 0]
('challenge', 552);[0, 0, 0, 0]
('challenge', 553);[0, 0, 0, 0]
('challenge', 554);[0, 0, 0, 0]
('challenge', 555);[0, 0, 0, 0]
('challenge', 556);[0, 0, 0, 0]
('challenge', 557);[0, 0, 0, 0]
('challenge', 558);[0, 0, 0, 0]
('challenge', 559);[0, 0, 0, 0]
('challenge', 560);[0, 0, 0, 0]
('challenge', 561);[0, 0, 0, 0]
('challenge', 562);[0, 0, 0, 0]
('challenge', 563);[0, 0, 0, 0]
('challenge', 564);[0, 0, 0, 0]
('challenge', 565);[0, 0, 0, 0]
('challenge', 566);[0, 0, 0, 0]
('challenge', 567);[0, 0, 0, 0]
('challenge', 568);[0, 0, 0, 0]
('challenge', 569);[0, 0, 0, 0]
('challenge', 570);[0, 0, 0, 0]
('challenge', 571);[0, 0, 0, 0]
('challenge', 572);[0, 0, 0, 0]
('challenge', 573);[0, 0, 0, 0]
('challenge', 574);[0, 0, 0, 0]
('challenge', 575);[0, 0, 0, 0]
('challenge', 576);[0, 0, 0, 0]
('challenge', 577);[0, 0, 0, 0]
('challenge', 578);[0, 0, 0, 0]
('challenge', 579);[0, 0, 0, 0]
('challenge', 580);[0, 0, 0, 0]
('challenge', 581);[0, 0, 0, 0]
('challenge', 582);[0, 0, 0, 0]
('challenge', 583);[0, 0, 0, 0]
('challenge', 584);[0, 0, 0, 0]
('challenge', 585);[0, 0, 0, 0]
('challenge', 586);[0, 0, 0, 0]
('challenge', 587);[0, 0, 0, 0]
('challenge', 588);[0, 0, 0, 0]
('challenge', 589);[0, 0, 0, 0]
('challenge', 590);[0, 0, 0, 0]
('challenge', 591);[0, 0, 0, 0]
('challenge', 592);[0, 0, 0, 0]
('challenge', 593);[0, 0, 0, 0]
('challenge', 594);[0, 0, 0, 0]
('challenge', 595);[0, 0, 0, 0]
('challenge', 596);[0, 0, 0, 0]
('challenge', 597);[0, 0, 0, 0]
('challenge', 598);[0, 0, 0, 0]
('challenge', 599);[0, 0, 0, 0]
('challenge', 600);[0, 0, 0, 0]
('challenge', 601);[0, 0, 0, 0]
('challenge', 602);[0, 0, 0, 0]
('challenge', 603);[0, 0, 0, 0]
('challenge', 604);[0, 0, 0, 0]
('challenge', 605);[0, 0, 0, 0]
('challenge', 606);[0, 0, 0, 0]
('challenge', 607);[0, 0, 0, 0]
('challenge', 608);[0, 0, 0, 0]
('challenge', 609);[0, 0, 0, 0]
('challenge', 9);[0, 0, 0, 0]
('challenge', 10);[0, 0, 0, 0]
('challenge', 11);[0, 0, 0, 0]
('challenge', 12);[0, 0, 0, 0]
('challenge', 13);[0, 0, 0, 0]
('challenge', 14);[0, 0, 0, 0]
('challenge', 15);[0, 0, 0, 0]
('challenge', 16);[0, 0, 0, 0]
('challenge', 17);[0, 0, 0, 0]
('challenge', 18);[0, 0, 0, 0]
('challenge', 19);[0, 0, 0, 0]
('challenge', 20);[0, 0, 0, 0]
('challenge', 21);[0, 0, 0, 0]
('challenge', 22);[0, 0, 0, 0]
('challenge', 23);[0, 0, 0, 0]
('challenge', 24);[0, 0, 0, 0]
('challenge', 25);[0, 0, 0, 0]
('challenge', 26);[0, 0, 0, 0]
('challenge', 27);[0, 0, 0, 0]
('challenge', 28);[0, 0, 0, 0]
('challenge', 29);[0, 0, 0, 0]
('challenge', 30);[0, 0, 0, 0]
('challenge', 31);[0, 0, 0, 0]
('challenge', 32);[0, 0, 0, 0]
('challenge', 33);[0, 0, 0, 0]
('challenge', 34);[0, 0, 0, 0]
('challenge', 35);[0, 0, 0, 0]
('challenge', 36);[0, 0, 0, 0]
('challenge', 37);[0, 0, 0, 0]
('challenge', 38);[0, 0, 0, 0]
('challenge', 39);[0, 0, 0, 0]
('challenge', 40);[0, 0, 0, 0]
('challenge', 41);[0, 0, 0, 0]
('challenge', 42);[0, 0, 0, 0]
('challenge', 43);[0, 0, 0, 0]
('challenge', 44);[0, 0, 0, 0]
('challenge', 45);[0, 0, 0, 0]
('challenge', 46);[0, 0, 0, 0]
('challenge', 47);[0, 0, 0, 0]
('challenge', 48);[0, 0, 0, 0]
('challenge', 49);[0, 0, 0, 0]
('challenge', 50);[0, 0, 0, 0]
('challenge', 51);[0, 0, 0, 0]
('challenge', 52);[0, 0, 0, 0]
('challenge', 53);[0, 0, 0, 0]
('challenge', 54);[0, 0, 0, 0]
('challenge', 55);[0, 0, 0, 0]
('challenge', 56);[0, 0, 0, 0]
('challenge', 57);[0, 0, 0, 0]
('challenge', 58);[0, 0, 0, 0]
('challenge', 59);[0, 0, 0, 0]
('challenge', 60);[0, 0, 0, 0]
('challenge', 61);[0, 0, 0, 0]
('challenge', 62);[0, 0, 0, 0]
('challenge', 63);[0, 0, 0, 0]
('challenge', 64);[0, 0, 0, 0]
('challenge', 65);[0, 0, 0, 0]
('challenge', 66);[0, 0, 0, 0]
('challenge', 67);[0, 0, 0, 0]
('challenge', 68);[0, 0, 0, 0]
('challenge', 69);[0, 0, 0, 0]
('challenge', 70);[0, 0, 0, 0]
('challenge', 71);[0, 0, 0, 0]
('challenge', 72);[0, 0, 0, 0]
('challenge', 73);[0, 0, 0, 0]
('challenge', 74);[0, 0, 0, 0]
('challenge', 75);[0, 0, 0, 0]
('challenge', 76);[0, 0, 0, 0]
('challenge', 77);[0, 0, 0, 0]
('challenge', 78);[0, 0, 0, 0]
('challenge', 79);[0, 0, 0, 0]
('challenge', 80);[0, 0, 0, 0]
('challenge', 81);[0, 0, 0, 0]
('challenge', 82);[0, 0, 0, 0]
('challenge', 83);[0, 0, 0, 0]
('challenge', 84);[0, 0, 0, 0]
('challenge', 85);[0, 0, 0, 0]
('challenge', 86);[0, 0, 0, 0]
('challenge', 87);[0, 0, 0, 0]
('challenge', 88);[0, 0, 0, 0]
('challenge', 89);[0, 0, 0, 0]
('challenge', 90);[0, 0, 0, 0]
('challenge', 91);[0, 0, 0, 0]
('challenge', 92);[0, 0, 0, 0]
('challenge', 93);[0, 0, 0, 0]
('challenge', 94);[0, 0, 0, 0]
('challenge', 95);[0, 0, 0, 0]
('challenge', 96);[0, 0, 0, 0]
('challenge', 97);[0, 0, 0, 0]
('challenge', 98);[0, 0, 0, 0]
('challenge', 99);[0, 0, 0, 0]
('challenge', 100);[0, 0, 0, 0]
('challenge', 101);[0, 0, 0, 0]
('challenge', 102);[0, 0, 0, 0]
('challenge', 103);[0, 0, 0, 0]
('challenge', 104);[0, 0, 0, 0]
('challenge', 105);[0, 0, 0, 0]
('challenge', 106);[0, 0, 0, 0]
('challenge', 107);[0, 0, 0, 0]
('challenge', 108);[0, 0, 0, 0]
('challenge', 109);[0, 0, 0, 0]
('challenge', 110);[0, 0, 0, 0]
('challenge', 111);[0, 0, 0, 0]
('challenge', 112);[0, 0, 0, 0]
('challenge', 113);[0, 0, 0, 0]
('challenge', 114);[0, 0, 0, 0]
('challenge', 115);[0, 0, 0, 0]
('challenge', 116);[0, 0, 0, 0]
('challenge', 117);[0, 0, 0, 0]
('challenge', 118);[0, 0, 0, 0]
('challenge', 119);[0, 0, 0, 0]
('challenge', 120);[0, 0, 0, 0]
('challenge', 121);[0, 0, 0, 0]
('challenge', 122);[0, 0, 0, 0]
('challenge', 123);[0, 0, 0, 0]
('challenge', 124);[0, 0, 0, 0]
('challenge', 125);[0, 0, 0, 0]
('challenge', 126);[0, 0, 0, 0]
('challenge', 127);[0, 0, 0, 0]
('challenge', 128);[0, 0, 0, 0]
('challenge', 129);[0, 0, 0, 0]
('challenge', 130);[0, 0, 0, 0]
('challenge', 131);[0, 0, 0, 0]
('challenge', 132);[0, 0, 0, 0]
('challenge', 133);[0, 0, 0, 0]
('challenge', 134);[0, 0, 0, 0]
('challenge', 135);[0, 0, 0, 0]
('challenge', 136);[0, 0, 0, 0]
('challenge', 137);[0, 0, 0, 0]
('challenge', 138);[0, 0, 0, 0]
('challenge', 139);[0, 0, 0, 0]
('challenge', 140);[0, 0, 0, 0]
('challenge', 141);[0, 0, 0, 0]
('challenge', 142);[0, 0, 0, 0]
('challenge', 143);[0, 0, 0, 0]
('challenge', 144);[0, 0, 0, 0]
('challenge', 145);[0, 0, 0, 0]
('challenge', 146);[0, 0, 0, 0]
('challenge', 147);[0, 0, 0, 0]
('challenge', 148);[0, 0, 0, 0]
('challenge', 149);[0, 0, 0, 0]
('challenge', 150);[0, 0, 0, 0]
('challenge', 151);[0, 0, 0, 0]
('challenge', 152);[0, 0, 0, 0]
('challenge', 153);[0, 0, 0, 0]
('challenge', 154);[0, 0, 0, 0]
('challenge', 155);[0, 0, 0, 0]
('challenge', 156);[0, 0, 0, 0]
('challenge', 157);[0, 0, 0, 0]
('challenge', 158);[0, 0, 0, 0]
('challenge', 159);[0, 0, 0, 0]
('challenge', 160);[0, 0, 0, 0]
('challenge', 161);[0, 0, 0, 0]
('challenge', 162);[0, 0, 0, 0]
('challenge', 163);[0, 0, 0, 0]
('challenge', 164);[0, 0, 0, 0]
('challenge', 165);[0, 0, 0, 0]
('challenge', 166);[0, 0, 0, 0]
('challenge', 167);[0, 0, 0, 0]
('challenge', 168);[0, 0, 0, 0]
('challenge', 169);[0, 0, 0, 0]
('challenge', 170);[0, 0, 0, 0]
('challenge', 171);[0, 0, 0, 0]
('challenge', 172);[0, 0, 0, 0]
('challenge', 173);[0, 0, 0, 0]
('challenge', 174);[0, 0, 0, 0]
('challenge', 175);[0, 0, 0, 0]
('challenge', 176);[0, 0, 0, 0]
('challenge', 177);[0, 0, 0, 0]
('challenge', 178);[0, 0, 0, 0]
('challenge', 179);[0, 0, 0, 0]
('challenge', 180);[0, 0, 0, 0]
('challenge', 181);[0, 0, 0, 0]
('challenge', 182);[0, 0, 0, 0]
('challenge', 183);[0, 0, 0, 0]
('challenge', 184);[0, 0, 0, 0]
('challenge', 185);[0, 0, 0, 0]
('challenge', 186);[0, 0, 0, 0]
('challenge', 187);[0, 0, 0, 0]
('challenge', 188);[0, 0, 0, 0]
('challenge', 189);[0, 0, 0, 0]
('challenge', 190);[0, 0, 0, 0]
('challenge', 191);[0, 0, 0, 0]
('challenge', 192);[0, 0, 0, 0]
('challenge', 193);[0, 0, 0, 0]
('challenge', 194);[0, 0, 0, 0]
('challenge', 195);[0, 0, 0, 0]
('challenge', 196);[0, 0, 0, 0]
('challenge', 197);[0, 0, 0, 0]
('challenge', 198);[0, 0, 0, 0]
('challenge', 199);[0, 0, 0, 0]
('challenge', 200);[0, 0, 0, 0]
('challenge', 201);[0, 0, 0, 0]
('challenge', 202);[0, 0, 0, 0]
('challenge', 203);[0, 0, 0, 0]
('challenge', 204);[0, 0, 0, 0]
('challenge', 205);[0, 0, 0, 0]
('challenge', 206);[0, 0, 0, 0]
('challenge', 207);[0, 0, 0, 0]
('challenge', 208);[0, 0, 0, 0]
('challenge', 209);[0, 0, 0, 0]
('challenge', 210);[0, 0, 0, 0]
('challenge', 211);[0, 0, 0, 0]
('challenge', 212);[0, 0, 0, 0]
('challenge', 213);[0, 0, 0, 0]
('challenge', 214);[0, 0, 0, 0]
('challenge', 215);[0, 0, 0, 0]
('challenge', 216);[0, 0, 0, 0]
('challenge', 217);[0, 0, 0, 0]
('challenge', 218);[0, 0, 0, 0]
('challenge', 219);[0, 0, 0, 0]
('challenge', 220);[0, 0, 0, 0]
('challenge', 221);[0, 0, 0, 0]
('challenge', 222);[0, 0, 0, 0]
('challenge', 223);[0, 0, 0, 0]
('challenge', 224);[0, 0, 0, 0]
('challenge', 225);[0, 0, 0, 0]
('challenge', 226);[0, 0, 0, 0]
('challenge', 227);[0, 0, 0, 0]
('challenge', 228);[0, 0, 0, 0]
('challenge', 229);[0, 0, 0, 0]
('challenge', 230);[0, 0, 0, 0]
('challenge', 231);[0, 0, 0, 0]
('challenge', 232);[0, 0, 0, 0]
('challenge', 233);[0, 0, 0, 0]
('challenge', 234);[0, 0, 0, 0]
('challenge', 235);[0, 0, 0, 0]
('challenge', 236);[0, 0, 0, 0]
('challenge', 237);[0, 0, 0, 0]
('challenge', 238);[0, 0, 0, 0]
('challenge', 239);[0, 0, 0, 0]
('challenge', 240);[0, 0, 0, 0]
('challenge', 241);[0, 0, 0, 0]
('challenge', 242);[0, 0, 0, 0]
('challenge', 243);[0, 0, 0, 0]
('challenge', 244);[0, 0, 0, 0]
('challenge', 245);[0, 0, 0, 0]
('challenge', 246);[0, 0, 0, 0]
('challenge', 247);[0, 0, 0, 0]
('challenge', 248);[0, 0, 0, 0]
('challenge', 249);[0, 0, 0, 0]
('challenge', 250);[0, 0, 0, 0]
('challenge', 251);[0, 0, 0, 0]
('challenge', 252);[0, 0, 0, 0]
('challenge', 253);[0, 0, 0, 0]
('challenge', 254);[0, 0, 0, 0]
('challenge', 255);[0, 0, 0, 0]
('challenge', 256);[0, 0, 0, 0]
('challenge', 257);[0, 0, 0, 0]
('challenge', 258);[0, 0, 0, 0]
('challenge', 610);[0, 0, 0, 0]
('challenge', 611);[0, 0, 0, 0]
('challenge', 612);[0, 0, 0, 0]
('challenge', 613);[0, 0, 0, 0]
('challenge', 614);[0, 0, 0, 0]
('challenge', 615);[0, 0, 0, 0]
('challenge', 616);[0, 0, 0, 0]
('challenge', 617);[0, 0, 0, 0]
('challenge', 618);[0, 0, 0, 0]
('challenge', 619);[0, 0, 0, 0]
('challenge', 620);[0, 0, 0, 0]
('challenge', 621);[0, 0, 0, 0]
('challenge', 622);[0, 0, 0, 0]
('challenge', 623);[0, 0, 0, 0]
('challenge', 624);[0, 0, 0, 0]
('challenge', 625);[0, 0, 0, 0]
('challenge', 627);[0, 0, 0, 0]
('challenge', 628);[0, 0, 0, 0]
('challenge', 629);[0, 0, 0, 0]
('challenge', 630);[0, 0, 0, 0]
('challenge', 631);[0, 0, 0, 0]
('challenge', 632);[0, 0, 0, 0]
('challenge', 633);[0, 0, 0, 0]
('challenge', 634);[0, 0, 0, 0]
('challenge', 635);[0, 0, 0, 0]
('challenge', 636);[0, 0, 0, 0]
('challenge', 637);[0, 0, 0, 0]
('challenge', 638);[0, 0, 0, 0]
('challenge', 639);[0, 0, 0, 0]
('challenge', 640);[0, 0, 0, 0]
('challenge', 641);[0, 0, 0, 0]
('challenge', 642);[0, 0, 0, 0]
('challenge', 643);[0, 0, 0, 0]
('challenge', 644);[0, 0, 0, 0]
('challenge', 645);[0, 0, 0, 0]
('challenge', 646);[0, 0, 0, 0]
('challenge', 647);[0, 0, 0, 0]
('challenge', 648);[0, 0, 0, 0]
('challenge', 649);[0, 0, 0, 0]
('challenge', 650);[0, 0, 0, 0]
('challenge', 651);[0, 0, 0, 0]
('challenge', 652);[0, 0, 0, 0]
('challenge', 653);[0, 0, 0, 0]
('challenge', 654);[0, 0, 0, 0]
('challenge', 655);[0, 0, 0, 0]
('challenge', 656);[0, 0, 0, 0]
('challenge', 657);[0, 0, 0, 0]
('challenge', 658);[0, 0, 0, 0]
('challenge', 659);[0, 0, 0, 0]
('challenge', 660);[0, 0, 0, 0]
('challenge', 661);[0, 0, 0, 0]
('challenge', 662);[0, 0, 0, 0]
('challenge', 663);[0, 0, 0, 0]
('challenge', 664);[0, 0, 0, 0]
('challenge', 665);[0, 0, 0, 0]
('challenge', 666);[0, 0, 0, 0]
('challenge', 667);[0, 0, 0, 0]
('challenge', 668);[0, 0, 0, 0]
('challenge', 669);[0, 0, 0, 0]
('challenge', 670);[0, 0, 0, 0]
('challenge', 671);[0, 0, 0, 0]
('challenge', 672);[0, 0, 0, 0]
('challenge', 673);[0, 0, 0, 0]
('challenge', 674);[0, 0, 0, 0]
('challenge', 675);[0, 0, 0, 0]
('challenge', 676);[0, 0, 0, 0]
('challenge', 677);[0, 0, 0, 0]
('challenge', 678);[0, 0, 0, 0]
('challenge', 679);[0, 0, 0, 0]
('challenge', 680);[0, 0, 0, 0]
('challenge', 681);[0, 0, 0, 0]
('challenge', 682);[0, 0, 0, 0]
('challenge', 683);[0, 0, 0, 0]
('challenge', 684);[0, 0, 0, 0]
('challenge', 685);[0, 0, 0, 0]
('challenge', 686);[0, 0, 0, 0]
('challenge', 687);[0, 0, 0, 0]
('challenge', 688);[0, 0, 0, 0]
('challenge', 689);[0, 0, 0, 0]
('challenge', 690);[0, 0, 0, 0]
('challenge', 691);[0, 0, 0, 0]
('challenge', 692);[0, 0, 0, 0]
('challenge', 693);[0, 0, 0, 0]
('challenge', 694);[0, 0, 0, 0]
('challenge', 695);[0, 0, 0, 0]
('challenge', 696);[0, 0, 0, 0]
('challenge', 697);[0, 0, 0, 0]
('challenge', 698);[0, 0, 0, 0]
('challenge', 699);[0, 0, 0, 0]
('challenge', 700);[0, 0, 0, 0]
('challenge', 701);[0, 0, 0, 0]
('challenge', 702);[0, 0, 0, 0]
('challenge', 703);[0, 0, 0, 0]
('challenge', 704);[0, 0, 0, 0]
('challenge', 705);[0, 0, 0, 0]
('challenge', 706);[0, 0, 0, 0]
('challenge', 707);[0, 0, 0, 0]
('challenge', 708);[0, 0, 0, 0]
('challenge', 709);[0, 0, 0, 0]
('challenge', 710);[0, 0, 0, 0]
('challenge', 711);[0, 0, 0, 0]
('challenge', 712);[0, 0, 0, 0]
('challenge', 713);[0, 0, 0, 0]
('challenge', 714);[0, 0, 0, 0]
('challenge', 715);[0, 0, 0, 0]
('challenge', 716);[0, 0, 0, 0]
('challenge', 717);[0, 0, 0, 0]
('challenge', 718);[0, 0, 0, 0]
('challenge', 719);[0, 0, 0, 0]
('challenge', 720);[0, 0, 0, 0]
('challenge', 721);[0, 0, 0, 0]
('challenge', 722);[0, 0, 0, 0]
('challenge', 723);[0, 0, 0, 0]
('challenge', 724);[0, 0, 0, 0]
('challenge', 725);[0, 0, 0, 0]
('challenge', 726);[0, 0, 0, 0]
('challenge', 727);[0, 0, 0, 0]
('challenge', 728);[0, 0, 0, 0]
('challenge', 729);[0, 0, 0, 0]
('challenge', 730);[0, 0, 0, 0]
('challenge', 731);[0, 0, 0, 0]
('challenge', 732);[0, 0, 0, 0]
('challenge', 733);[0, 0, 0, 0]
('challenge', 734);[0, 0, 0, 0]
('challenge', 735);[0, 0, 0, 0]
('challenge', 736);[0, 0, 0, 0]
('challenge', 737);[0, 0, 0, 0]
('challenge', 738);[0, 0, 0, 0]
('challenge', 739);[0, 0, 0, 0]
('challenge', 740);[0, 0, 0, 0]
('challenge', 741);[0, 0, 0, 0]
('challenge', 742);[0, 0, 0, 0]
('challenge', 743);[0, 0, 0, 0]
('challenge', 744);[0, 0, 0, 0]
('challenge', 745);[0, 0, 0, 0]
('challenge', 746);[0, 0, 0, 0]
('challenge', 747);[0, 0, 0, 0]
('challenge', 748);[0, 0, 0, 0]
('challenge', 749);[0, 0, 0, 0]
('challenge', 750);[0, 0, 0, 0]
('challenge', 751);[0, 0, 0, 0]
('challenge', 752);[0, 0, 0, 0]
('challenge', 753);[0, 0, 0, 0]
('challenge', 754);[0, 0, 0, 0]
('challenge', 755);[0, 0, 0, 0]
('challenge', 756);[0, 0, 0, 0]
('challenge', 757);[0, 0, 0, 0]
('challenge', 758);[0, 0, 0, 0]
('challenge', 759);[0, 0, 0, 0]
('challenge', 760);[0, 0, 0, 0]
('challenge', 761);[0, 0, 0, 0]
('challenge', 762);[0, 0, 0, 0]
('challenge', 763);[0, 0, 0, 0]
('challenge', 764);[0, 0, 0, 0]
('challenge', 765);[0, 0, 0, 0]
('challenge', 766);[0, 0, 0, 0]
('challenge', 767);[0, 0, 0, 0]
('challenge', 768);[0, 0, 0, 0]
('challenge', 769);[0, 0, 0, 0]
('challenge', 770);[0, 0, 0, 0]
('challenge', 771);[0, 0, 0, 0]
('challenge', 772);[0, 0, 0, 0]
('challenge', 773);[0, 0, 0, 0]
('challenge', 774);[0, 0, 0, 0]
('challenge', 775);[0, 0, 0, 0]
('challenge', 776);[0, 0, 0, 0]
('challenge', 777);[0, 0, 0, 0]
('challenge', 778);[0, 0, 0, 0]
('challenge', 779);[0, 0, 0, 0]
('challenge', 780);[0, 0, 0, 0]
('challenge', 781);[0, 0, 0, 0]
('challenge', 782);[0, 0, 0, 0]
('challenge', 783);[0, 0, 0, 0]
('challenge', 784);[0, 0, 0, 0]
('challenge', 785);[0, 0, 0, 0]
('challenge', 786);[0, 0, 0, 0]
('challenge', 787);[0, 0, 0, 0]
('challenge', 788);[0, 0, 0, 0]
('challenge', 789);[0, 0, 0, 0]
('challenge', 790);[0, 0, 0, 0]
('challenge', 791);[0, 0, 0, 0]
('challenge', 792);[0, 0, 0, 0]
('challenge', 793);[0, 0, 0, 0]
('challenge', 794);[0, 0, 0, 0]
('challenge', 795);[0, 0, 0, 0]
('challenge', 796);[0, 0, 0, 0]
('challenge', 797);[0, 0, 0, 0]
('challenge', 798);[0, 0, 0, 0]
('challenge', 799);[0, 0, 0, 0]
('challenge', 800);[0, 0, 0, 0]
('challenge', 801);[0, 0, 0, 0]
('challenge', 802);[0, 0, 0, 0]
('challenge', 803);[0, 0, 0, 0]
('challenge', 804);[0, 0, 0, 0]
('challenge', 805);[0, 0, 0, 0]
('challenge', 806);[0, 0, 0, 0]
('challenge', 807);[0, 0, 0, 0]
('challenge', 808);[0, 0, 0, 0]
('challenge', 809);[0, 0, 0, 0]
('challenge', 810);[0, 0, 0, 0]
('challenge', 811);[0, 0, 0, 0]
('challenge', 812);[0, 0, 0, 0]
('challenge', 813);[0, 0, 0, 0]
('challenge', 814);[0, 0, 0, 0]
('challenge', 815);[0, 0, 0, 0]
('challenge', 816);[0, 0, 0, 0]
('challenge', 817);[0, 0, 0, 0]
('challenge', 818);[0, 0, 0, 0]
('challenge', 819);[0, 0, 0, 0]
('challenge', 820);[0, 0, 0, 0]
('challenge', 821);[0, 0, 0, 0]
('challenge', 822);[0, 0, 0, 0]
('challenge', 823);[0, 0, 0, 0]
('challenge', 824);[0, 0, 0, 0]
('challenge', 825);[0, 0, 0, 0]
('challenge', 826);[0, 0, 0, 0]
('challenge', 827);[0, 0, 0, 0]
('challenge', 828);[0, 0, 0, 0]
('challenge', 829);[0, 0, 0, 0]
('challenge', 830);[0, 0, 0, 0]
('challenge', 831);[0, 0, 0, 0]
('challenge', 832);[0, 0, 0, 0]
('challenge', 833);[0, 0, 0, 0]
('challenge', 834);[0, 0, 0, 0]
('challenge', 835);[0, 0, 0, 0]
('challenge', 836);[0, 0, 0, 0]
('challenge', 837);[0, 0, 0, 0]
('challenge', 838);[0, 0, 0, 0]
('challenge', 839);[0, 0, 0, 0]
('challenge', 840);[0, 0, 0, 0]
('challenge', 841);[0, 0, 0, 0]
('challenge', 842);[0, 0, 0, 0]
('challenge', 843);[0, 0, 0, 0]
('challenge', 844);[0, 0, 0, 0]
('challenge', 845);[0, 0, 0, 0]
('challenge', 846);[0, 0, 0, 0]
('challenge', 847);[0, 0, 0, 0]
('challenge', 848);[0, 0, 0, 0]
('challenge', 849);[0, 0, 0, 0]
('challenge', 850);[0, 0, 0, 0]
('challenge', 851);[0, 0, 0, 0]
('challenge', 852);[0, 0, 0, 0]
('challenge', 853);[0, 0, 0, 0]
('challenge', 854);[0, 0, 0, 0]
('challenge', 855);[0, 0, 0, 0]
('challenge', 856);[0, 0, 0, 0]
('challenge', 857);[0, 0, 0, 0]
('challenge', 858);[0, 0, 0, 0]
('challenge', 859);[0, 0, 0, 0]
('challenge', 860);[0, 0, 0, 0]
('challenge', 861);[0, 0, 0, 0]
('challenge', 862);[0, 0, 0, 0]
('challenge', 863);[0, 0, 0, 0]
('challenge', 864);[0, 0, 0, 0]
('challenge', 865);[0, 0, 0, 0]
('challenge', 866);[0, 0, 0, 0]
('challenge', 867);[0, 0, 0, 0]
('challenge', 868);[0, 0, 0, 0]
('challenge', 869);[0, 0, 0, 0]
('challenge', 870);[0, 0, 0, 0]
('challenge', 871);[0, 0, 0, 0]
('challenge', 872);[0, 0, 0, 0]
('challenge', 873);[0, 0, 0, 0]
('challenge', 874);[0, 0, 0, 0]
('challenge', 875);[0, 0, 0, 0]
('challenge', 876);[0, 0, 0, 0]
('challenge', 877);[0, 0, 0, 0]
('challenge', 878);[0, 0, 0, 0]
('challenge', 879);[0, 0, 0, 0]
('challenge', 880);[0, 0, 0, 0]
('challenge', 881);[0, 0, 0, 0]
('challenge', 882);[0, 0, 0, 0]
('challenge', 883);[0, 0, 0, 0]
('challenge', 884);[0, 0, 0, 0]
('challenge', 885);[0, 0, 0, 0]
('challenge', 886);[0, 0, 0, 0]
('challenge', 887);[0, 0, 0, 0]
('challenge', 888);[0, 0, 0, 0]
('challenge', 889);[0, 0, 0, 0]
('challenge', 890);[0, 0, 0, 0]
('challenge', 891);[0, 0, 0, 0]
('challenge', 892);[0, 0, 0, 0]
('challenge', 893);[0, 0, 0, 0]
('challenge', 894);[0, 0, 0, 0]
('challenge', 895);[0, 0, 0, 0]
('challenge', 896);[0, 0, 0, 0]
('challenge', 897);[0, 0, 0, 0]
('challenge', 898);[0, 0, 0, 0]
('challenge', 899);[0, 0, 0, 0]
('challenge', 900);[0, 0, 0, 0]
('challenge', 901);[0, 0, 0, 0]
('challenge', 902);[0, 0, 0, 0]
('challenge', 903);[0, 0, 0, 0]
('challenge', 904);[0, 0, 0, 0]
('challenge', 905);[0, 0, 0, 0]
('challenge', 906);[0, 0, 0, 0]
('challenge', 907);[0, 0, 0, 0]
('challenge', 908);[0, 0, 0, 0]
('challenge', 909);[0, 0, 0, 0]
('challenge', 910);[0, 0, 0, 0]
('challenge', 911);[0, 0, 0, 0]
('challenge', 912);[0, 0, 0, 0]
('challenge', 913);[0, 0, 0, 0]
('challenge', 914);[0, 0, 0, 0]
('challenge', 915);[0, 0, 0, 0]
('challenge', 916);[0, 0, 0, 0]
('challenge', 917);[0, 0, 0, 0]
('challenge', 918);[0, 0, 0, 0]
('challenge', 919);[0, 0, 0, 0]
('challenge', 920);[0, 0, 0, 0]
('challenge', 921);[0, 0, 0, 0]
('challenge', 922);[0, 0, 0, 0]
('challenge', 923);[0, 0, 0, 0]
('challenge', 924);[0, 0, 0, 0]
('challenge', 925);[0, 0, 0, 0]
('challenge', 926);[0, 0, 0, 0]
('challenge', 927);[0, 0, 0, 0]
('challenge', 928);[0, 0, 0, 0]
('challenge', 929);[0, 0, 0, 0]
('challenge', 930);[0, 0, 0, 0]
('challenge', 931);[0, 0, 0, 0]
('challenge', 932);[0, 0, 0, 0]
('challenge', 933);[0, 0, 0, 0]
('challenge', 934);[0, 0, 0, 0]
('challenge', 935);[0, 0, 0, 0]
('challenge', 936);[0, 0, 0, 0]
('challenge', 937);[0, 0, 0, 0]
('challenge', 938);[0, 0, 0, 0]
('challenge', 939);[0, 0, 0, 0]
('challenge', 940);[0, 0, 0, 0]
('challenge', 941);[0, 0, 0, 0]
('challenge', 942);[0, 0, 0, 0]
('challenge', 943);[0, 0, 0, 0]
('challenge', 944);[0, 0, 0, 0]
('challenge', 945);[0, 0, 0, 0]
('challenge', 946);[0, 0, 0, 0]
('challenge', 947);[0, 0, 0, 0]
('challenge', 948);[0, 0, 0, 0]
('challenge', 949);[0, 0, 0, 0]
('challenge', 950);[0, 0, 0, 0]
('challenge', 951);[0, 0, 0, 0]
('challenge', 952);[0, 0, 0, 0]
('challenge', 953);[0, 0, 0, 0]
('challenge', 954);[0, 0, 0, 0]
('challenge', 955);[0, 0, 0, 0]
('challenge', 956);[0, 0, 0, 0]
('challenge', 957);[0, 0, 0, 0]
('challenge', 958);[0, 0, 0, 0]
('challenge', 959);[0, 0, 0, 0]
('challenge', 960);[0, 0, 0, 0]
('challenge', 961);[0, 0, 0, 0]
('challenge', 962);[0, 0, 0, 0]
('challenge', 963);[0, 0, 0, 0]
('challenge', 964);[0, 0, 0, 0]
('challenge', 965);[0, 0, 0, 0]
('challenge', 966);[0, 0, 0, 0]
('challenge', 967);[0, 0, 0, 0]
('challenge', 968);[0, 0, 0, 0]
('challenge', 969);[0, 0, 0, 0]
('challenge', 970);[0, 0, 0, 0]
('challenge', 971);[0, 0, 0, 0]
('challenge', 972);[0, 0, 0, 0]
('challenge', 973);[0, 0, 0, 0]
('challenge', 974);[0, 0, 0, 0]
('challenge', 975);[0, 0, 0, 0]
('challenge', 976);[0, 0, 0, 0]
('challenge', 977);[0, 0, 0, 0]
('challenge', 978);[0, 0, 0, 0]
('challenge', 979);[0, 0, 0, 0]
('challenge', 980);[0, 0, 0, 0]
('challenge', 981);[0, 0, 0, 0]
('challenge', 982);[0, 0, 0, 0]
('challenge', 983);[0, 0, 0, 0]
('challenge', 984);[0, 0, 0, 0]
('challenge', 985);[0, 0, 0, 0]
('challenge', 986);[0, 0, 0, 0]
('challenge', 987);[0, 0, 0, 0]
('challenge', 988);[0, 0, 0, 0]
('challenge', 989);[0, 0, 0, 0]
('challenge', 990);[0, 0, 0, 0]
('challenge', 991);[0, 0, 0, 0]
('challenge', 992);[0, 0, 0, 0]
('challenge', 993);[0, 0, 0, 0]
('challenge', 994);[0, 0, 0, 0]
('challenge', 995);[0, 0, 0, 0]
('challenge', 996);[0, 0, 0, 0]
('challenge', 997);[0, 0, 0, 0]
('challenge', 998);[0, 0, 0, 0]
('challenge', 999);[0, 0, 0, 0]
('challenge', 1000);[0, 0, 0, 0]
('challenge', 1001);[0, 0, 0, 0]
('challenge', 1002);[0, 0, 0, 0]
('challenge', 1003);[0, 0, 0, 0]
('challenge', 1004);[0, 0, 0, 0]
('challenge', 1005);[0, 0, 0, 0]
('challenge', 1006);[0, 0, 0, 0]
('challenge', 1007);[0, 0, 0, 0]
('challenge', 1008);[0, 0, 0, 0]
('challenge', 1009);[0, 0, 0, 0]
('challenge', 1010);[0, 0, 0, 0]
('challenge', 1011);[0, 0, 0, 0]
('challenge', 1012);[0, 0, 0, 0]
('challenge', 1013);[0, 0, 0, 0]
('challenge', 1014);[0, 0, 0, 0]
('challenge', 1015);[0, 0, 0, 0]
('challenge', 1016);[0, 0, 0, 0]
('challenge', 1017);[0, 0, 0, 0]
('challenge', 1018);[0, 0, 0, 0]
('challenge', 1019);[0, 0, 0, 0]
('challenge', 1020);[0, 0, 0, 0]
('challenge', 1021);[0, 0, 0, 0]
('challenge', 1022);[0, 0, 0, 0]
('challenge', 1023);[0, 0, 0, 0]
('challenge', 1024);[0, 0, 0, 0]
('challenge', 1025);[0, 0, 0, 0]
('challenge', 1026);[0, 0, 0, 0]
('challenge', 1027);[0, 0, 0, 0]
('challenge', 1028);[0, 0, 0, 0]
('challenge', 1029);[0, 0, 0, 0]
('challenge', 1030);[0, 0, 0, 0]
('challenge', 1031);[0, 0, 0, 0]
('challenge', 1032);[0, 0, 0, 0]
('challenge', 1033);[0, 0, 0, 0]
('challenge', 1034);[0, 0, 0, 0]
('challenge', 1035);[0, 0, 0, 0]
('challenge', 1036);[0, 0, 0, 0]
('challenge', 1037);[0, 0, 0, 0]
('challenge', 1038);[0, 0, 0, 0]
('challenge', 1039);[0, 0, 0, 0]
('challenge', 1040);[0, 0, 0, 0]
('challenge', 1041);[0, 0, 0, 0]
('challenge', 1042);[0, 0, 0, 0]
('challenge', 1043);[0, 0, 0, 0]
('challenge', 1044);[0, 0, 0, 0]
('challenge', 1045);[0, 0, 0, 0]
('challenge', 1046);[0, 0, 0, 0]
('challenge', 1047);[0, 0, 0, 0]
('challenge', 1048);[0, 0, 0, 0]
('challenge', 1049);[0, 0, 0, 0]
('challenge', 1050);[0, 0, 0, 0]
('challenge', 1051);[0, 0, 0, 0]
('challenge', 1052);[0, 0, 0, 0]
('challenge', 1053);[0, 0, 0, 0]
('challenge', 1054);[0, 0, 0, 0]
('challenge', 1055);[0, 0, 0, 0]
('challenge', 1056);[0, 0, 0, 0]
('challenge', 1057);[0, 0, 0, 0]
('challenge', 1058);[0, 0, 0, 0]
('challenge', 1059);[0, 0, 0, 0]
('challenge', 1060);[0, 0, 0, 0]
('challenge', 1061);[0, 0, 0, 0]
('challenge', 1062);[0, 0, 0, 0]
('challenge', 1063);[0, 0, 0, 0]
('challenge', 1064);[0, 0, 0, 0]
('challenge', 1065);[0, 0, 0, 0]
('challenge', 1066);[0, 0, 0, 0]
('challenge', 1067);[0, 0, 0, 0]
('challenge', 1068);[0, 0, 0, 0]
('challenge', 1069);[0, 0, 0, 0]
('challenge', 1070);[0, 0, 0, 0]
('challenge', 1071);[0, 0, 0, 0]
('challenge', 1072);[0, 0, 0, 0]
('challenge', 1073);[0, 0, 0, 0]
('challenge', 1074);[0, 0, 0, 0]
('challenge', 1075);[0, 0, 0, 0]
('challenge', 1076);[0, 0, 0, 0]
('challenge', 1077);[0, 0, 0, 0]
('challenge', 1078);[0, 0, 0, 0]
('challenge', 1079);[0, 0, 0, 0]
('challenge', 1080);[0, 0, 0, 0]
('challenge', 1081);[0, 0, 0, 0]
('challenge', 1082);[0, 0, 0, 0]
('challenge', 1083);[0, 0, 0, 0]
('challenge', 1084);[0, 0, 0, 0]
('challenge', 1085);[0, 0, 0, 0]
('challenge', 1086);[0, 0, 0, 0]
('challenge', 1087);[0, 0, 0, 0]
('challenge', 1088);[0, 0, 0, 0]
('challenge', 1089);[0, 0, 0, 0]
('challenge', 1090);[0, 0, 0, 0]
('challenge', 1091);[0, 0, 0, 0]
('challenge', 1092);[0, 0, 0, 0]
('challenge', 1093);[0, 0, 0, 0]
('challenge', 1094);[0, 0, 0, 0]
('challenge', 1095);[0, 0, 0, 0]
('challenge', 1096);[0, 0, 0, 0]
('challenge', 1097);[0, 0, 0, 0]
('challenge', 1098);[0, 0, 0, 0]
('challenge', 1099);[0, 0, 0, 0]
('challenge', 1100);[0, 0, 0, 0]
('challenge', 1101);[0, 0, 0, 0]
('challenge', 1102);[0, 0, 0, 0]
('challenge', 1103);[0, 0, 0, 0]
('challenge', 1104);[0, 0, 0, 0]
('challenge', 1105);[0, 0, 0, 0]
('challenge', 1106);[0, 0, 0, 0]
('challenge', 1107);[0, 0, 0, 0]
('challenge', 1108);[0, 0, 0, 0]
('challenge', 1109);[0, 0, 0, 0]
('challenge', 1110);[0, 0, 0, 0]
('challenge', 1111);[0, 0, 0, 0]
('challenge', 1112);[0, 0, 0, 0]
('challenge', 1113);[0, 0, 0, 0]
('challenge', 1114);[0, 0, 0, 0]
('challenge', 1115);[0, 0, 0, 0]
('challenge', 1116);[0, 0, 0, 0]
('challenge', 1117);[0, 0, 0, 0]
('challenge', 1118);[0, 0, 0, 0]
