extracted_number;id;answer_token_len;correct_answer;reasoning_token_len;frequency_of_answer;is_correct;iter
145;0;287;145;0;1.0;True;0
145;0;285;145;0;1.0;True;1
145;0;119;145;0;1.0;True;2
145;0;257;145;0;1.0;True;3
145;0;124;145;0;1.0;True;4
145;0;200;145;0;1.0;True;5
145;0;144;145;0;1.0;True;6
145;0;147;145;0;1.0;True;7
145;0;289;145;0;1.0;True;8
145;0;127;145;0;1.0;True;9
19;1;185;19;0;1.0;True;0
19;1;106;19;0;1.0;True;1
19;1;194;19;0;1.0;True;2
19;1;186;19;0;1.0;True;3
19;1;212;19;0;1.0;True;4
19;1;225;19;0;1.0;True;5
19;1;200;19;0;1.0;True;6
19;1;178;19;0;1.0;True;7
19;1;212;19;0;1.0;True;8
19;1;200;19;0;1.0;True;9
3.0;2;85;3;0;1.0;True;0
3;2;186;3;0;1.0;True;1
3;2;123;3;0;1.0;True;2
3.0;2;84;3;0;1.0;True;3
3.0;2;88;3;0;1.0;True;4
3.0;2;82;3;0;1.0;True;5
3.0;2;88;3;0;1.0;True;6
3;2;92;3;0;1.0;True;7
3;2;141;3;0;1.0;True;8
3;2;174;3;0;1.0;True;9
198;3;174;198;0;1.0;True;0
198;3;171;198;0;1.0;True;1
198;3;178;198;0;1.0;True;2
198;3;183;198;0;1.0;True;3
198;3;171;198;0;1.0;True;4
198;3;168;198;0;1.0;True;5
198;3;167;198;0;1.0;True;6
198;3;179;198;0;1.0;True;7
198;3;163;198;0;1.0;True;8
198;3;184;198;0;1.0;True;9
63;4;91;63;0;1.0;True;0
63;4;77;63;0;1.0;True;1
63;4;88;63;0;1.0;True;2
63;4;100;63;0;1.0;True;3
63;4;77;63;0;1.0;True;4
63;4;90;63;0;1.0;True;5
63;4;84;63;0;1.0;True;6
63;4;84;63;0;1.0;True;7
63;4;77;63;0;1.0;True;8
63;4;75;63;0;1.0;True;9
322;5;161;322;0;1.0;True;0
322;5;250;322;0;1.0;True;1
322;5;182;322;0;1.0;True;2
322;5;105;322;0;1.0;True;3
322;5;109;322;0;1.0;True;4
322;5;123;322;0;1.0;True;5
322;5;110;322;0;1.0;True;6
322;5;179;322;0;1.0;True;7
322;5;136;322;0;1.0;True;8
322;5;125;322;0;1.0;True;9
30;6;133;30;0;1.0;True;0
30;6;102;30;0;1.0;True;1
30;6;111;30;0;1.0;True;2
30;6;114;30;0;1.0;True;3
30;6;97;30;0;1.0;True;4
30;6;121;30;0;1.0;True;5
30;6;153;30;0;1.0;True;6
30;6;102;30;0;1.0;True;7
30;6;132;30;0;1.0;True;8
30;6;118;30;0;1.0;True;9
192;7;148;192;0;1.0;True;0
192;7;154;192;0;1.0;True;1
192;7;138;192;0;1.0;True;2
192;7;104;192;0;1.0;True;3
192;7;143;192;0;1.0;True;4
192;7;143;192;0;1.0;True;5
192;7;108;192;0;1.0;True;6
192;7;147;192;0;1.0;True;7
192;7;155;192;0;1.0;True;8
192;7;149;192;0;1.0;True;9
26;8;104;26;0;1.0;True;0
26;8;132;26;0;1.0;True;1
26;8;174;26;0;1.0;True;2
26;8;108;26;0;1.0;True;3
26;8;107;26;0;1.0;True;4
26;8;109;26;0;1.0;True;5
26;8;152;26;0;1.0;True;6
26;8;107;26;0;1.0;True;7
26;8;175;26;0;1.0;True;8
26;8;131;26;0;1.0;True;9
17;9;83;17;0;1.0;True;0
17;9;73;17;0;1.0;True;1
17;9;97;17;0;1.0;True;2
17;9;96;17;0;1.0;True;3
17;9;101;17;0;1.0;True;4
17;9;92;17;0;1.0;True;5
17;9;80;17;0;1.0;True;6
17;9;93;17;0;1.0;True;7
17;9;92;17;0;1.0;True;8
17;9;77;17;0;1.0;True;9
1;10;144;1;0;1.0;True;0
1;10;130;1;0;1.0;True;1
1;10;120;1;0;1.0;True;2
1;10;122;1;0;1.0;True;3
1;10;144;1;0;1.0;True;4
1;10;132;1;0;1.0;True;5
1;10;135;1;0;1.0;True;6
1;10;145;1;0;1.0;True;7
1;10;148;1;0;1.0;True;8
1;10;134;1;0;1.0;True;9
20;11;272;20;0;1.0;True;0
20;11;290;20;0;1.0;True;1
20;11;301;20;0;1.0;True;2
20;11;273;20;0;1.0;True;3
20;11;281;20;0;1.0;True;4
20;11;249;20;0;1.0;True;5
20;11;292;20;0;1.0;True;6
20;11;284;20;0;1.0;True;7
20;11;311;20;0;1.0;True;8
20;11;311;20;0;1.0;True;9
4;12;113;4;0;1.0;True;0
4;12;74;4;0;1.0;True;1
4;12;98;4;0;1.0;True;2
4;12;101;4;0;1.0;True;3
4;12;88;4;0;1.0;True;4
4;12;104;4;0;1.0;True;5
4;12;115;4;0;1.0;True;6
4;12;102;4;0;1.0;True;7
4;12;99;4;0;1.0;True;8
4;12;73;4;0;1.0;True;9
2;13;114;2;0;1.0;True;0
2;13;100;2;0;1.0;True;1
2;13;95;2;0;1.0;True;2
2;13;102;2;0;1.0;True;3
2;13;113;2;0;1.0;True;4
2;13;103;2;0;1.0;True;5
2;13;100;2;0;1.0;True;6
2;13;114;2;0;1.0;True;7
2;13;100;2;0;1.0;True;8
2;13;110;2;0;1.0;True;9
7;14;198;7;0;1.0;True;0
7;14;192;7;0;1.0;True;1
7;14;140;7;0;1.0;True;2
7;14;130;7;0;1.0;True;3
7;14;297;7;0;1.0;True;4
7;14;115;7;0;1.0;True;5
7;14;160;7;0;1.0;True;6
7;14;132;7;0;1.0;True;7
7;14;108;7;0;1.0;True;8
7;14;147;7;0;1.0;True;9
70;15;133;70;0;1.0;True;0
70;15;164;70;0;1.0;True;1
70;15;145;70;0;1.0;True;2
70;15;156;70;0;1.0;True;3
70;15;136;70;0;1.0;True;4
70;15;142;70;0;1.0;True;5
70;15;140;70;0;1.0;True;6
70;15;152;70;0;1.0;True;7
70;15;155;70;0;1.0;True;8
70;15;218;70;0;1.0;True;9
345;16;202;345;0;1.0;True;0
345;16;64;345;0;1.0;True;1
345;16;125;345;0;1.0;True;2
345;16;64;345;0;1.0;True;3
345;16;389;345;0;1.0;True;4
345;16;59;345;0;1.0;True;5
345;16;248;345;0;1.0;True;6
345;16;181;345;0;1.0;True;7
345;16;345;345;0;1.0;True;8
345;16;65;345;0;1.0;True;9
203;17;707;266;0;0.5;False;0
203;17;2082;266;0;0.5;False;1
3;17;1482;266;0;0.1;False;2
47;17;562;266;0;0.1;False;3
29;17;992;266;0;0.1;False;4
31;17;912;266;0;0.1;False;5
203;17;1585;266;0;0.5;False;6
203;17;1221;266;0;0.5;False;7
30;17;1032;266;0;0.1;False;8
203;17;1820;266;0;0.5;False;9
54;18;421;54;0;1.0;True;0
54;18;157;54;0;1.0;True;1
54;18;259;54;0;1.0;True;2
54;18;159;54;0;1.0;True;3
54;18;214;54;0;1.0;True;4
54;18;183;54;0;1.0;True;5
54;18;202;54;0;1.0;True;6
54;18;321;54;0;1.0;True;7
54;18;541;54;0;1.0;True;8
54;18;221;54;0;1.0;True;9
807;19;151;807;0;1.0;True;0
807;19;148;807;0;1.0;True;1
807;19;144;807;0;1.0;True;2
807;19;109;807;0;1.0;True;3
807;19;106;807;0;1.0;True;4
807;19;101;807;0;1.0;True;5
807;19;259;807;0;1.0;True;6
807;19;103;807;0;1.0;True;7
807;19;130;807;0;1.0;True;8
807;19;121;807;0;1.0;True;9
3;20;152;3;0;1.0;True;0
3;20;67;3;0;1.0;True;1
3;20;57;3;0;1.0;True;2
3;20;137;3;0;1.0;True;3
3;20;58;3;0;1.0;True;4
3;20;141;3;0;1.0;True;5
3;20;108;3;0;1.0;True;6
3;20;119;3;0;1.0;True;7
3;20;66;3;0;1.0;True;8
3;20;68;3;0;1.0;True;9
12;21;243;12;0;1.0;True;0
12;21;217;12;0;1.0;True;1
12;21;234;12;0;1.0;True;2
12;21;510;12;0;1.0;True;3
12;21;195;12;0;1.0;True;4
12;21;286;12;0;1.0;True;5
12;21;385;12;0;1.0;True;6
12;21;463;12;0;1.0;True;7
12;21;276;12;0;1.0;True;8
12;21;117;12;0;1.0;True;9
13;22;1116;23;0;0.1;False;0
10;22;326;23;0;0.9;False;1
10;22;934;23;0;0.9;False;2
10;22;253;23;0;0.9;False;3
10;22;302;23;0;0.9;False;4
10;22;1066;23;0;0.9;False;5
10;22;178;23;0;0.9;False;6
10;22;78;23;0;0.9;False;7
10;22;978;23;0;0.9;False;8
10;22;122;23;0;0.9;False;9
31;23;180;31;0;1.0;True;0
31;23;163;31;0;1.0;True;1
31;23;220;31;0;1.0;True;2
31;23;158;31;0;1.0;True;3
31;23;180;31;0;1.0;True;4
31;23;143;31;0;1.0;True;5
31;23;136;31;0;1.0;True;6
31;23;144;31;0;1.0;True;7
31;23;152;31;0;1.0;True;8
31;23;128;31;0;1.0;True;9
1201565;24;449;1201565;0;1.0;True;0
1201565;24;362;1201565;0;1.0;True;1
1201565;24;383;1201565;0;1.0;True;2
1201565;24;429;1201565;0;1.0;True;3
1201565;24;366;1201565;0;1.0;True;4
1201565;24;397;1201565;0;1.0;True;5
1201565;24;366;1201565;0;1.0;True;6
1201565;24;595;1201565;0;1.0;True;7
1201565;24;268;1201565;0;1.0;True;8
1201565;24;344;1201565;0;1.0;True;9
89;25;129;89;0;1.0;True;0
89;25;123;89;0;1.0;True;1
89;25;140;89;0;1.0;True;2
89;25;141;89;0;1.0;True;3
89;25;143;89;0;1.0;True;4
89;25;103;89;0;1.0;True;5
89;25;164;89;0;1.0;True;6
89;25;133;89;0;1.0;True;7
89;25;105;89;0;1.0;True;8
89;25;124;89;0;1.0;True;9
17;26;51;574;0;1.0;False;0
17;26;75;574;0;1.0;False;1
17;26;57;574;0;1.0;False;2
17;26;58;574;0;1.0;False;3
17;26;54;574;0;1.0;False;4
17;26;74;574;0;1.0;False;5
17;26;57;574;0;1.0;False;6
17;26;59;574;0;1.0;False;7
17;26;51;574;0;1.0;False;8
17;26;74;574;0;1.0;False;9
8;27;71;8;0;1.0;True;0
8;27;61;8;0;1.0;True;1
8;27;78;8;0;1.0;True;2
8;27;54;8;0;1.0;True;3
8;27;80;8;0;1.0;True;4
8;27;80;8;0;1.0;True;5
8;27;80;8;0;1.0;True;6
8;27;89;8;0;1.0;True;7
8;27;86;8;0;1.0;True;8
8;27;86;8;0;1.0;True;9
146;28;125;146;0;1.0;True;0
146;28;172;146;0;1.0;True;1
146;28;159;146;0;1.0;True;2
146;28;173;146;0;1.0;True;3
146;28;125;146;0;1.0;True;4
146;28;115;146;0;1.0;True;5
146;28;102;146;0;1.0;True;6
146;28;168;146;0;1.0;True;7
146;28;183;146;0;1.0;True;8
146;28;124;146;0;1.0;True;9
1;29;137;1;0;1.0;True;0
1;29;187;1;0;1.0;True;1
1;29;156;1;0;1.0;True;2
1;29;118;1;0;1.0;True;3
1;29;145;1;0;1.0;True;4
1;29;178;1;0;1.0;True;5
1;29;113;1;0;1.0;True;6
1;29;106;1;0;1.0;True;7
1;29;117;1;0;1.0;True;8
1;29;135;1;0;1.0;True;9
14;30;111;14;0;1.0;True;0
14;30;361;14;0;1.0;True;1
14;30;240;14;0;1.0;True;2
14;30;137;14;0;1.0;True;3
14;30;124;14;0;1.0;True;4
14;30;153;14;0;1.0;True;5
14;30;85;14;0;1.0;True;6
14;30;130;14;0;1.0;True;7
14;30;191;14;0;1.0;True;8
14;30;197;14;0;1.0;True;9
2;31;127;2;0;1.0;True;0
2;31;150;2;0;1.0;True;1
2;31;132;2;0;1.0;True;2
2;31;149;2;0;1.0;True;3
2;31;120;2;0;1.0;True;4
2;31;133;2;0;1.0;True;5
2;31;147;2;0;1.0;True;6
2;31;156;2;0;1.0;True;7
2;31;145;2;0;1.0;True;8
2;31;131;2;0;1.0;True;9
7;32;155;7;0;1.0;True;0
7;32;146;7;0;1.0;True;1
7;32;163;7;0;1.0;True;2
7;32;127;7;0;1.0;True;3
7;32;158;7;0;1.0;True;4
7;32;159;7;0;1.0;True;5
7;32;153;7;0;1.0;True;6
7;32;142;7;0;1.0;True;7
7;32;160;7;0;1.0;True;8
7;32;150;7;0;1.0;True;9
12;33;700;12;0;0.8;True;0
12;33;682;12;0;0.8;True;1
12;33;830;12;0;0.8;True;2
59;33;197;12;0;0.2;False;3
12;33;233;12;0;0.8;True;4
59;33;175;12;0;0.2;False;5
12;33;318;12;0;0.8;True;6
12;33;327;12;0;0.8;True;7
12;33;714;12;0;0.8;True;8
12;33;712;12;0;0.8;True;9
21;34;103;21;0;1.0;True;0
21;34;111;21;0;1.0;True;1
21;34;95;21;0;1.0;True;2
21;34;96;21;0;1.0;True;3
21;34;94;21;0;1.0;True;4
21;34;80;21;0;1.0;True;5
21;34;106;21;0;1.0;True;6
21;34;110;21;0;1.0;True;7
21;34;78;21;0;1.0;True;8
21;34;64;21;0;1.0;True;9
14;35;158;14;0;1.0;True;0
14;35;145;14;0;1.0;True;1
14;35;153;14;0;1.0;True;2
14;35;899;14;0;1.0;True;3
14;35;768;14;0;1.0;True;4
14;35;706;14;0;1.0;True;5
14;35;966;14;0;1.0;True;6
14;35;853;14;0;1.0;True;7
14;35;159;14;0;1.0;True;8
14;35;162;14;0;1.0;True;9
2;36;132;2;0;1.0;True;0
2;36;206;2;0;1.0;True;1
2;36;212;2;0;1.0;True;2
2;36;215;2;0;1.0;True;3
2;36;266;2;0;1.0;True;4
2;36;232;2;0;1.0;True;5
2;36;240;2;0;1.0;True;6
2;36;253;2;0;1.0;True;7
2;36;203;2;0;1.0;True;8
2;36;181;2;0;1.0;True;9
51;37;76;51;0;1.0;True;0
51;37;83;51;0;1.0;True;1
51;37;91;51;0;1.0;True;2
51;37;95;51;0;1.0;True;3
51;37;91;51;0;1.0;True;4
51;37;78;51;0;1.0;True;5
51;37;94;51;0;1.0;True;6
51;37;91;51;0;1.0;True;7
51;37;77;51;0;1.0;True;8
51;37;71;51;0;1.0;True;9
2;38;115;2;0;1.0;True;0
2;38;109;2;0;1.0;True;1
2;38;116;2;0;1.0;True;2
2;38;109;2;0;1.0;True;3
2;38;96;2;0;1.0;True;4
2;38;109;2;0;1.0;True;5
2;38;109;2;0;1.0;True;6
2;38;105;2;0;1.0;True;7
2;38;110;2;0;1.0;True;8
2;38;105;2;0;1.0;True;9
15;39;782;15;0;1.0;True;0
15;39;95;15;0;1.0;True;1
15;39;671;15;0;1.0;True;2
15;39;1254;15;0;1.0;True;3
15;39;705;15;0;1.0;True;4
15;39;139;15;0;1.0;True;5
15;39;123;15;0;1.0;True;6
15;39;127;15;0;1.0;True;7
15;39;65;15;0;1.0;True;8
15;39;120;15;0;1.0;True;9
20;40;145;20;0;1.0;True;0
20;40;108;20;0;1.0;True;1
20;40;83;20;0;1.0;True;2
20;40;106;20;0;1.0;True;3
20;40;77;20;0;1.0;True;4
20;40;83;20;0;1.0;True;5
20;40;145;20;0;1.0;True;6
20;40;92;20;0;1.0;True;7
20;40;101;20;0;1.0;True;8
20;40;123;20;0;1.0;True;9
3;41;81;3;0;1.0;True;0
3;41;105;3;0;1.0;True;1
3;41;84;3;0;1.0;True;2
3;41;86;3;0;1.0;True;3
3;41;86;3;0;1.0;True;4
3;41;104;3;0;1.0;True;5
3;41;99;3;0;1.0;True;6
3;41;93;3;0;1.0;True;7
3;41;89;3;0;1.0;True;8
3;41;97;3;0;1.0;True;9
7;42;138;7;0;1.0;True;0
7;42;125;7;0;1.0;True;1
7;42;109;7;0;1.0;True;2
7;42;123;7;0;1.0;True;3
7;42;68;7;0;1.0;True;4
7;42;126;7;0;1.0;True;5
7;42;105;7;0;1.0;True;6
7;42;115;7;0;1.0;True;7
7;42;98;7;0;1.0;True;8
7;42;97;7;0;1.0;True;9
42;43;88;42;0;1.0;True;0
42;43;90;42;0;1.0;True;1
42;43;103;42;0;1.0;True;2
42;43;103;42;0;1.0;True;3
42;43;100;42;0;1.0;True;4
42;43;99;42;0;1.0;True;5
42;43;100;42;0;1.0;True;6
42;43;103;42;0;1.0;True;7
42;43;103;42;0;1.0;True;8
42;43;269;42;0;1.0;True;9
756;44;122;756;0;1.0;True;0
756;44;231;756;0;1.0;True;1
756;44;146;756;0;1.0;True;2
756;44;139;756;0;1.0;True;3
756;44;99;756;0;1.0;True;4
756;44;150;756;0;1.0;True;5
756;44;114;756;0;1.0;True;6
756;44;125;756;0;1.0;True;7
756;44;122;756;0;1.0;True;8
756;44;163;756;0;1.0;True;9
11;45;104;11;0;1.0;True;0
11;45;101;11;0;1.0;True;1
11;45;84;11;0;1.0;True;2
11;45;113;11;0;1.0;True;3
11;45;117;11;0;1.0;True;4
11;45;76;11;0;1.0;True;5
11;45;51;11;0;1.0;True;6
11;45;103;11;0;1.0;True;7
11;45;144;11;0;1.0;True;8
11;45;119;11;0;1.0;True;9
5;46;903;5;0;0.8;True;0
11;46;1121;5;0;0.2;False;1
5;46;724;5;0;0.8;True;2
11;46;991;5;0;0.2;False;3
5;46;971;5;0;0.8;True;4
5;46;1118;5;0;0.8;True;5
5;46;893;5;0;0.8;True;6
5;46;982;5;0;0.8;True;7
5;46;1245;5;0;0.8;True;8
5;46;901;5;0;0.8;True;9
12;47;92;12;0;1.0;True;0
12;47;108;12;0;1.0;True;1
12;47;95;12;0;1.0;True;2
12;47;102;12;0;1.0;True;3
12;47;97;12;0;1.0;True;4
12;47;100;12;0;1.0;True;5
12;47;100;12;0;1.0;True;6
12;47;97;12;0;1.0;True;7
12;47;98;12;0;1.0;True;8
12;47;94;12;0;1.0;True;9
65;48;244;65;0;1.0;True;0
65;48;153;65;0;1.0;True;1
65;48;168;65;0;1.0;True;2
65;48;244;65;0;1.0;True;3
65;48;199;65;0;1.0;True;4
65;48;272;65;0;1.0;True;5
65;48;197;65;0;1.0;True;6
65;48;153;65;0;1.0;True;7
65;48;241;65;0;1.0;True;8
65;48;241;65;0;1.0;True;9
1;49;91;1;0;1.0;True;0
1;49;101;1;0;1.0;True;1
1;49;103;1;0;1.0;True;2
1;49;92;1;0;1.0;True;3
1;49;101;1;0;1.0;True;4
1;49;103;1;0;1.0;True;5
1;49;85;1;0;1.0;True;6
1;49;90;1;0;1.0;True;7
1;49;88;1;0;1.0;True;8
1;49;95;1;0;1.0;True;9
111;50;130;111;0;1.0;True;0
111;50;110;111;0;1.0;True;1
111;50;124;111;0;1.0;True;2
111;50;129;111;0;1.0;True;3
111;50;113;111;0;1.0;True;4
111;50;147;111;0;1.0;True;5
111;50;107;111;0;1.0;True;6
111;50;155;111;0;1.0;True;7
111;50;122;111;0;1.0;True;8
111;50;256;111;0;1.0;True;9
1;51;84;1;0;1.0;True;0
1;51;92;1;0;1.0;True;1
1;51;94;1;0;1.0;True;2
1;51;100;1;0;1.0;True;3
1;51;90;1;0;1.0;True;4
1;51;94;1;0;1.0;True;5
1;51;99;1;0;1.0;True;6
1;51;98;1;0;1.0;True;7
1;51;102;1;0;1.0;True;8
1;51;95;1;0;1.0;True;9
27;52;703;27;0;1.0;True;0
27;52;741;27;0;1.0;True;1
27;52;786;27;0;1.0;True;2
27;52;653;27;0;1.0;True;3
27;52;629;27;0;1.0;True;4
27;52;418;27;0;1.0;True;5
27;52;166;27;0;1.0;True;6
27;52;584;27;0;1.0;True;7
27;52;623;27;0;1.0;True;8
27;52;328;27;0;1.0;True;9
4;53;123;4;0;1.0;True;0
4;53;83;4;0;1.0;True;1
4;53;115;4;0;1.0;True;2
4;53;127;4;0;1.0;True;3
4;53;102;4;0;1.0;True;4
4;53;86;4;0;1.0;True;5
4;53;100;4;0;1.0;True;6
4;53;103;4;0;1.0;True;7
4;53;128;4;0;1.0;True;8
4;53;99;4;0;1.0;True;9
17;54;392;17;0;1.0;True;0
17;54;265;17;0;1.0;True;1
17;54;215;17;0;1.0;True;2
17;54;197;17;0;1.0;True;3
17;54;345;17;0;1.0;True;4
17;54;163;17;0;1.0;True;5
17;54;432;17;0;1.0;True;6
17;54;410;17;0;1.0;True;7
17;54;174;17;0;1.0;True;8
17;54;185;17;0;1.0;True;9
13;55;98;13;0;1.0;True;0
13;55;109;13;0;1.0;True;1
13;55;79;13;0;1.0;True;2
13;55;81;13;0;1.0;True;3
13;55;92;13;0;1.0;True;4
13;55;111;13;0;1.0;True;5
13;55;117;13;0;1.0;True;6
13;55;84;13;0;1.0;True;7
13;55;59;13;0;1.0;True;8
13;55;112;13;0;1.0;True;9
10;56;86;10;0;1.0;True;0
10;56;88;10;0;1.0;True;1
10;56;91;10;0;1.0;True;2
10;56;51;10;0;1.0;True;3
10;56;87;10;0;1.0;True;4
10;56;92;10;0;1.0;True;5
10;56;94;10;0;1.0;True;6
10;56;66;10;0;1.0;True;7
10;56;84;10;0;1.0;True;8
10;56;89;10;0;1.0;True;9
77;57;134;77;0;1.0;True;0
77;57;177;77;0;1.0;True;1
77;57;106;77;0;1.0;True;2
77;57;128;77;0;1.0;True;3
77;57;98;77;0;1.0;True;4
77;57;105;77;0;1.0;True;5
77;57;229;77;0;1.0;True;6
77;57;83;77;0;1.0;True;7
77;57;122;77;0;1.0;True;8
77;57;181;77;0;1.0;True;9
1092;58;384;1092;0;1.0;True;0
1092;58;373;1092;0;1.0;True;1
1092;58;371;1092;0;1.0;True;2
1092;58;395;1092;0;1.0;True;3
1092;58;366;1092;0;1.0;True;4
1092;58;371;1092;0;1.0;True;5
1092;58;488;1092;0;1.0;True;6
1092;58;171;1092;0;1.0;True;7
1092;58;355;1092;0;1.0;True;8
1092;58;312;1092;0;1.0;True;9
5;59;122;5;0;1.0;True;0
5;59;154;5;0;1.0;True;1
5;59;153;5;0;1.0;True;2
5;59;146;5;0;1.0;True;3
5;59;148;5;0;1.0;True;4
5;59;135;5;0;1.0;True;5
5;59;167;5;0;1.0;True;6
5;59;143;5;0;1.0;True;7
5;59;116;5;0;1.0;True;8
5;59;132;5;0;1.0;True;9
7;60;136;7;0;1.0;True;0
7;60;136;7;0;1.0;True;1
7;60;141;7;0;1.0;True;2
7;60;135;7;0;1.0;True;3
7;60;127;7;0;1.0;True;4
7;60;138;7;0;1.0;True;5
7;60;140;7;0;1.0;True;6
7;60;138;7;0;1.0;True;7
7;60;153;7;0;1.0;True;8
7;60;148;7;0;1.0;True;9
45;61;85;45;0;1.0;True;0
45;61;87;45;0;1.0;True;1
45;61;100;45;0;1.0;True;2
45;61;101;45;0;1.0;True;3
45;61;106;45;0;1.0;True;4
45;61;87;45;0;1.0;True;5
45;61;101;45;0;1.0;True;6
45;61;99;45;0;1.0;True;7
45;61;99;45;0;1.0;True;8
45;61;100;45;0;1.0;True;9
0;62;351;10;0;0.9;False;0
0;62;395;10;0;0.9;False;1
0;62;256;10;0;0.9;False;2
0;62;405;10;0;0.9;False;3
0;62;438;10;0;0.9;False;4
0;62;235;10;0;0.9;False;5
0;62;153;10;0;0.9;False;6
0;62;363;10;0;0.9;False;7
0;62;328;10;0;0.9;False;8
10;62;366;10;0;0.1;True;9
52;63;99;52;0;1.0;True;0
52;63;282;52;0;1.0;True;1
52;63;100;52;0;1.0;True;2
52;63;243;52;0;1.0;True;3
52;63;407;52;0;1.0;True;4
52;63;310;52;0;1.0;True;5
52;63;73;52;0;1.0;True;6
52;63;110;52;0;1.0;True;7
52;63;151;52;0;1.0;True;8
52;63;182;52;0;1.0;True;9
2;64;86;2;0;1.0;True;0
2;64;95;2;0;1.0;True;1
2;64;91;2;0;1.0;True;2
2;64;78;2;0;1.0;True;3
2;64;89;2;0;1.0;True;4
2;64;84;2;0;1.0;True;5
2;64;90;2;0;1.0;True;6
2;64;84;2;0;1.0;True;7
2;64;89;2;0;1.0;True;8
2;64;91;2;0;1.0;True;9
6;65;118;6;0;1.0;True;0
6;65;122;6;0;1.0;True;1
6;65;114;6;0;1.0;True;2
6;65;123;6;0;1.0;True;3
6;65;118;6;0;1.0;True;4
6;65;106;6;0;1.0;True;5
6;65;98;6;0;1.0;True;6
6;65;110;6;0;1.0;True;7
6;65;118;6;0;1.0;True;8
6;65;115;6;0;1.0;True;9
16;66;93;16;0;1.0;True;0
16;66;97;16;0;1.0;True;1
16;66;132;16;0;1.0;True;2
16;66;128;16;0;1.0;True;3
16;66;92;16;0;1.0;True;4
16;66;117;16;0;1.0;True;5
16;66;102;16;0;1.0;True;6
16;66;111;16;0;1.0;True;7
16;66;109;16;0;1.0;True;8
16;66;89;16;0;1.0;True;9
469;67;345;469;0;1.0;True;0
469;67;322;469;0;1.0;True;1
469;67;292;469;0;1.0;True;2
469;67;197;469;0;1.0;True;3
469;67;233;469;0;1.0;True;4
469;67;174;469;0;1.0;True;5
469;67;172;469;0;1.0;True;6
469;67;342;469;0;1.0;True;7
469;67;173;469;0;1.0;True;8
469;67;338;469;0;1.0;True;9
12518;68;311;12518;0;1.0;True;0
12518;68;289;12518;0;1.0;True;1
12518;68;235;12518;0;1.0;True;2
12518;68;327;12518;0;1.0;True;3
12518;68;409;12518;0;1.0;True;4
12518;68;333;12518;0;1.0;True;5
12518;68;299;12518;0;1.0;True;6
12518;68;428;12518;0;1.0;True;7
12518;68;431;12518;0;1.0;True;8
12518;68;327;12518;0;1.0;True;9
1;69;65;1;0;1.0;True;0
1;69;95;1;0;1.0;True;1
1;69;60;1;0;1.0;True;2
1;69;59;1;0;1.0;True;3
1;69;57;1;0;1.0;True;4
1;69;71;1;0;1.0;True;5
1.0;69;60;1;0;1.0;True;6
1;69;59;1;0;1.0;True;7
1;69;93;1;0;1.0;True;8
1;69;91;1;0;1.0;True;9
2;70;123;2;0;1.0;True;0
2;70;127;2;0;1.0;True;1
2;70;83;2;0;1.0;True;2
2;70;121;2;0;1.0;True;3
2;70;125;2;0;1.0;True;4
2;70;217;2;0;1.0;True;5
2;70;112;2;0;1.0;True;6
2;70;129;2;0;1.0;True;7
2;70;116;2;0;1.0;True;8
2;70;125;2;0;1.0;True;9
131;71;93;131;0;1.0;True;0
131;71;103;131;0;1.0;True;1
131;71;119;131;0;1.0;True;2
131;71;145;131;0;1.0;True;3
131;71;95;131;0;1.0;True;4
131;71;150;131;0;1.0;True;5
131;71;101;131;0;1.0;True;6
131;71;117;131;0;1.0;True;7
131;71;113;131;0;1.0;True;8
131;71;101;131;0;1.0;True;9
92;72;96;92;0;1.0;True;0
92;72;111;92;0;1.0;True;1
92;72;108;92;0;1.0;True;2
92;72;70;92;0;1.0;True;3
92;72;117;92;0;1.0;True;4
92;72;114;92;0;1.0;True;5
92;72;119;92;0;1.0;True;6
92;72;97;92;0;1.0;True;7
92;72;705;92;0;1.0;True;8
92;72;86;92;0;1.0;True;9
640;73;140;640;0;1.0;True;0
640;73;198;640;0;1.0;True;1
640;73;176;640;0;1.0;True;2
640;73;102;640;0;1.0;True;3
640;73;133;640;0;1.0;True;4
640;73;82;640;0;1.0;True;5
640;73;194;640;0;1.0;True;6
640;73;123;640;0;1.0;True;7
640;73;140;640;0;1.0;True;8
640;73;187;640;0;1.0;True;9
42;74;294;42;0;1.0;True;0
42;74;252;42;0;1.0;True;1
42;74;309;42;0;1.0;True;2
42;74;122;42;0;1.0;True;3
42;74;200;42;0;1.0;True;4
42;74;105;42;0;1.0;True;5
42;74;549;42;0;1.0;True;6
42;74;305;42;0;1.0;True;7
42;74;112;42;0;1.0;True;8
42;74;268;42;0;1.0;True;9
252;75;148;7;0;1.0;False;0
252;75;119;7;0;1.0;False;1
252;75;180;7;0;1.0;False;2
252;75;100;7;0;1.0;False;3
252;75;102;7;0;1.0;False;4
252;75;130;7;0;1.0;False;5
252;75;100;7;0;1.0;False;6
252;75;146;7;0;1.0;False;7
252;75;137;7;0;1.0;False;8
252;75;228;7;0;1.0;False;9
25;76;86;25;0;1.0;True;0
25;76;125;25;0;1.0;True;1
25;76;102;25;0;1.0;True;2
25;76;104;25;0;1.0;True;3
25;76;106;25;0;1.0;True;4
25;76;86;25;0;1.0;True;5
25;76;114;25;0;1.0;True;6
25;76;106;25;0;1.0;True;7
25;76;165;25;0;1.0;True;8
25;76;89;25;0;1.0;True;9
1;77;111;1;0;1.0;True;0
1;77;81;1;0;1.0;True;1
1;77;75;1;0;1.0;True;2
1;77;104;1;0;1.0;True;3
1;77;118;1;0;1.0;True;4
1;77;88;1;0;1.0;True;5
1;77;130;1;0;1.0;True;6
1;77;79;1;0;1.0;True;7
1;77;99;1;0;1.0;True;8
1;77;94;1;0;1.0;True;9
2;78;107;2;0;1.0;True;0
2;78;90;2;0;1.0;True;1
2;78;86;2;0;1.0;True;2
2;78;90;2;0;1.0;True;3
2;78;88;2;0;1.0;True;4
2;78;114;2;0;1.0;True;5
2;78;67;2;0;1.0;True;6
2;78;95;2;0;1.0;True;7
2;78;111;2;0;1.0;True;8
2;78;94;2;0;1.0;True;9
11;79;118;11;0;1.0;True;0
11;79;273;11;0;1.0;True;1
11;79;96;11;0;1.0;True;2
11;79;121;11;0;1.0;True;3
11;79;208;11;0;1.0;True;4
11;79;128;11;0;1.0;True;5
11;79;79;11;0;1.0;True;6
11;79;85;11;0;1.0;True;7
11;79;68;11;0;1.0;True;8
11;79;83;11;0;1.0;True;9
15;80;126;15;0;1.0;True;0
15;80;122;15;0;1.0;True;1
15;80;126;15;0;1.0;True;2
15;80;122;15;0;1.0;True;3
15;80;121;15;0;1.0;True;4
15;80;130;15;0;1.0;True;5
15;80;122;15;0;1.0;True;6
15;80;126;15;0;1.0;True;7
15;80;120;15;0;1.0;True;8
15;80;130;15;0;1.0;True;9
20;81;84;20;0;1.0;True;0
20;81;119;20;0;1.0;True;1
20;81;101;20;0;1.0;True;2
20;81;82;20;0;1.0;True;3
20;81;123;20;0;1.0;True;4
20;81;85;20;0;1.0;True;5
20;81;91;20;0;1.0;True;6
20;81;105;20;0;1.0;True;7
20;81;93;20;0;1.0;True;8
20;81;123;20;0;1.0;True;9
8722;82;461;8722;0;1.0;True;0
8722;82;178;8722;0;1.0;True;1
8722;82;368;8722;0;1.0;True;2
8722;82;317;8722;0;1.0;True;3
8722;82;336;8722;0;1.0;True;4
8722;82;522;8722;0;1.0;True;5
8722;82;278;8722;0;1.0;True;6
8722;82;369;8722;0;1.0;True;7
8722;82;491;8722;0;1.0;True;8
8722;82;384;8722;0;1.0;True;9
5;83;64;5;0;1.0;True;0
5;83;54;5;0;1.0;True;1
5;83;56;5;0;1.0;True;2
5;83;71;5;0;1.0;True;3
5;83;56;5;0;1.0;True;4
5;83;56;5;0;1.0;True;5
5;83;63;5;0;1.0;True;6
5;83;57;5;0;1.0;True;7
5;83;131;5;0;1.0;True;8
5;83;56;5;0;1.0;True;9
83;84;147;83;0;1.0;True;0
83;84;152;83;0;1.0;True;1
83;84;84;83;0;1.0;True;2
83;84;171;83;0;1.0;True;3
83;84;157;83;0;1.0;True;4
83;84;193;83;0;1.0;True;5
83;84;124;83;0;1.0;True;6
83;84;123;83;0;1.0;True;7
83;84;166;83;0;1.0;True;8
83;84;176;83;0;1.0;True;9
29;85;134;29;0;1.0;True;0
29;85;131;29;0;1.0;True;1
29;85;155;29;0;1.0;True;2
29;85;134;29;0;1.0;True;3
29;85;219;29;0;1.0;True;4
29;85;137;29;0;1.0;True;5
29;85;129;29;0;1.0;True;6
29;85;183;29;0;1.0;True;7
29;85;331;29;0;1.0;True;8
29;85;121;29;0;1.0;True;9
53;86;90;53;0;1.0;True;0
53;86;130;53;0;1.0;True;1
53;86;122;53;0;1.0;True;2
53;86;60;53;0;1.0;True;3
53;86;80;53;0;1.0;True;4
53;86;140;53;0;1.0;True;5
53;86;61;53;0;1.0;True;6
53;86;82;53;0;1.0;True;7
53;86;132;53;0;1.0;True;8
53;86;80;53;0;1.0;True;9
3;87;76;3;0;1.0;True;0
3;87;110;3;0;1.0;True;1
3;87;107;3;0;1.0;True;2
3;87;81;3;0;1.0;True;3
3;87;91;3;0;1.0;True;4
3;87;108;3;0;1.0;True;5
3;87;107;3;0;1.0;True;6
3;87;74;3;0;1.0;True;7
3;87;161;3;0;1.0;True;8
3;87;97;3;0;1.0;True;9
33;88;135;33;0;1.0;True;0
33;88;131;33;0;1.0;True;1
33;88;138;33;0;1.0;True;2
33;88;141;33;0;1.0;True;3
33;88;155;33;0;1.0;True;4
33;88;154;33;0;1.0;True;5
33;88;148;33;0;1.0;True;6
33;88;137;33;0;1.0;True;7
33;88;149;33;0;1.0;True;8
33;88;138;33;0;1.0;True;9
1;89;103;1;0;1.0;True;0
1;89;111;1;0;1.0;True;1
1;89;189;1;0;1.0;True;2
1;89;101;1;0;1.0;True;3
1;89;113;1;0;1.0;True;4
1;89;74;1;0;1.0;True;5
1;89;111;1;0;1.0;True;6
1;89;77;1;0;1.0;True;7
1;89;96;1;0;1.0;True;8
1;89;235;1;0;1.0;True;9
16;90;55;16;0;1.0;True;0
16;90;57;16;0;1.0;True;1
16;90;54;16;0;1.0;True;2
16;90;52;16;0;1.0;True;3
16;90;56;16;0;1.0;True;4
16;90;53;16;0;1.0;True;5
16;90;54;16;0;1.0;True;6
16;90;190;16;0;1.0;True;7
16;90;170;16;0;1.0;True;8
16;90;55;16;0;1.0;True;9
47;91;134;47;0;1.0;True;0
47;91;147;47;0;1.0;True;1
47;91;138;47;0;1.0;True;2
47;91;144;47;0;1.0;True;3
47;91;131;47;0;1.0;True;4
47;91;150;47;0;1.0;True;5
47;91;154;47;0;1.0;True;6
47;91;154;47;0;1.0;True;7
47;91;148;47;0;1.0;True;8
47;91;145;47;0;1.0;True;9
5590;92;178;5590;0;1.0;True;0
5590;92;205;5590;0;1.0;True;1
5590;92;133;5590;0;1.0;True;2
5590;92;137;5590;0;1.0;True;3
5590;92;124;5590;0;1.0;True;4
5590;92;183;5590;0;1.0;True;5
5590;92;255;5590;0;1.0;True;6
5590;92;243;5590;0;1.0;True;7
5590;92;215;5590;0;1.0;True;8
5590;92;123;5590;0;1.0;True;9
1;93;207;1;0;1.0;True;0
1;93;126;1;0;1.0;True;1
1;93;206;1;0;1.0;True;2
1;93;250;1;0;1.0;True;3
1;93;250;1;0;1.0;True;4
1;93;220;1;0;1.0;True;5
1;93;253;1;0;1.0;True;6
1;93;240;1;0;1.0;True;7
1;93;132;1;0;1.0;True;8
1;93;217;1;0;1.0;True;9
3;94;52;1;0;1.0;False;0
3;94;77;1;0;1.0;False;1
3;94;272;1;0;1.0;False;2
3;94;290;1;0;1.0;False;3
3;94;43;1;0;1.0;False;4
3;94;340;1;0;1.0;False;5
3;94;423;1;0;1.0;False;6
3;94;499;1;0;1.0;False;7
3;94;467;1;0;1.0;False;8
3;94;484;1;0;1.0;False;9
49;95;66;49;0;1.0;True;0
49;95;69;49;0;1.0;True;1
49;95;100;49;0;1.0;True;2
49;95;104;49;0;1.0;True;3
49;95;66;49;0;1.0;True;4
49;95;66;49;0;1.0;True;5
49;95;96;49;0;1.0;True;6
49;95;69;49;0;1.0;True;7
49;95;68;49;0;1.0;True;8
49;95;65;49;0;1.0;True;9
9;96;123;9;0;1.0;True;0
9;96;87;9;0;1.0;True;1
9;96;132;9;0;1.0;True;2
9;96;127;9;0;1.0;True;3
9;96;120;9;0;1.0;True;4
9;96;115;9;0;1.0;True;5
9;96;110;9;0;1.0;True;6
9;96;130;9;0;1.0;True;7
9;96;116;9;0;1.0;True;8
9;96;114;9;0;1.0;True;9
78;97;192;78;0;1.0;True;0
78;97;201;78;0;1.0;True;1
78;97;274;78;0;1.0;True;2
78;97;117;78;0;1.0;True;3
78;97;141;78;0;1.0;True;4
78;97;294;78;0;1.0;True;5
78;97;194;78;0;1.0;True;6
78;97;95;78;0;1.0;True;7
78;97;171;78;0;1.0;True;8
78;97;101;78;0;1.0;True;9
34;98;119;34;0;1.0;True;0
34;98;121;34;0;1.0;True;1
34;98;124;34;0;1.0;True;2
34;98;107;34;0;1.0;True;3
34;98;134;34;0;1.0;True;4
34;98;123;34;0;1.0;True;5
34;98;116;34;0;1.0;True;6
34;98;120;34;0;1.0;True;7
34;98;117;34;0;1.0;True;8
34;98;113;34;0;1.0;True;9
7;99;94;7;0;1.0;True;0
7;99;88;7;0;1.0;True;1
7;99;88;7;0;1.0;True;2
7;99;89;7;0;1.0;True;3
7;99;92;7;0;1.0;True;4
7;99;89;7;0;1.0;True;5
7;99;86;7;0;1.0;True;6
7;99;89;7;0;1.0;True;7
7;99;84;7;0;1.0;True;8
7;99;89;7;0;1.0;True;9
24;100;84;24;0;1.0;True;0
24;100;827;24;0;1.0;True;1
24;100;409;24;0;1.0;True;2
24;100;93;24;0;1.0;True;3
24;100;79;24;0;1.0;True;4
24;100;68;24;0;1.0;True;5
24;100;81;24;0;1.0;True;6
24;100;85;24;0;1.0;True;7
24;100;58;24;0;1.0;True;8
24;100;114;24;0;1.0;True;9
34;101;118;34;0;1.0;True;0
34;101;104;34;0;1.0;True;1
34;101;208;34;0;1.0;True;2
34;101;122;34;0;1.0;True;3
34;101;113;34;0;1.0;True;4
34;101;110;34;0;1.0;True;5
34;101;137;34;0;1.0;True;6
34;101;122;34;0;1.0;True;7
34;101;113;34;0;1.0;True;8
34;101;51;34;0;1.0;True;9
10;102;128;10;0;1.0;True;0
10;102;145;10;0;1.0;True;1
10;102;384;10;0;1.0;True;2
10;102;125;10;0;1.0;True;3
10;102;158;10;0;1.0;True;4
10;102;128;10;0;1.0;True;5
10;102;123;10;0;1.0;True;6
10;102;84;10;0;1.0;True;7
10;102;83;10;0;1.0;True;8
10;102;257;10;0;1.0;True;9
14;103;96;14;0;1.0;True;0
14;103;106;14;0;1.0;True;1
14;103;110;14;0;1.0;True;2
14;103;120;14;0;1.0;True;3
14;103;111;14;0;1.0;True;4
14;103;92;14;0;1.0;True;5
14;103;111;14;0;1.0;True;6
14;103;99;14;0;1.0;True;7
14;103;111;14;0;1.0;True;8
14;103;124;14;0;1.0;True;9
10;104;218;10;0;1.0;True;0
10;104;256;10;0;1.0;True;1
10;104;401;10;0;1.0;True;2
10;104;143;10;0;1.0;True;3
10;104;194;10;0;1.0;True;4
10;104;149;10;0;1.0;True;5
10;104;209;10;0;1.0;True;6
10;104;389;10;0;1.0;True;7
10;104;356;10;0;1.0;True;8
10;104;171;10;0;1.0;True;9
15;105;128;15;0;1.0;True;0
15;105;116;15;0;1.0;True;1
15;105;133;15;0;1.0;True;2
15;105;132;15;0;1.0;True;3
15;105;135;15;0;1.0;True;4
15;105;128;15;0;1.0;True;5
15;105;144;15;0;1.0;True;6
15;105;130;15;0;1.0;True;7
15;105;143;15;0;1.0;True;8
15;105;130;15;0;1.0;True;9
621;106;290;621;0;0.2;True;0
27;106;636;621;0;0.8;False;1
27;106;53;621;0;0.8;False;2
27;106;63;621;0;0.8;False;3
27;106;215;621;0;0.8;False;4
27;106;439;621;0;0.8;False;5
27;106;103;621;0;0.8;False;6
27;106;101;621;0;0.8;False;7
27;106;51;621;0;0.8;False;8
621;106;385;621;0;0.2;True;9
1;107;78;1;0;1.0;True;0
1;107;85;1;0;1.0;True;1
1;107;79;1;0;1.0;True;2
1;107;72;1;0;1.0;True;3
1;107;65;1;0;1.0;True;4
1;107;55;1;0;1.0;True;5
1;107;77;1;0;1.0;True;6
1;107;55;1;0;1.0;True;7
1;107;55;1;0;1.0;True;8
1;107;75;1;0;1.0;True;9
2;108;73;2;0;1.0;True;0
2;108;87;2;0;1.0;True;1
2;108;90;2;0;1.0;True;2
2;108;95;2;0;1.0;True;3
2;108;105;2;0;1.0;True;4
2;108;94;2;0;1.0;True;5
2;108;90;2;0;1.0;True;6
2;108;105;2;0;1.0;True;7
2;108;101;2;0;1.0;True;8
2;108;101;2;0;1.0;True;9
14;109;146;14;0;1.0;True;0
14;109;162;14;0;1.0;True;1
14;109;146;14;0;1.0;True;2
14;109;102;14;0;1.0;True;3
14;109;155;14;0;1.0;True;4
14;109;103;14;0;1.0;True;5
14;109;115;14;0;1.0;True;6
14;109;154;14;0;1.0;True;7
14;109;151;14;0;1.0;True;8
14;109;122;14;0;1.0;True;9
8;110;304;8;0;1.0;True;0
8;110;225;8;0;1.0;True;1
8;110;57;8;0;1.0;True;2
8;110;57;8;0;1.0;True;3
8;110;242;8;0;1.0;True;4
8;110;120;8;0;1.0;True;5
8;110;123;8;0;1.0;True;6
8;110;216;8;0;1.0;True;7
8;110;78;8;0;1.0;True;8
8;110;141;8;0;1.0;True;9
2;111;82;2;0;1.0;True;0
2;111;89;2;0;1.0;True;1
2;111;83;2;0;1.0;True;2
2;111;83;2;0;1.0;True;3
2;111;102;2;0;1.0;True;4
2;111;90;2;0;1.0;True;5
2;111;83;2;0;1.0;True;6
2;111;84;2;0;1.0;True;7
2;111;75;2;0;1.0;True;8
2;111;85;2;0;1.0;True;9
14;112;118;14;0;1.0;True;0
14;112;120;14;0;1.0;True;1
14;112;84;14;0;1.0;True;2
14;112;110;14;0;1.0;True;3
14;112;112;14;0;1.0;True;4
14;112;120;14;0;1.0;True;5
14;112;95;14;0;1.0;True;6
14;112;97;14;0;1.0;True;7
14;112;98;14;0;1.0;True;8
14;112;109;14;0;1.0;True;9
89;113;133;89;0;1.0;True;0
89;113;120;89;0;1.0;True;1
89;113;123;89;0;1.0;True;2
89;113;119;89;0;1.0;True;3
89;113;118;89;0;1.0;True;4
89;113;122;89;0;1.0;True;5
89;113;118;89;0;1.0;True;6
89;113;115;89;0;1.0;True;7
89;113;110;89;0;1.0;True;8
89;113;114;89;0;1.0;True;9
20;114;102;20;0;1.0;True;0
20;114;109;20;0;1.0;True;1
20;114;112;20;0;1.0;True;2
20;114;106;20;0;1.0;True;3
20;114;173;20;0;1.0;True;4
20;114;111;20;0;1.0;True;5
20;114;126;20;0;1.0;True;6
20;114;140;20;0;1.0;True;7
20;114;114;20;0;1.0;True;8
20;114;106;20;0;1.0;True;9
7;115;107;7;0;1.0;True;0
7;115;125;7;0;1.0;True;1
7;115;138;7;0;1.0;True;2
7;115;180;7;0;1.0;True;3
7;115;115;7;0;1.0;True;4
7;115;129;7;0;1.0;True;5
7;115;140;7;0;1.0;True;6
7;115;184;7;0;1.0;True;7
7;115;264;7;0;1.0;True;8
7;115;128;7;0;1.0;True;9
1;116;74;1;0;1.0;True;0
1;116;97;1;0;1.0;True;1
1;116;93;1;0;1.0;True;2
1;116;97;1;0;1.0;True;3
1;116;86;1;0;1.0;True;4
1;116;90;1;0;1.0;True;5
1;116;97;1;0;1.0;True;6
1;116;99;1;0;1.0;True;7
1;116;97;1;0;1.0;True;8
1;116;104;1;0;1.0;True;9
16;117;124;16;0;1.0;True;0
16;117;131;16;0;1.0;True;1
16;117;120;16;0;1.0;True;2
16;117;124;16;0;1.0;True;3
16;117;127;16;0;1.0;True;4
16;117;130;16;0;1.0;True;5
16;117;127;16;0;1.0;True;6
16;117;128;16;0;1.0;True;7
16;117;132;16;0;1.0;True;8
16;117;123;16;0;1.0;True;9
21;118;113;21;0;1.0;True;0
21;118;99;21;0;1.0;True;1
21;118;94;21;0;1.0;True;2
21;118;103;21;0;1.0;True;3
21;118;97;21;0;1.0;True;4
21;118;96;21;0;1.0;True;5
21;118;102;21;0;1.0;True;6
21;118;99;21;0;1.0;True;7
21;118;104;21;0;1.0;True;8
21;118;108;21;0;1.0;True;9
3;119;201;3;0;1.0;True;0
3;119;187;3;0;1.0;True;1
3;119;152;3;0;1.0;True;2
3;119;199;3;0;1.0;True;3
3;119;196;3;0;1.0;True;4
3;119;184;3;0;1.0;True;5
3;119;109;3;0;1.0;True;6
3;119;177;3;0;1.0;True;7
3;119;199;3;0;1.0;True;8
3;119;198;3;0;1.0;True;9
5;120;96;5;0;1.0;True;0
5;120;116;5;0;1.0;True;1
5;120;107;5;0;1.0;True;2
5;120;100;5;0;1.0;True;3
5;120;100;5;0;1.0;True;4
5;120;97;5;0;1.0;True;5
5;120;102;5;0;1.0;True;6
5;120;106;5;0;1.0;True;7
5;120;102;5;0;1.0;True;8
5;120;99;5;0;1.0;True;9
9;121;43;9;0;1.0;True;0
9;121;73;9;0;1.0;True;1
9;121;37;9;0;1.0;True;2
9;121;95;9;0;1.0;True;3
9;121;71;9;0;1.0;True;4
9;121;65;9;0;1.0;True;5
9;121;112;9;0;1.0;True;6
9;121;104;9;0;1.0;True;7
9;121;102;9;0;1.0;True;8
9;121;85;9;0;1.0;True;9
76;122;96;76;0;1.0;True;0
76;122;206;76;0;1.0;True;1
76;122;94;76;0;1.0;True;2
76;122;167;76;0;1.0;True;3
76;122;206;76;0;1.0;True;4
76;122;97;76;0;1.0;True;5
76;122;199;76;0;1.0;True;6
76;122;157;76;0;1.0;True;7
76;122;94;76;0;1.0;True;8
76;122;77;76;0;1.0;True;9
28;123;96;28;0;1.0;True;0
28;123;61;28;0;1.0;True;1
28;123;124;28;0;1.0;True;2
28;123;133;28;0;1.0;True;3
28;123;127;28;0;1.0;True;4
28;123;69;28;0;1.0;True;5
28;123;88;28;0;1.0;True;6
28;123;100;28;0;1.0;True;7
28;123;141;28;0;1.0;True;8
28;123;126;28;0;1.0;True;9
30;124;107;30;0;1.0;True;0
30;124;93;30;0;1.0;True;1
30;124;110;30;0;1.0;True;2
30;124;91;30;0;1.0;True;3
30;124;84;30;0;1.0;True;4
30;124;97;30;0;1.0;True;5
30;124;84;30;0;1.0;True;6
30;124;92;30;0;1.0;True;7
30;124;101;30;0;1.0;True;8
30;124;107;30;0;1.0;True;9
19;125;102;19;0;1.0;True;0
19;125;100;19;0;1.0;True;1
19;125;102;19;0;1.0;True;2
19;125;102;19;0;1.0;True;3
19;125;103;19;0;1.0;True;4
19;125;101;19;0;1.0;True;5
19;125;102;19;0;1.0;True;6
19;125;102;19;0;1.0;True;7
19;125;117;19;0;1.0;True;8
19;125;103;19;0;1.0;True;9
2;126;116;2;0;1.0;True;0
2;126;107;2;0;1.0;True;1
2;126;87;2;0;1.0;True;2
2;126;112;2;0;1.0;True;3
2;126;128;2;0;1.0;True;4
2;126;88;2;0;1.0;True;5
2;126;82;2;0;1.0;True;6
2;126;79;2;0;1.0;True;7
2;126;135;2;0;1.0;True;8
2;126;95;2;0;1.0;True;9
22;127;97;22;0;1.0;True;0
22;127;130;22;0;1.0;True;1
22;127;103;22;0;1.0;True;2
22;127;109;22;0;1.0;True;3
22;127;108;22;0;1.0;True;4
22;127;96;22;0;1.0;True;5
22;127;108;22;0;1.0;True;6
22;127;108;22;0;1.0;True;7
22;127;131;22;0;1.0;True;8
22;127;99;22;0;1.0;True;9
7;128;136;7;0;1.0;True;0
7;128;136;7;0;1.0;True;1
7;128;179;7;0;1.0;True;2
7;128;167;7;0;1.0;True;3
7;128;171;7;0;1.0;True;4
7;128;164;7;0;1.0;True;5
7;128;140;7;0;1.0;True;6
7;128;121;7;0;1.0;True;7
7;128;145;7;0;1.0;True;8
7;128;155;7;0;1.0;True;9
42;129;285;42;0;1.0;True;0
42;129;328;42;0;1.0;True;1
42;129;368;42;0;1.0;True;2
42;129;179;42;0;1.0;True;3
42;129;291;42;0;1.0;True;4
42;129;141;42;0;1.0;True;5
42;129;236;42;0;1.0;True;6
42;129;318;42;0;1.0;True;7
42;129;133;42;0;1.0;True;8
42;129;323;42;0;1.0;True;9
14;130;87;14;0;1.0;True;0
14;130;105;14;0;1.0;True;1
14;130;94;14;0;1.0;True;2
14;130;73;14;0;1.0;True;3
14;130;82;14;0;1.0;True;4
14;130;93;14;0;1.0;True;5
14;130;90;14;0;1.0;True;6
14;130;95;14;0;1.0;True;7
14;130;80;14;0;1.0;True;8
14;130;75;14;0;1.0;True;9
24;131;271;24;0;1.0;True;0
24;131;89;24;0;1.0;True;1
24;131;221;24;0;1.0;True;2
24;131;185;24;0;1.0;True;3
24;131;234;24;0;1.0;True;4
24;131;533;24;0;1.0;True;5
24;131;210;24;0;1.0;True;6
24;131;244;24;0;1.0;True;7
24;131;215;24;0;1.0;True;8
24;131;222;24;0;1.0;True;9
8;132;61;8;0;1.0;True;0
8;132;84;8;0;1.0;True;1
8;132;541;8;0;1.0;True;2
8;132;614;8;0;1.0;True;3
8;132;641;8;0;1.0;True;4
8;132;290;8;0;1.0;True;5
8;132;669;8;0;1.0;True;6
8;132;488;8;0;1.0;True;7
8;132;59;8;0;1.0;True;8
8;132;80;8;0;1.0;True;9
27;133;1033;27;0;1.0;True;0
27;133;1255;27;0;1.0;True;1
27;133;994;27;0;1.0;True;2
27;133;1223;27;0;1.0;True;3
27;133;1294;27;0;1.0;True;4
27;133;777;27;0;1.0;True;5
27;133;1123;27;0;1.0;True;6
27;133;998;27;0;1.0;True;7
27;133;1750;27;0;1.0;True;8
27;133;1259;27;0;1.0;True;9
31;134;102;31;0;1.0;True;0
31;134;103;31;0;1.0;True;1
31;134;102;31;0;1.0;True;2
31;134;109;31;0;1.0;True;3
31;134;102;31;0;1.0;True;4
31;134;109;31;0;1.0;True;5
31;134;102;31;0;1.0;True;6
31;134;103;31;0;1.0;True;7
31;134;103;31;0;1.0;True;8
31;134;103;31;0;1.0;True;9
2;135;85;2;0;1.0;True;0
2;135;81;2;0;1.0;True;1
2;135;74;2;0;1.0;True;2
2;135;76;2;0;1.0;True;3
2;135;85;2;0;1.0;True;4
2;135;79;2;0;1.0;True;5
2;135;85;2;0;1.0;True;6
2;135;73;2;0;1.0;True;7
2;135;75;2;0;1.0;True;8
2;135;87;2;0;1.0;True;9
21;136;100;21;0;1.0;True;0
21;136;104;21;0;1.0;True;1
21;136;103;21;0;1.0;True;2
21;136;100;21;0;1.0;True;3
21;136;93;21;0;1.0;True;4
21;136;85;21;0;1.0;True;5
21;136;95;21;0;1.0;True;6
21;136;100;21;0;1.0;True;7
21;136;95;21;0;1.0;True;8
21;136;102;21;0;1.0;True;9
4;137;82;4;0;1.0;True;0
4;137;99;4;0;1.0;True;1
4;137;104;4;0;1.0;True;2
4;137;99;4;0;1.0;True;3
4;137;92;4;0;1.0;True;4
4;137;82;4;0;1.0;True;5
4;137;101;4;0;1.0;True;6
4;137;99;4;0;1.0;True;7
4;137;105;4;0;1.0;True;8
4;137;101;4;0;1.0;True;9
8;138;121;80;0;0.9;False;0
8;138;250;80;0;0.9;False;1
8;138;671;80;0;0.9;False;2
8;138;818;80;0;0.9;False;3
8;138;261;80;0;0.9;False;4
8;138;197;80;0;0.9;False;5
8;138;401;80;0;0.9;False;6
8;138;142;80;0;0.9;False;7
8;138;185;80;0;0.9;False;8
1;138;664;80;0;0.1;False;9
3;139;112;3;0;1.0;True;0
3;139;110;3;0;1.0;True;1
3;139;128;3;0;1.0;True;2
3;139;97;3;0;1.0;True;3
3;139;145;3;0;1.0;True;4
3;139;106;3;0;1.0;True;5
3;139;159;3;0;1.0;True;6
3;139;132;3;0;1.0;True;7
3;139;128;3;0;1.0;True;8
3;139;158;3;0;1.0;True;9
2;140;106;2;0;1.0;True;0
2;140;77;2;0;1.0;True;1
2;140;79;2;0;1.0;True;2
2;140;75;2;0;1.0;True;3
2;140;75;2;0;1.0;True;4
2;140;102;2;0;1.0;True;5
2;140;111;2;0;1.0;True;6
2;140;81;2;0;1.0;True;7
2;140;100;2;0;1.0;True;8
2;140;102;2;0;1.0;True;9
7;141;133;7;0;1.0;True;0
7;141;84;7;0;1.0;True;1
7;141;132;7;0;1.0;True;2
7;141;77;7;0;1.0;True;3
7;141;84;7;0;1.0;True;4
7;141;138;7;0;1.0;True;5
7;141;69;7;0;1.0;True;6
7;141;82;7;0;1.0;True;7
7;141;110;7;0;1.0;True;8
7;141;136;7;0;1.0;True;9
1;142;215;1;0;1.0;True;0
1;142;249;1;0;1.0;True;1
1;142;254;1;0;1.0;True;2
1;142;292;1;0;1.0;True;3
1;142;234;1;0;1.0;True;4
1;142;190;1;0;1.0;True;5
1;142;297;1;0;1.0;True;6
1;142;188;1;0;1.0;True;7
1;142;198;1;0;1.0;True;8
1;142;313;1;0;1.0;True;9
4;143;244;4;0;1.0;True;0
4;143;77;4;0;1.0;True;1
4;143;70;4;0;1.0;True;2
4;143;266;4;0;1.0;True;3
4;143;70;4;0;1.0;True;4
4;143;414;4;0;1.0;True;5
4;143;246;4;0;1.0;True;6
4;143;70;4;0;1.0;True;7
4;143;267;4;0;1.0;True;8
4;143;134;4;0;1.0;True;9
4;144;126;4;0;1.0;True;0
4;144;125;4;0;1.0;True;1
4;144;98;4;0;1.0;True;2
4;144;124;4;0;1.0;True;3
4;144;124;4;0;1.0;True;4
4;144;112;4;0;1.0;True;5
4;144;124;4;0;1.0;True;6
4;144;112;4;0;1.0;True;7
4;144;114;4;0;1.0;True;8
4;144;102;4;0;1.0;True;9
32;145;97;32;0;1.0;True;0
32;145;87;32;0;1.0;True;1
32;145;73;32;0;1.0;True;2
32;145;74;32;0;1.0;True;3
32;145;57;32;0;1.0;True;4
32;145;71;32;0;1.0;True;5
32;145;75;32;0;1.0;True;6
32;145;89;32;0;1.0;True;7
32;145;76;32;0;1.0;True;8
32;145;88;32;0;1.0;True;9
60;146;83;60;0;1.0;True;0
60;146;87;60;0;1.0;True;1
60;146;85;60;0;1.0;True;2
60;146;70;60;0;1.0;True;3
60;146;96;60;0;1.0;True;4
60;146;81;60;0;1.0;True;5
60;146;90;60;0;1.0;True;6
60;146;85;60;0;1.0;True;7
60;146;86;60;0;1.0;True;8
60;146;84;60;0;1.0;True;9
9;147;83;9;0;1.0;True;0
9;147;90;9;0;1.0;True;1
9;147;85;9;0;1.0;True;2
9;147;103;9;0;1.0;True;3
9;147;88;9;0;1.0;True;4
9;147;84;9;0;1.0;True;5
9;147;71;9;0;1.0;True;6
9;147;81;9;0;1.0;True;7
9;147;93;9;0;1.0;True;8
9;147;87;9;0;1.0;True;9
89;148;95;89;0;1.0;True;0
89;148;109;89;0;1.0;True;1
89;148;70;89;0;1.0;True;2
89;148;110;89;0;1.0;True;3
89;148;110;89;0;1.0;True;4
89;148;109;89;0;1.0;True;5
89;148;107;89;0;1.0;True;6
89;148;106;89;0;1.0;True;7
89;148;108;89;0;1.0;True;8
89;148;91;89;0;1.0;True;9
105;149;110;105;0;1.0;True;0
105;149;117;105;0;1.0;True;1
105;149;101;105;0;1.0;True;2
105;149;103;105;0;1.0;True;3
105;149;65;105;0;1.0;True;4
105;149;105;105;0;1.0;True;5
105;149;106;105;0;1.0;True;6
105;149;88;105;0;1.0;True;7
105;149;121;105;0;1.0;True;8
105;149;65;105;0;1.0;True;9
17;150;115;17;0;1.0;True;0
17;150;130;17;0;1.0;True;1
17;150;127;17;0;1.0;True;2
17;150;530;17;0;1.0;True;3
17;150;324;17;0;1.0;True;4
17;150;130;17;0;1.0;True;5
17;150;134;17;0;1.0;True;6
17;150;134;17;0;1.0;True;7
17;150;128;17;0;1.0;True;8
17;150;140;17;0;1.0;True;9
5;151;118;5;0;1.0;True;0
5;151;123;5;0;1.0;True;1
5;151;135;5;0;1.0;True;2
5;151;134;5;0;1.0;True;3
5;151;148;5;0;1.0;True;4
5;151;124;5;0;1.0;True;5
5;151;122;5;0;1.0;True;6
5;151;174;5;0;1.0;True;7
5;151;158;5;0;1.0;True;8
5;151;122;5;0;1.0;True;9
3;152;146;3;0;1.0;True;0
3;152;131;3;0;1.0;True;1
3;152;132;3;0;1.0;True;2
3;152;151;3;0;1.0;True;3
3;152;128;3;0;1.0;True;4
3;152;135;3;0;1.0;True;5
3;152;128;3;0;1.0;True;6
3;152;141;3;0;1.0;True;7
3;152;142;3;0;1.0;True;8
3;152;143;3;0;1.0;True;9
1;153;93;1;0;1.0;True;0
1;153;113;1;0;1.0;True;1
1;153;92;1;0;1.0;True;2
1;153;92;1;0;1.0;True;3
1;153;91;1;0;1.0;True;4
1;153;111;1;0;1.0;True;5
1;153;92;1;0;1.0;True;6
1;153;122;1;0;1.0;True;7
1;153;92;1;0;1.0;True;8
1;153;92;1;0;1.0;True;9
26;154;129;26;0;1.0;True;0
26;154;106;26;0;1.0;True;1
26;154;119;26;0;1.0;True;2
26;154;111;26;0;1.0;True;3
26;154;100;26;0;1.0;True;4
26;154;116;26;0;1.0;True;5
26;154;151;26;0;1.0;True;6
26;154;133;26;0;1.0;True;7
26;154;125;26;0;1.0;True;8
26;154;105;26;0;1.0;True;9
16;155;83;16;0;1.0;True;0
16;155;91;16;0;1.0;True;1
16;155;113;16;0;1.0;True;2
16;155;83;16;0;1.0;True;3
16;155;115;16;0;1.0;True;4
16;155;91;16;0;1.0;True;5
16;155;83;16;0;1.0;True;6
16;155;111;16;0;1.0;True;7
16;155;111;16;0;1.0;True;8
16;155;81;16;0;1.0;True;9
28;156;307;28;0;0.9;True;0
28;156;133;28;0;0.9;True;1
115;156;112;28;0;0.1;False;2
28;156;425;28;0;0.9;True;3
28;156;733;28;0;0.9;True;4
28;156;211;28;0;0.9;True;5
28;156;533;28;0;0.9;True;6
28;156;293;28;0;0.9;True;7
28;156;175;28;0;0.9;True;8
28;156;572;28;0;0.9;True;9
14;157;204;14;0;1.0;True;0
14;157;115;14;0;1.0;True;1
14;157;87;14;0;1.0;True;2
14;157;105;14;0;1.0;True;3
14;157;127;14;0;1.0;True;4
14;157;102;14;0;1.0;True;5
14;157;108;14;0;1.0;True;6
14;157;102;14;0;1.0;True;7
14;157;92;14;0;1.0;True;8
14;157;182;14;0;1.0;True;9
4;158;84;4;0;1.0;True;0
4;158;96;4;0;1.0;True;1
4;158;84;4;0;1.0;True;2
4;158;93;4;0;1.0;True;3
4;158;96;4;0;1.0;True;4
4;158;86;4;0;1.0;True;5
4;158;85;4;0;1.0;True;6
4;158;84;4;0;1.0;True;7
4;158;90;4;0;1.0;True;8
4;158;79;4;0;1.0;True;9
20;159;80;20;0;1.0;True;0
20;159;73;20;0;1.0;True;1
20;159;110;20;0;1.0;True;2
20;159;105;20;0;1.0;True;3
20;159;90;20;0;1.0;True;4
20;159;73;20;0;1.0;True;5
20;159;108;20;0;1.0;True;6
20;159;73;20;0;1.0;True;7
20;159;74;20;0;1.0;True;8
20;159;106;20;0;1.0;True;9
82;160;68;82;0;1.0;True;0
82;160;119;82;0;1.0;True;1
82;160;130;82;0;1.0;True;2
82;160;67;82;0;1.0;True;3
82;160;79;82;0;1.0;True;4
82;160;67;82;0;1.0;True;5
82;160;134;82;0;1.0;True;6
82;160;49;82;0;1.0;True;7
82;160;79;82;0;1.0;True;8
82;160;65;82;0;1.0;True;9
21;161;159;21;0;1.0;True;0
21;161;158;21;0;1.0;True;1
21;161;159;21;0;1.0;True;2
21;161;158;21;0;1.0;True;3
21;161;158;21;0;1.0;True;4
21;161;174;21;0;1.0;True;5
21;161;158;21;0;1.0;True;6
21;161;154;21;0;1.0;True;7
21;161;172;21;0;1.0;True;8
21;161;158;21;0;1.0;True;9
53;162;130;53;0;1.0;True;0
53;162;203;53;0;1.0;True;1
53;162;189;53;0;1.0;True;2
53;162;167;53;0;1.0;True;3
53;162;160;53;0;1.0;True;4
53;162;181;53;0;1.0;True;5
53;162;176;53;0;1.0;True;6
53;162;157;53;0;1.0;True;7
53;162;196;53;0;1.0;True;8
53;162;183;53;0;1.0;True;9
13;163;951;13;0;1.0;True;0
13;163;903;13;0;1.0;True;1
13;163;667;13;0;1.0;True;2
13;163;689;13;0;1.0;True;3
13;163;63;13;0;1.0;True;4
13;163;912;13;0;1.0;True;5
13;163;489;13;0;1.0;True;6
13;163;703;13;0;1.0;True;7
13;163;1161;13;0;1.0;True;8
13;163;865;13;0;1.0;True;9
2;164;149;2;0;1.0;True;0
2;164;189;2;0;1.0;True;1
2;164;101;2;0;1.0;True;2
2;164;159;2;0;1.0;True;3
2;164;186;2;0;1.0;True;4
2;164;128;2;0;1.0;True;5
2;164;151;2;0;1.0;True;6
2;164;190;2;0;1.0;True;7
2;164;155;2;0;1.0;True;8
2;164;188;2;0;1.0;True;9
14;165;116;14;0;1.0;True;0
14;165;112;14;0;1.0;True;1
14;165;139;14;0;1.0;True;2
14;165;120;14;0;1.0;True;3
14;165;104;14;0;1.0;True;4
14;165;102;14;0;1.0;True;5
14;165;102;14;0;1.0;True;6
14;165;88;14;0;1.0;True;7
14;165;98;14;0;1.0;True;8
14;165;97;14;0;1.0;True;9
4;166;162;4;0;1.0;True;0
4;166;89;4;0;1.0;True;1
4;166;207;4;0;1.0;True;2
4;166;201;4;0;1.0;True;3
4;166;167;4;0;1.0;True;4
4;166;195;4;0;1.0;True;5
4;166;128;4;0;1.0;True;6
4;166;123;4;0;1.0;True;7
4;166;190;4;0;1.0;True;8
4;166;119;4;0;1.0;True;9
2;167;127;2;0;1.0;True;0
2;167;161;2;0;1.0;True;1
2;167;142;2;0;1.0;True;2
2;167;153;2;0;1.0;True;3
2;167;125;2;0;1.0;True;4
2;167;124;2;0;1.0;True;5
2;167;181;2;0;1.0;True;6
2;167;156;2;0;1.0;True;7
2;167;118;2;0;1.0;True;8
2;167;134;2;0;1.0;True;9
3;168;109;3;0;1.0;True;0
3;168;128;3;0;1.0;True;1
3;168;85;3;0;1.0;True;2
3;168;127;3;0;1.0;True;3
3;168;138;3;0;1.0;True;4
3;168;100;3;0;1.0;True;5
3;168;111;3;0;1.0;True;6
3;168;83;3;0;1.0;True;7
3;168;103;3;0;1.0;True;8
3;168;111;3;0;1.0;True;9
22;169;96;22;0;1.0;True;0
22;169;93;22;0;1.0;True;1
22;169;87;22;0;1.0;True;2
22;169;72;22;0;1.0;True;3
22;169;86;22;0;1.0;True;4
22;169;96;22;0;1.0;True;5
22;169;75;22;0;1.0;True;6
22;169;95;22;0;1.0;True;7
22;169;86;22;0;1.0;True;8
22;169;96;22;0;1.0;True;9
276;170;327;276;0;1.0;True;0
276;170;345;276;0;1.0;True;1
276;170;380;276;0;1.0;True;2
276;170;62;276;0;1.0;True;3
276;170;300;276;0;1.0;True;4
276;170;63;276;0;1.0;True;5
276;170;123;276;0;1.0;True;6
276;170;304;276;0;1.0;True;7
276;170;331;276;0;1.0;True;8
276;170;353;276;0;1.0;True;9
25;171;151;25;0;1.0;True;0
25;171;173;25;0;1.0;True;1
25;171;60;25;0;1.0;True;2
25;171;157;25;0;1.0;True;3
25;171;102;25;0;1.0;True;4
25;171;197;25;0;1.0;True;5
25;171;102;25;0;1.0;True;6
25;171;195;25;0;1.0;True;7
25;171;97;25;0;1.0;True;8
25;171;104;25;0;1.0;True;9
5;172;130;5;0;1.0;True;0
5;172;160;5;0;1.0;True;1
5;172;159;5;0;1.0;True;2
5;172;169;5;0;1.0;True;3
5;172;156;5;0;1.0;True;4
5;172;146;5;0;1.0;True;5
5;172;120;5;0;1.0;True;6
5;172;190;5;0;1.0;True;7
5;172;154;5;0;1.0;True;8
5;172;186;5;0;1.0;True;9
65;173;186;65;0;1.0;True;0
65;173;185;65;0;1.0;True;1
65;173;366;65;0;1.0;True;2
65;173;189;65;0;1.0;True;3
65;173;256;65;0;1.0;True;4
65;173;165;65;0;1.0;True;5
65;173;133;65;0;1.0;True;6
65;173;181;65;0;1.0;True;7
65;173;62;65;0;1.0;True;8
65;173;157;65;0;1.0;True;9
14;174;89;14;0;1.0;True;0
14;174;119;14;0;1.0;True;1
14;174;119;14;0;1.0;True;2
14;174;144;14;0;1.0;True;3
14;174;91;14;0;1.0;True;4
14;174;141;14;0;1.0;True;5
14;174;192;14;0;1.0;True;6
14;174;133;14;0;1.0;True;7
14;174;118;14;0;1.0;True;8
14;174;138;14;0;1.0;True;9
14;175;78;14;0;1.0;True;0
14;175;78;14;0;1.0;True;1
14;175;81;14;0;1.0;True;2
14;175;65;14;0;1.0;True;3
14;175;81;14;0;1.0;True;4
14;175;88;14;0;1.0;True;5
14;175;78;14;0;1.0;True;6
14;175;84;14;0;1.0;True;7
14;175;82;14;0;1.0;True;8
14;175;78;14;0;1.0;True;9
20;176;134;20;0;1.0;True;0
20;176;115;20;0;1.0;True;1
20;176;128;20;0;1.0;True;2
20;176;155;20;0;1.0;True;3
20;176;102;20;0;1.0;True;4
20;176;113;20;0;1.0;True;5
20;176;104;20;0;1.0;True;6
20;176;107;20;0;1.0;True;7
20;176;126;20;0;1.0;True;8
20;176;134;20;0;1.0;True;9
7;177;85;7;0;1.0;True;0
7;177;105;7;0;1.0;True;1
7;177;100;7;0;1.0;True;2
7;177;154;7;0;1.0;True;3
7;177;123;7;0;1.0;True;4
7;177;88;7;0;1.0;True;5
7;177;120;7;0;1.0;True;6
7;177;108;7;0;1.0;True;7
7;177;98;7;0;1.0;True;8
7;177;129;7;0;1.0;True;9
2;178;89;2;0;1.0;True;0
2;178;95;2;0;1.0;True;1
2;178;100;2;0;1.0;True;2
2;178;87;2;0;1.0;True;3
2;178;83;2;0;1.0;True;4
2;178;88;2;0;1.0;True;5
2;178;89;2;0;1.0;True;6
2;178;100;2;0;1.0;True;7
2;178;86;2;0;1.0;True;8
2;178;131;2;0;1.0;True;9
626;179;143;626;0;1.0;True;0
626;179;146;626;0;1.0;True;1
626;179;120;626;0;1.0;True;2
626;179;138;626;0;1.0;True;3
626;179;114;626;0;1.0;True;4
626;179;170;626;0;1.0;True;5
626;179;133;626;0;1.0;True;6
626;179;172;626;0;1.0;True;7
626;179;86;626;0;1.0;True;8
626;179;120;626;0;1.0;True;9
1;180;92;1;0;1.0;True;0
1;180;95;1;0;1.0;True;1
1;180;89;1;0;1.0;True;2
1;180;93;1;0;1.0;True;3
1;180;82;1;0;1.0;True;4
1;180;115;1;0;1.0;True;5
1;180;85;1;0;1.0;True;6
1;180;86;1;0;1.0;True;7
1;180;84;1;0;1.0;True;8
1;180;92;1;0;1.0;True;9
2184;181;110;2184;0;1.0;True;0
2184;181;240;2184;0;1.0;True;1
2184;181;298;2184;0;1.0;True;2
2184;181;215;2184;0;1.0;True;3
2184;181;99;2184;0;1.0;True;4
2184;181;244;2184;0;1.0;True;5
2184;181;235;2184;0;1.0;True;6
2184;181;97;2184;0;1.0;True;7
2184;181;208;2184;0;1.0;True;8
2184;181;165;2184;0;1.0;True;9
4;182;63;4;0;1.0;True;0
4;182;75;4;0;1.0;True;1
4;182;75;4;0;1.0;True;2
4;182;92;4;0;1.0;True;3
4;182;117;4;0;1.0;True;4
4;182;113;4;0;1.0;True;5
4;182;161;4;0;1.0;True;6
4;182;110;4;0;1.0;True;7
4;182;161;4;0;1.0;True;8
4;182;398;4;0;1.0;True;9
5;183;391;5;0;0.8;True;0
9;183;205;5;0;0.2;False;1
5;183;409;5;0;0.8;True;2
9;183;494;5;0;0.2;False;3
5;183;516;5;0;0.8;True;4
5;183;519;5;0;0.8;True;5
5;183;140;5;0;0.8;True;6
5;183;195;5;0;0.8;True;7
5;183;161;5;0;0.8;True;8
5;183;522;5;0;0.8;True;9
26;184;159;26;0;1.0;True;0
26;184;155;26;0;1.0;True;1
26;184;142;26;0;1.0;True;2
26;184;121;26;0;1.0;True;3
26;184;153;26;0;1.0;True;4
26;184;157;26;0;1.0;True;5
26;184;125;26;0;1.0;True;6
26;184;146;26;0;1.0;True;7
26;184;158;26;0;1.0;True;8
26;184;159;26;0;1.0;True;9
1;185;462;1;0;1.0;True;0
1;185;688;1;0;1.0;True;1
1;185;716;1;0;1.0;True;2
1;185;741;1;0;1.0;True;3
1;185;820;1;0;1.0;True;4
1;185;576;1;0;1.0;True;5
1;185;314;1;0;1.0;True;6
1;185;615;1;0;1.0;True;7
1;185;631;1;0;1.0;True;8
1;185;591;1;0;1.0;True;9
23;186;253;23;0;1.0;True;0
23;186;125;23;0;1.0;True;1
23;186;151;23;0;1.0;True;2
23;186;223;23;0;1.0;True;3
23;186;352;23;0;1.0;True;4
23;186;146;23;0;1.0;True;5
23;186;182;23;0;1.0;True;6
23;186;129;23;0;1.0;True;7
23;186;199;23;0;1.0;True;8
23;186;164;23;0;1.0;True;9
11346;187;249;11346;0;1.0;True;0
11346;187;293;11346;0;1.0;True;1
11346;187;262;11346;0;1.0;True;2
11346;187;559;11346;0;1.0;True;3
11346;187;225;11346;0;1.0;True;4
11346;187;490;11346;0;1.0;True;5
11346;187;223;11346;0;1.0;True;6
11346;187;261;11346;0;1.0;True;7
11346;187;333;11346;0;1.0;True;8
11346;187;286;11346;0;1.0;True;9
9;188;114;9;0;1.0;True;0
9;188;150;9;0;1.0;True;1
9;188;137;9;0;1.0;True;2
9;188;117;9;0;1.0;True;3
9;188;152;9;0;1.0;True;4
9;188;127;9;0;1.0;True;5
9;188;118;9;0;1.0;True;6
9;188;130;9;0;1.0;True;7
9;188;131;9;0;1.0;True;8
9;188;131;9;0;1.0;True;9
152;189;358;152;0;1.0;True;0
152;189;301;152;0;1.0;True;1
152;189;171;152;0;1.0;True;2
152;189;277;152;0;1.0;True;3
152;189;100;152;0;1.0;True;4
152;189;325;152;0;1.0;True;5
152;189;251;152;0;1.0;True;6
152;189;320;152;0;1.0;True;7
152;189;186;152;0;1.0;True;8
152;189;287;152;0;1.0;True;9
14;190;128;14;0;1.0;True;0
14;190;128;14;0;1.0;True;1
14;190;115;14;0;1.0;True;2
14;190;125;14;0;1.0;True;3
14;190;129;14;0;1.0;True;4
14;190;127;14;0;1.0;True;5
14;190;128;14;0;1.0;True;6
14;190;131;14;0;1.0;True;7
14;190;131;14;0;1.0;True;8
14;190;126;14;0;1.0;True;9
488;191;391;488;0;1.0;True;0
488;191;281;488;0;1.0;True;1
488;191;327;488;0;1.0;True;2
488;191;369;488;0;1.0;True;3
488;191;450;488;0;1.0;True;4
488;191;704;488;0;1.0;True;5
488;191;559;488;0;1.0;True;6
488;191;219;488;0;1.0;True;7
488;191;416;488;0;1.0;True;8
488;191;258;488;0;1.0;True;9
13;192;116;13;0;1.0;True;0
13;192;72;13;0;1.0;True;1
13;192;131;13;0;1.0;True;2
13;192;134;13;0;1.0;True;3
13;192;154;13;0;1.0;True;4
13;192;89;13;0;1.0;True;5
13;192;127;13;0;1.0;True;6
13;192;134;13;0;1.0;True;7
13;192;142;13;0;1.0;True;8
13;192;134;13;0;1.0;True;9
12;193;134;12;0;1.0;True;0
12;193;113;12;0;1.0;True;1
12;193;179;12;0;1.0;True;2
12;193;414;12;0;1.0;True;3
12;193;197;12;0;1.0;True;4
12;193;117;12;0;1.0;True;5
12;193;117;12;0;1.0;True;6
12;193;128;12;0;1.0;True;7
12;193;218;12;0;1.0;True;8
12;193;113;12;0;1.0;True;9
102;194;124;102;0;1.0;True;0
102;194;76;102;0;1.0;True;1
102;194;543;102;0;1.0;True;2
102;194;363;102;0;1.0;True;3
102;194;126;102;0;1.0;True;4
102;194;121;102;0;1.0;True;5
102;194;85;102;0;1.0;True;6
102;194;127;102;0;1.0;True;7
102;194;123;102;0;1.0;True;8
102;194;115;102;0;1.0;True;9
62;195;145;62;0;1.0;True;0
62;195;169;62;0;1.0;True;1
62;195;113;62;0;1.0;True;2
62;195;68;62;0;1.0;True;3
62;195;127;62;0;1.0;True;4
62;195;102;62;0;1.0;True;5
62;195;152;62;0;1.0;True;6
62;195;135;62;0;1.0;True;7
62;195;148;62;0;1.0;True;8
62;195;155;62;0;1.0;True;9
3;196;107;3;0;1.0;True;0
3;196;102;3;0;1.0;True;1
3;196;110;3;0;1.0;True;2
3;196;103;3;0;1.0;True;3
3;196;81;3;0;1.0;True;4
3;196;100;3;0;1.0;True;5
3;196;99;3;0;1.0;True;6
3;196;96;3;0;1.0;True;7
3;196;136;3;0;1.0;True;8
3;196;80;3;0;1.0;True;9
57;197;84;57;0;1.0;True;0
57;197;151;57;0;1.0;True;1
57;197;132;57;0;1.0;True;2
57;197;85;57;0;1.0;True;3
57;197;96;57;0;1.0;True;4
57;197;82;57;0;1.0;True;5
57;197;85;57;0;1.0;True;6
57;197;119;57;0;1.0;True;7
57;197;69;57;0;1.0;True;8
57;197;84;57;0;1.0;True;9
350;198;163;350;0;1.0;True;0
350;198;183;350;0;1.0;True;1
350;198;258;350;0;1.0;True;2
350;198;171;350;0;1.0;True;3
350;198;197;350;0;1.0;True;4
350;198;170;350;0;1.0;True;5
350;198;176;350;0;1.0;True;6
350;198;153;350;0;1.0;True;7
350;198;240;350;0;1.0;True;8
350;198;180;350;0;1.0;True;9
1;199;78;1;0;1.0;True;0
1;199;90;1;0;1.0;True;1
1;199;73;1;0;1.0;True;2
1;199;78;1;0;1.0;True;3
1;199;98;1;0;1.0;True;4
1;199;81;1;0;1.0;True;5
1;199;90;1;0;1.0;True;6
1;199;92;1;0;1.0;True;7
1;199;87;1;0;1.0;True;8
1;199;111;1;0;1.0;True;9
39;200;166;39;0;1.0;True;0
39;200;140;39;0;1.0;True;1
39;200;112;39;0;1.0;True;2
39;200;127;39;0;1.0;True;3
39;200;184;39;0;1.0;True;4
39;200;171;39;0;1.0;True;5
39;200;167;39;0;1.0;True;6
39;200;166;39;0;1.0;True;7
39;200;185;39;0;1.0;True;8
39;200;183;39;0;1.0;True;9
8;201;170;8;0;1.0;True;0
8;201;193;8;0;1.0;True;1
8;201;128;8;0;1.0;True;2
8;201;119;8;0;1.0;True;3
8;201;209;8;0;1.0;True;4
8;201;137;8;0;1.0;True;5
8;201;129;8;0;1.0;True;6
8;201;135;8;0;1.0;True;7
8;201;124;8;0;1.0;True;8
8;201;168;8;0;1.0;True;9
469;202;154;469;0;1.0;True;0
469;202;141;469;0;1.0;True;1
469;202;114;469;0;1.0;True;2
469;202;156;469;0;1.0;True;3
469;202;117;469;0;1.0;True;4
469;202;159;469;0;1.0;True;5
469;202;113;469;0;1.0;True;6
469;202;159;469;0;1.0;True;7
469;202;117;469;0;1.0;True;8
469;202;184;469;0;1.0;True;9
8;203;117;8;0;1.0;True;0
8;203;83;8;0;1.0;True;1
8;203;89;8;0;1.0;True;2
8;203;114;8;0;1.0;True;3
8;203;80;8;0;1.0;True;4
8;203;108;8;0;1.0;True;5
8;203;94;8;0;1.0;True;6
8;203;95;8;0;1.0;True;7
8;203;83;8;0;1.0;True;8
8;203;117;8;0;1.0;True;9
6264;204;134;6264;0;1.0;True;0
6264;204;182;6264;0;1.0;True;1
6264;204;176;6264;0;1.0;True;2
6264;204;253;6264;0;1.0;True;3
6264;204;287;6264;0;1.0;True;4
6264;204;108;6264;0;1.0;True;5
6264;204;161;6264;0;1.0;True;6
6264;204;153;6264;0;1.0;True;7
6264;204;156;6264;0;1.0;True;8
6264;204;460;6264;0;1.0;True;9
72;205;275;72;0;1.0;True;0
72;205;195;72;0;1.0;True;1
72;205;239;72;0;1.0;True;2
72;205;117;72;0;1.0;True;3
72;205;236;72;0;1.0;True;4
72;205;217;72;0;1.0;True;5
72;205;213;72;0;1.0;True;6
72;205;190;72;0;1.0;True;7
72;205;125;72;0;1.0;True;8
72;205;165;72;0;1.0;True;9
34;206;84;34;0;1.0;True;0
34;206;131;34;0;1.0;True;1
34;206;129;34;0;1.0;True;2
34;206;121;34;0;1.0;True;3
34;206;108;34;0;1.0;True;4
34;206;74;34;0;1.0;True;5
34;206;97;34;0;1.0;True;6
34;206;76;34;0;1.0;True;7
34;206;102;34;0;1.0;True;8
34;206;108;34;0;1.0;True;9
4300;207;144;4300;0;1.0;True;0
4300;207;148;4300;0;1.0;True;1
4300;207;136;4300;0;1.0;True;2
4300;207;189;4300;0;1.0;True;3
4300;207;152;4300;0;1.0;True;4
4300;207;141;4300;0;1.0;True;5
4300;207;152;4300;0;1.0;True;6
4300;207;148;4300;0;1.0;True;7
4300;207;150;4300;0;1.0;True;8
4300;207;144;4300;0;1.0;True;9
420;208;90;420;0;1.0;True;0
420;208;93;420;0;1.0;True;1
420;208;114;420;0;1.0;True;2
420;208;93;420;0;1.0;True;3
420;208;92;420;0;1.0;True;4
420;208;103;420;0;1.0;True;5
420;208;92;420;0;1.0;True;6
420;208;108;420;0;1.0;True;7
420;208;107;420;0;1.0;True;8
420;208;93;420;0;1.0;True;9
25;209;312;25;0;1.0;True;0
25;209;158;25;0;1.0;True;1
25;209;325;25;0;1.0;True;2
25;209;344;25;0;1.0;True;3
25;209;289;25;0;1.0;True;4
25;209;342;25;0;1.0;True;5
25;209;441;25;0;1.0;True;6
25;209;470;25;0;1.0;True;7
25;209;411;25;0;1.0;True;8
25;209;418;25;0;1.0;True;9
3;210;151;3;0;1.0;True;0
3;210;127;3;0;1.0;True;1
3;210;118;3;0;1.0;True;2
3;210;97;3;0;1.0;True;3
3;210;79;3;0;1.0;True;4
3;210;117;3;0;1.0;True;5
3;210;92;3;0;1.0;True;6
3;210;80;3;0;1.0;True;7
3;210;123;3;0;1.0;True;8
3;210;90;3;0;1.0;True;9
2;211;143;2;0;1.0;True;0
2;211;125;2;0;1.0;True;1
2;211;145;2;0;1.0;True;2
2;211;174;2;0;1.0;True;3
2;211;143;2;0;1.0;True;4
2;211;120;2;0;1.0;True;5
2;211;150;2;0;1.0;True;6
2;211;141;2;0;1.0;True;7
2;211;140;2;0;1.0;True;8
2;211;277;2;0;1.0;True;9
21;212;414;21;0;1.0;True;0
21;212;415;21;0;1.0;True;1
21;212;428;21;0;1.0;True;2
21;212;361;21;0;1.0;True;3
21;212;314;21;0;1.0;True;4
21;212;372;21;0;1.0;True;5
21;212;363;21;0;1.0;True;6
21;212;361;21;0;1.0;True;7
21;212;444;21;0;1.0;True;8
21;212;287;21;0;1.0;True;9
280;213;90;280;0;1.0;True;0
280;213;159;280;0;1.0;True;1
280;213;57;280;0;1.0;True;2
280;213;85;280;0;1.0;True;3
280;213;136;280;0;1.0;True;4
280;213;99;280;0;1.0;True;5
280;213;79;280;0;1.0;True;6
280;213;103;280;0;1.0;True;7
280;213;163;280;0;1.0;True;8
280;213;96;280;0;1.0;True;9
2;214;94;2;0;1.0;True;0
2;214;101;2;0;1.0;True;1
2;214;99;2;0;1.0;True;2
2;214;100;2;0;1.0;True;3
2;214;93;2;0;1.0;True;4
2;214;99;2;0;1.0;True;5
2;214;99;2;0;1.0;True;6
2;214;93;2;0;1.0;True;7
2;214;101;2;0;1.0;True;8
2;214;94;2;0;1.0;True;9
1;215;112;5;0;1.0;False;0
1;215;1769;5;0;1.0;False;1
1;215;1231;5;0;1.0;False;2
1;215;1490;5;0;1.0;False;3
1;215;1832;5;0;1.0;False;4
1;215;99;5;0;1.0;False;5
1;215;1690;5;0;1.0;False;6
1;215;1115;5;0;1.0;False;7
1;215;1760;5;0;1.0;False;8
1;215;486;5;0;1.0;False;9
4;216;79;4;0;1.0;True;0
4;216;94;4;0;1.0;True;1
4;216;89;4;0;1.0;True;2
4;216;95;4;0;1.0;True;3
4;216;86;4;0;1.0;True;4
4;216;68;4;0;1.0;True;5
4;216;81;4;0;1.0;True;6
4;216;67;4;0;1.0;True;7
4;216;96;4;0;1.0;True;8
4;216;85;4;0;1.0;True;9
22;217;211;22;0;1.0;True;0
22;217;205;22;0;1.0;True;1
22;217;195;22;0;1.0;True;2
22;217;182;22;0;1.0;True;3
22;217;193;22;0;1.0;True;4
22;217;198;22;0;1.0;True;5
22;217;184;22;0;1.0;True;6
22;217;196;22;0;1.0;True;7
22;217;197;22;0;1.0;True;8
22;217;191;22;0;1.0;True;9
5;218;81;5;0;1.0;True;0
5;218;202;5;0;1.0;True;1
5;218;86;5;0;1.0;True;2
5;218;100;5;0;1.0;True;3
5;218;117;5;0;1.0;True;4
5;218;108;5;0;1.0;True;5
5;218;183;5;0;1.0;True;6
5;218;169;5;0;1.0;True;7
5.0;218;144;5;0;1.0;True;8
5;218;213;5;0;1.0;True;9
4;219;61;4;0;1.0;True;0
4;219;192;4;0;1.0;True;1
4;219;54;4;0;1.0;True;2
4;219;66;4;0;1.0;True;3
4;219;265;4;0;1.0;True;4
4;219;52;4;0;1.0;True;5
4;219;51;4;0;1.0;True;6
4;219;90;4;0;1.0;True;7
4;219;67;4;0;1.0;True;8
4;219;126;4;0;1.0;True;9
22;220;224;22;0;1.0;True;0
22;220;235;22;0;1.0;True;1
22;220;201;22;0;1.0;True;2
22;220;206;22;0;1.0;True;3
22;220;196;22;0;1.0;True;4
22;220;173;22;0;1.0;True;5
22;220;211;22;0;1.0;True;6
22;220;192;22;0;1.0;True;7
22;220;233;22;0;1.0;True;8
22;220;339;22;0;1.0;True;9
6;221;258;6;0;1.0;True;0
6;221;255;6;0;1.0;True;1
6;221;262;6;0;1.0;True;2
6;221;452;6;0;1.0;True;3
6;221;235;6;0;1.0;True;4
6;221;169;6;0;1.0;True;5
6;221;178;6;0;1.0;True;6
6;221;346;6;0;1.0;True;7
6;221;264;6;0;1.0;True;8
6;221;389;6;0;1.0;True;9
137;222;142;137;0;1.0;True;0
137;222;169;137;0;1.0;True;1
137;222;106;137;0;1.0;True;2
137;222;160;137;0;1.0;True;3
137;222;116;137;0;1.0;True;4
137;222;209;137;0;1.0;True;5
137;222;116;137;0;1.0;True;6
137;222;178;137;0;1.0;True;7
137;222;171;137;0;1.0;True;8
137;222;141;137;0;1.0;True;9
2;223;186;2;0;1.0;True;0
2;223;381;2;0;1.0;True;1
2;223;537;2;0;1.0;True;2
2;223;521;2;0;1.0;True;3
2;223;279;2;0;1.0;True;4
2;223;574;2;0;1.0;True;5
2;223;443;2;0;1.0;True;6
2;223;444;2;0;1.0;True;7
2;223;291;2;0;1.0;True;8
2.0;223;487;2;0;1.0;True;9
112;224;95;112;0;1.0;True;0
112;224;80;112;0;1.0;True;1
112;224;79;112;0;1.0;True;2
112;224;155;112;0;1.0;True;3
112;224;160;112;0;1.0;True;4
112;224;92;112;0;1.0;True;5
112;224;83;112;0;1.0;True;6
112;224;97;112;0;1.0;True;7
112;224;106;112;0;1.0;True;8
112;224;139;112;0;1.0;True;9
25;225;118;25;0;1.0;True;0
25;225;140;25;0;1.0;True;1
25;225;138;25;0;1.0;True;2
25;225;211;25;0;1.0;True;3
25;225;136;25;0;1.0;True;4
25;225;134;25;0;1.0;True;5
25;225;135;25;0;1.0;True;6
25;225;139;25;0;1.0;True;7
25;225;127;25;0;1.0;True;8
25;225;217;25;0;1.0;True;9
44;226;102;238;0;0.4;False;0
44;226;84;238;0;0.4;False;1
238;226;93;238;0;0.6;True;2
238;226;264;238;0;0.6;True;3
44;226;143;238;0;0.4;False;4
238;226;157;238;0;0.6;True;5
238;226;98;238;0;0.6;True;6
238;226;108;238;0;0.6;True;7
44;226;72;238;0;0.4;False;8
238;226;164;238;0;0.6;True;9
2;227;121;2;0;1.0;True;0
2;227;114;2;0;1.0;True;1
2;227;128;2;0;1.0;True;2
2;227;117;2;0;1.0;True;3
2;227;114;2;0;1.0;True;4
2;227;111;2;0;1.0;True;5
2;227;122;2;0;1.0;True;6
2;227;126;2;0;1.0;True;7
2;227;195;2;0;1.0;True;8
2;227;110;2;0;1.0;True;9
99;228;59;99;0;1.0;True;0
99;228;70;99;0;1.0;True;1
99;228;104;99;0;1.0;True;2
99;228;264;99;0;1.0;True;3
99;228;60;99;0;1.0;True;4
99;228;63;99;0;1.0;True;5
99;228;186;99;0;1.0;True;6
99;228;69;99;0;1.0;True;7
99;228;112;99;0;1.0;True;8
99;228;150;99;0;1.0;True;9
19;229;87;19;0;1.0;True;0
19;229;86;19;0;1.0;True;1
19;229;84;19;0;1.0;True;2
19;229;92;19;0;1.0;True;3
19;229;92;19;0;1.0;True;4
19;229;110;19;0;1.0;True;5
19;229;89;19;0;1.0;True;6
19;229;72;19;0;1.0;True;7
19;229;84;19;0;1.0;True;8
19;229;85;19;0;1.0;True;9
46;230;135;46;0;1.0;True;0
46;230;160;46;0;1.0;True;1
46;230;156;46;0;1.0;True;2
46;230;157;46;0;1.0;True;3
46;230;145;46;0;1.0;True;4
46;230;157;46;0;1.0;True;5
46;230;153;46;0;1.0;True;6
46;230;143;46;0;1.0;True;7
46;230;151;46;0;1.0;True;8
46;230;147;46;0;1.0;True;9
7;231;246;7;0;1.0;True;0
7;231;601;7;0;1.0;True;1
7;231;739;7;0;1.0;True;2
7;231;797;7;0;1.0;True;3
7;231;632;7;0;1.0;True;4
7;231;173;7;0;1.0;True;5
7;231;696;7;0;1.0;True;6
7;231;879;7;0;1.0;True;7
7;231;638;7;0;1.0;True;8
7;231;351;7;0;1.0;True;9
3;232;93;3;0;1.0;True;0
3;232;86;3;0;1.0;True;1
3;232;87;3;0;1.0;True;2
3;232;91;3;0;1.0;True;3
3;232;78;3;0;1.0;True;4
3;232;88;3;0;1.0;True;5
3;232;84;3;0;1.0;True;6
3;232;90;3;0;1.0;True;7
3;232;86;3;0;1.0;True;8
3;232;90;3;0;1.0;True;9
5;233;183;5;0;1.0;True;0
5;233;197;5;0;1.0;True;1
5;233;184;5;0;1.0;True;2
5;233;183;5;0;1.0;True;3
5;233;180;5;0;1.0;True;4
5;233;195;5;0;1.0;True;5
5;233;187;5;0;1.0;True;6
5;233;209;5;0;1.0;True;7
5;233;193;5;0;1.0;True;8
5;233;235;5;0;1.0;True;9
10;234;38;13;0;1.0;False;0
10;234;25;13;0;1.0;False;1
10;234;45;13;0;1.0;False;2
10;234;45;13;0;1.0;False;3
10;234;45;13;0;1.0;False;4
10;234;38;13;0;1.0;False;5
10;234;29;13;0;1.0;False;6
10;234;45;13;0;1.0;False;7
10;234;44;13;0;1.0;False;8
10;234;45;13;0;1.0;False;9
21;235;76;21;0;1.0;True;0
21;235;70;21;0;1.0;True;1
21;235;265;21;0;1.0;True;2
21;235;68;21;0;1.0;True;3
21;235;73;21;0;1.0;True;4
21;235;70;21;0;1.0;True;5
21;235;82;21;0;1.0;True;6
21;235;95;21;0;1.0;True;7
21;235;69;21;0;1.0;True;8
21;235;70;21;0;1.0;True;9
265;236;183;265;0;1.0;True;0
265;236;182;265;0;1.0;True;1
265;236;146;265;0;1.0;True;2
265;236;623;265;0;1.0;True;3
265;236;364;265;0;1.0;True;4
265;236;207;265;0;1.0;True;5
265;236;729;265;0;1.0;True;6
265;236;263;265;0;1.0;True;7
265;236;170;265;0;1.0;True;8
265;236;135;265;0;1.0;True;9
22;237;268;22;0;1.0;True;0
22.0;237;146;22;0;1.0;True;1
22;237;291;22;0;1.0;True;2
22;237;307;22;0;1.0;True;3
22;237;263;22;0;1.0;True;4
22;237;146;22;0;1.0;True;5
22.0;237;103;22;0;1.0;True;6
22;237;199;22;0;1.0;True;7
22;237;205;22;0;1.0;True;8
22;237;107;22;0;1.0;True;9
27;238;118;27;0;1.0;True;0
27;238;102;27;0;1.0;True;1
27;238;296;27;0;1.0;True;2
27;238;103;27;0;1.0;True;3
27;238;104;27;0;1.0;True;4
27;238;147;27;0;1.0;True;5
27;238;114;27;0;1.0;True;6
27;238;106;27;0;1.0;True;7
27;238;123;27;0;1.0;True;8
27;238;162;27;0;1.0;True;9
1414;239;94;1414;0;1.0;True;0
1414;239;93;1414;0;1.0;True;1
1414;239;178;1414;0;1.0;True;2
1414;239;88;1414;0;1.0;True;3
1414;239;120;1414;0;1.0;True;4
1414;239;91;1414;0;1.0;True;5
1414;239;114;1414;0;1.0;True;6
1414;239;92;1414;0;1.0;True;7
1414;239;96;1414;0;1.0;True;8
1414;239;92;1414;0;1.0;True;9
11;240;109;11;0;0.9;True;0
11;240;156;11;0;0.9;True;1
11;240;151;11;0;0.9;True;2
11;240;234;11;0;0.9;True;3
11;240;249;11;0;0.9;True;4
11;240;122;11;0;0.9;True;5
11;240;114;11;0;0.9;True;6
11;240;113;11;0;0.9;True;7
11;240;158;11;0;0.9;True;8
13;240;118;11;0;0.1;False;9
73;241;95;73;0;1.0;True;0
73;241;112;73;0;1.0;True;1
73;241;106;73;0;1.0;True;2
73;241;120;73;0;1.0;True;3
73;241;94;73;0;1.0;True;4
73;241;116;73;0;1.0;True;5
73;241;115;73;0;1.0;True;6
73;241;115;73;0;1.0;True;7
73;241;114;73;0;1.0;True;8
73;241;91;73;0;1.0;True;9
10;242;195;2;0;0.1;False;0
2;242;176;2;0;0.8;True;1
2;242;142;2;0;0.8;True;2
2;242;358;2;0;0.8;True;3
2;242;325;2;0;0.8;True;4
2;242;361;2;0;0.8;True;5
2;242;107;2;0;0.8;True;6
;242;255;2;0;0.0;False;7
2;242;337;2;0;0.8;True;8
2;242;143;2;0;0.8;True;9
11210;243;604;11210;0;1.0;True;0
11210;243;263;11210;0;1.0;True;1
11210;243;319;11210;0;1.0;True;2
11210;243;125;11210;0;1.0;True;3
11210;243;160;11210;0;1.0;True;4
11210;243;258;11210;0;1.0;True;5
11210;243;137;11210;0;1.0;True;6
11210;243;164;11210;0;1.0;True;7
11210;243;173;11210;0;1.0;True;8
11210;243;166;11210;0;1.0;True;9
2;244;514;2;0;1.0;True;0
2;244;442;2;0;1.0;True;1
2;244;119;2;0;1.0;True;2
2;244;94;2;0;1.0;True;3
2;244;156;2;0;1.0;True;4
2;244;124;2;0;1.0;True;5
2;244;108;2;0;1.0;True;6
2;244;255;2;0;1.0;True;7
2;244;195;2;0;1.0;True;8
2;244;131;2;0;1.0;True;9
10;245;93;10;0;1.0;True;0
10;245;82;10;0;1.0;True;1
10;245;89;10;0;1.0;True;2
10;245;89;10;0;1.0;True;3
10;245;93;10;0;1.0;True;4
10;245;91;10;0;1.0;True;5
10;245;93;10;0;1.0;True;6
10;245;95;10;0;1.0;True;7
10;245;88;10;0;1.0;True;8
10;245;93;10;0;1.0;True;9
2;246;296;2;0;1.0;True;0
2;246;322;2;0;1.0;True;1
2;246;322;2;0;1.0;True;2
2;246;241;2;0;1.0;True;3
2;246;313;2;0;1.0;True;4
2;246;323;2;0;1.0;True;5
2;246;276;2;0;1.0;True;6
2;246;328;2;0;1.0;True;7
2;246;337;2;0;1.0;True;8
2;246;351;2;0;1.0;True;9
2;247;252;2;0;1.0;True;0
2;247;228;2;0;1.0;True;1
2;247;234;2;0;1.0;True;2
2;247;223;2;0;1.0;True;3
2;247;259;2;0;1.0;True;4
2;247;234;2;0;1.0;True;5
2;247;252;2;0;1.0;True;6
2;247;235;2;0;1.0;True;7
2;247;278;2;0;1.0;True;8
2;247;225;2;0;1.0;True;9
186;248;95;186;0;1.0;True;0
186;248;100;186;0;1.0;True;1
186;248;100;186;0;1.0;True;2
186;248;101;186;0;1.0;True;3
186;248;101;186;0;1.0;True;4
186;248;115;186;0;1.0;True;5
186;248;96;186;0;1.0;True;6
186;248;100;186;0;1.0;True;7
186;248;106;186;0;1.0;True;8
186;248;102;186;0;1.0;True;9
19;249;94;19;0;1.0;True;0
19;249;795;19;0;1.0;True;1
19;249;120;19;0;1.0;True;2
19;249;112;19;0;1.0;True;3
19;249;114;19;0;1.0;True;4
19;249;482;19;0;1.0;True;5
19;249;87;19;0;1.0;True;6
19;249;114;19;0;1.0;True;7
19;249;89;19;0;1.0;True;8
19;249;89;19;0;1.0;True;9
