estimations;id;iter
1.6209056273752095e-06;0;0
4.6023074440374996e-05;0;1
0.660434960925732;0;2
0.1467240423409337;0;3
0.00029421619462557865;0;4
0.10967757067584215;0;5
8.11128412865609e-05;0;6
9.970941187422669e-05;0;7
0.00019127889192471445;0;8
3.7772814612368798e-06;0;9
8.676451518484923e-10;1;0
8.241482379086878e-08;1;1
3.790112079234846e-09;1;2
7.640631701625742e-08;1;3
1.8241450003707356e-12;1;4
3.541869481179356e-08;1;5
4.805293147585284e-07;1;6
7.160090147920226e-05;1;7
5.059128322117457e-07;1;8
0.9915511267414636;1;9
1.0065629453393906e-06;2;0
2.158080886750716e-06;2;1
8.519325402979384e-06;2;2
3.558586438907726e-08;2;3
0.0014972380390029284;2;4
8.273129845324937e-10;2;5
1.1708690298754016e-06;2;6
0.09534391958897949;2;7
0.000906852817202862;2;8
3.695340594387421e-07;2;9
0.027005372309055156;3;0
7.03307720290818e-08;3;1
7.577476543175665e-06;3;2
3.300992189405323e-06;3;3
7.75860917918235e-06;3;4
1.9353000651991318e-05;3;5
0.006277074725368134;3;6
0.0019409580945296675;3;7
7.382458849486821e-08;3;8
0.003866702191284;3;9
0.8990444765187106;4;0
0.998704533241105;4;1
0.9066225937119353;4;2
0.9914216823369106;4;3
0.9983382802186771;4;4
0.9770217702017904;4;5
0.9999832880285853;4;6
0.9569014273151376;4;7
0.018756381973700775;4;8
0.9999994987339798;4;9
0.5468583530191019;5;0
1.2170877216223615e-07;5;1
0.0006571087808550741;5;2
0.0023719428547447382;5;3
0.0002836813235973378;5;4
1.1032560289049523e-07;5;5
1.8131248366962193e-07;5;6
0.9355068599222972;5;7
9.300227504292039e-11;5;8
1.771495254910249e-08;5;9
0.004061097247411325;6;0
0.0006307164520722347;6;1
8.786809897441572e-05;6;2
0.0013304365934027804;6;3
1.7250753600209304e-05;6;4
0.001604736951541122;6;5
0.006506619331814031;6;6
3.874689682713701e-06;6;7
0.9999038947413277;6;8
2.9437683807473342e-05;6;9
1.050518863244962e-07;7;0
0.004192485532263132;7;1
7.922080595301546e-11;7;2
1.977199037687872e-06;7;3
4.408932322984725e-07;7;4
1.8367990469112106e-09;7;5
1.7307117454990988e-07;7;6
1.170989721204006e-06;7;7
2.824034651172123e-06;7;8
4.615444539160662e-09;7;9
1.1764308665673393e-10;8;0
5.683112602694174e-08;8;1
1.849667528019745e-11;8;2
0.9988603830167374;8;3
1.1198974753862116e-21;8;4
0.9284186030792582;8;5
1.289373034660049e-11;8;6
2.787836990898534e-11;8;7
3.547107933616876e-05;8;8
2.810446193889701e-12;8;9
1.0175967974414036e-16;9;0
1.1320007316046758e-07;9;1
7.907415835897978e-11;9;2
4.06238037628829e-09;9;3
0.999442980234381;9;4
0.0019219797789252911;9;5
2.399489044057248e-05;9;6
1.671668857485487e-07;9;7
0.7545580372580503;9;8
3.8416629014963183e-07;9;9
0.9323316710902796;40;0
0.04859071893602407;40;1
0.9464982535633104;40;2
0.9301525873193119;40;3
0.9962549286556763;40;4
0.9302006140576872;40;5
0.984936724512069;40;6
0.9840633879604619;40;7
0.9998833313563782;40;8
1.0125816040313057e-05;40;9
0.0047971887569440005;41;0
0.0013882959456553874;41;1
3.7593146844891955e-06;41;2
0.002764151706295876;41;3
0.0005776479117782356;41;4
1.2654735379153362e-05;41;5
0.9999921099920027;41;6
0.002133720383004781;41;7
6.20084903663357e-05;41;8
0.0019216494173156097;41;9
0.11667884240873229;42;0
1.0174095618697128e-12;42;1
9.506280964743055e-14;42;2
8.565626786603918e-18;42;3
1.850353540660131e-18;42;4
1.9192923387021263e-11;42;5
2.174723036796382e-24;42;6
2.8357964053613456e-11;42;7
9.833487238859619e-14;42;8
1.3148831262709775e-14;42;9
0.9960310918486012;43;0
0.00025553751921691655;43;1
0.0027040324564618135;43;2
3.02521533423803e-20;43;3
0.18185045699197275;43;4
0.7403156947900518;43;5
0.7687362551617456;43;6
0.7900400848258431;43;7
5.8766498463043466e-15;43;8
0.9644011521948909;43;9
6.141380734999e-09;44;0
0.857975911533893;44;1
3.0989373619461424e-09;44;2
0.8671639005274465;44;3
0.0003693624729045277;44;4
2.12530007706517e-07;44;5
1.461268314437414e-07;44;6
7.18214945578735e-15;44;7
3.313159362929485e-11;44;8
6.635916665542179e-06;44;9
0.0003162134914810937;25;0
0.9596508986085992;25;1
2.3091546688546984e-05;25;2
0.9457998204705563;25;3
2.6103190846470003e-05;25;4
0.9737058489881287;25;5
0.9986675235719198;25;6
0.0002189954117202498;25;7
0.9994806652898691;25;8
9.110493725070986e-05;25;9
0.6137758134115889;26;0
0.03537605140506928;26;1
5.87766231427291e-19;26;2
1.3043020102273579e-14;26;3
1.2353848739316306e-10;26;4
2.855597746994046e-15;26;5
8.046490488936629e-09;26;6
3.6748833620445946e-17;26;7
1.4420727618107472e-11;26;8
3.0981758451604253e-06;26;9
0.9999999812137966;27;0
0.18959512128881928;27;1
5.3164095836468e-05;27;2
0.0026652073548876242;27;3
0.9999999817710609;27;4
0.0002485761096668649;27;5
1.427530083658636e-11;27;6
0.2428551378256868;27;7
3.444034791834417e-05;27;8
0.0010125490539337355;27;9
3.000195537981713e-08;28;0
0.4991622486516049;28;1
0.8168206396192764;28;2
0.998952866482318;28;3
5.99059389978424e-08;28;4
5.559032008945078e-08;28;5
0.999846863717822;28;6
0.7640992768032497;28;7
0.9999761442438153;28;8
0.9240011842326679;28;9
0.9940205259479269;29;0
0.9947569770471979;29;1
0.999769006674394;29;2
0.24168274196328815;29;3
5.34322148070463e-05;29;4
0.9999951683252017;29;5
1.979406364102325e-06;29;6
3.498222955032642e-07;29;7
0.8156747037088083;29;8
0.0002030718288126729;29;9
1.763814265386361e-13;10;0
1.1758566208995735e-13;10;1
5.075279468753682e-20;10;2
1.804490398473748e-11;10;3
2.1663399647853565e-12;10;4
7.704514411802313e-15;10;5
1.0602515237736652e-11;10;6
0.0007693757473511404;10;7
8.671312078908936e-13;10;8
0.00036312671967439697;10;9
3.831831859590172e-18;11;0
4.776843271090153e-25;11;1
0.9999545178036716;11;2
1.750627641642117e-13;11;3
1.3760783742111485e-20;11;4
1.8216045005979307e-13;11;5
1.6514776822495885e-15;11;6
1.0256214910997494e-17;11;7
0.9820137694200558;11;8
0.9991908610254329;11;9
3.488037746185994e-08;12;0
2.073602382421274e-05;12;1
3.4862853232725415e-06;12;2
0.7495056621959958;12;3
0.9975215155823828;12;4
0.3199319998779882;12;5
7.732000453949512e-07;12;6
0.9241415760912157;12;7
2.737606086792615e-06;12;8
0.18237503150863307;12;9
7.778435932740515e-07;13;0
7.603199477547409e-07;13;1
1.92997609151323e-10;13;2
2.447302225110488e-06;13;3
3.703142705098925e-08;13;4
1.4292387935943166e-07;13;5
3.331314779752617e-07;13;6
1.9717550519110175e-09;13;7
1.1038218895876433e-08;13;8
1.1786325671201705e-08;13;9
0.0005650235419412469;14;0
0.0013439847960803808;14;1
9.48142651051701e-09;14;2
6.257242130414332e-05;14;3
0.04429156322489259;14;4
1.7497889473671653e-09;14;5
0.0028459754332870956;14;6
0.00013977501704682998;14;7
4.8553917643113756e-06;14;8
7.519860395861829e-05;14;9
5.518633620579202e-13;45;0
2.0745125112395703e-07;45;1
4.7432186526565607e-07;45;2
0.00011288214500357475;45;3
1.1110847640099108e-08;45;4
5.790620068962091e-06;45;5
2.624627744140042e-10;45;6
7.370564157909573e-10;45;7
0.009148733093768553;45;8
0.0006716447309465742;45;9
1.7705813742562575e-11;46;0
0.998601546455586;46;1
1.4825467992781458e-18;46;2
0.2098948742244192;46;3
3.425020932398744e-09;46;4
1.7609558278831904e-33;46;5
5.21897864366247e-19;46;6
9.262032043227753e-13;46;7
0.9968187450949229;46;8
0.8386240394858178;46;9
0.003961178229467616;47;0
0.005414198259281944;47;1
3.481583751007145e-05;47;2
0.0011435067568805115;47;3
2.9104469209961726e-06;47;4
6.858185085897239e-06;47;5
0.0005708981482744449;47;6
0.011302737570049485;47;7
1.6053663720965703e-09;47;8
0.00046699049463032354;47;9
3.405129033030005e-21;48;0
1.772323007704313e-12;48;1
1.284889007528107e-13;48;2
1.4644151927589695e-15;48;3
0.8028075074125898;48;4
7.705249519166726e-20;48;5
3.421720338798544e-17;48;6
0.8009385670556415;48;7
5.020685878702929e-19;48;8
8.6626917968419e-16;48;9
7.552712011950266e-08;49;0
1.3019694633787577e-05;49;1
0.001335030518756719;49;2
2.2164769725551155e-06;49;3
6.255646337935564e-10;49;4
5.167244770581088e-05;49;5
1.0536802694872132e-08;49;6
0.00022521789037757478;49;7
6.652143863592588e-05;49;8
1.9183349003654036e-07;49;9
2.4302390048958153e-06;50;0
0.9713825854994498;50;1
0.9998716725942209;50;2
0.00017703425552110404;50;3
0.9848430178976829;50;4
7.765151443215123e-07;50;5
0.02851802939046013;50;6
2.892669075979092e-09;50;7
0.9737406318266458;50;8
0.9820136664121333;50;9
0.008384035425235003;51;0
3.3567739210775957e-25;51;1
5.796157473139309e-13;51;2
2.306069259466439e-20;51;3
5.188743909017602e-12;51;4
1.970286232060197e-21;51;5
8.323464553771142e-30;51;6
5.438170225971515e-13;51;7
8.250498918792206e-14;51;8
5.459870012481517e-16;51;9
4.6171310790601664e-06;52;0
0.9999997233849849;52;1
2.5754108838729656e-09;52;2
1.2092738815691077e-06;52;3
2.613430555692767e-07;52;4
3.6071431893798884e-06;52;5
3.096224229649643e-05;52;6
1.2607325653165026e-05;52;7
6.858745863042037e-05;52;8
6.564720513986052e-05;52;9
0.9046499968455737;53;0
0.9999999992162051;53;1
0.2527067152771046;53;2
0.012462418690760667;53;3
0.6033655365253086;53;4
0.9999988620450041;53;5
0.9999744871467786;53;6
0.24497208378737118;53;7
0.9999251148293592;53;8
0.9997387119281393;53;9
0.0023843205189424655;54;0
0.9983269020902653;54;1
0.016397512269794266;54;2
0.9706328275951297;54;3
0.06171307367753041;54;4
0.0014256087914545639;54;5
0.0001535370842257451;54;6
0.3749476895527501;54;7
0.048823699839141976;54;8
0.9999999955368888;54;9
0.999997669948343;15;0
1.2664625715119724e-19;15;1
0.9999660291940644;15;2
0.7775121805479568;15;3
7.870333625294696e-17;15;4
1.896642753184841e-18;15;5
6.500614028235563e-16;15;6
6.911940318191326e-19;15;7
1.4739336695732364e-23;15;8
2.220295324046758e-11;15;9
6.855964402466226e-15;16;0
1.9358049029516006e-09;16;1
3.424775958965436e-07;16;2
6.141428675888574e-05;16;3
1.496111648287915e-09;16;4
1.744166734732231e-09;16;5
1.4405547483367595e-10;16;6
4.765792212722326e-09;16;7
2.9307479354599007e-08;16;8
1.2201864056450002e-08;16;9
0.0009729666988835842;17;0
0.00010530739972740902;17;1
0.005614435451977332;17;2
6.639600303474129e-07;17;3
0.0003572827019023883;17;4
0.9994283314302069;17;5
1.4997589852860236e-05;17;6
7.765576761375157e-06;17;7
4.235736557226259e-06;17;8
7.921643924056725e-07;17;9
1.521039333089974e-13;18;0
0.6017227104212381;18;1
0.7300066700518226;18;2
1.543113880473432e-07;18;3
0.03230371557426356;18;4
1.3672620641836487e-11;18;5
0.8460617126274222;18;6
4.826708358345914e-16;18;7
5.508160680291426e-10;18;8
0.030820628308327366;18;9
2.7339226253506563e-16;19;0
1.1658796363498492e-20;19;1
1.0;19;2
1.0;19;3
7.304197722788225e-24;19;4
1.2780402878762912e-19;19;5
0.845587185132856;19;6
1.0;19;7
2.544272780135983e-17;19;8
8.385951373301238e-19;19;9
8.048097643169831e-11;60;0
0.5353271213020757;60;1
0.11139079273103818;60;2
8.705736648619578e-05;60;3
2.1226350993458193e-08;60;4
3.557070893596915e-07;60;5
8.93733122210807e-08;60;6
0.9998565251691834;60;7
8.099602915840211e-11;60;8
3.770787177121478e-06;60;9
0.9999999994094695;61;0
0.9883039423491422;61;1
7.3026773817904764e-09;61;2
0.9999832939737561;61;3
0.9994472159217125;61;4
0.9916401652656692;61;5
3.2150243674640944e-09;61;6
0.9999988190752179;61;7
2.727807442860321e-10;61;8
0.9995269340159096;61;9
1.8097305404701205e-09;62;0
5.485488165774577e-11;62;1
5.7053169105729356e-05;62;2
0.00016544102226384463;62;3
9.677014604476275e-07;62;4
1.3213263680889008e-10;62;5
0.0002086594172200546;62;6
1.782023411206255e-08;62;7
1.6369882912460551e-12;62;8
4.520025364728447e-11;62;9
2.701135161255372e-09;63;0
3.888574787263356e-05;63;1
0.3202937575117507;63;2
0.9999149562854313;63;3
0.9671866473372588;63;4
0.9998415178487465;63;5
5.0873024521136965e-11;63;6
4.433134377057168e-06;63;7
1.1489260968387665e-11;63;8
5.4201115476877624e-06;63;9
4.508900225198391e-17;64;0
1.4719226724752444e-16;64;1
0.622194668317536;64;2
0.9229996023415487;64;3
3.847657797724378e-24;64;4
1.0;64;5
3.8601989596109345e-19;64;6
1.18242106584248e-32;64;7
4.980386587150912e-20;64;8
6.555572663069596e-15;64;9
0.9996062341031464;55;0
1.5815993648710806e-17;55;1
2.8863222803481825e-28;55;2
0.932599321906115;55;3
7.318359217979835e-21;55;4
0.9999331614389264;55;5
8.411598182535174e-20;55;6
1.2172747698036102e-24;55;7
8.410251537752433e-24;55;8
0.993290545837853;55;9
1.253597711739386e-13;56;0
3.878518318229956e-11;56;1
1.3366601814104925e-11;56;2
2.697696240279822e-16;56;3
1.7374116752718792e-13;56;4
6.494877816552037e-13;56;5
1.2319328817432695e-12;56;6
1.6452389615992904e-12;56;7
3.2582367369858723e-10;56;8
4.632663214533991e-11;56;9
1.3181308970500699e-05;57;0
1.9098634942701222e-06;57;1
0.004437249936444661;57;2
1.239117335878209e-07;57;3
0.0018217561315767342;57;4
0.000679119056358141;57;5
0.0001457620488942555;57;6
8.76686701922353e-05;57;7
4.707535830180804e-06;57;8
0.0001557924614742665;57;9
0.22938358865066846;58;0
0.17736437006351982;58;1
4.1157969120659647e-19;58;2
6.244957834397097e-17;58;3
2.6442097134998408e-20;58;4
1.8328669050115497e-20;58;5
0.999735064989369;58;6
0.0008083175846707144;58;7
5.811750389469844e-20;58;8
3.74696968787596e-21;58;9
6.854010670435388e-14;59;0
0.005410542974924821;59;1
0.4115891205224586;59;2
1.2740429124538025e-07;59;3
2.007483000937666e-08;59;4
3.322043093812162e-09;59;5
1.1436890209412105e-09;59;6
1.5642890516531373e-15;59;7
1.8552617850040727e-16;59;8
0.000980253202897816;59;9
1.788635440704352e-07;65;0
3.569613614045038e-14;65;1
9.230397107320516e-17;65;2
3.871115211216481e-10;65;3
1.3983022983763001e-14;65;4
5.995860678785553e-12;65;5
3.8796650572365906e-15;65;6
1.7448255284140144e-17;65;7
3.6318941296951684e-16;65;8
6.180658667521917e-15;65;9
0.13387609821264745;66;0
0.7307704567308908;66;1
3.8802935785159316e-09;66;2
0.8865227806048918;66;3
0.0002321153889620896;66;4
0.9947424078282311;66;5
0.008257545337748763;66;6
3.962014485800542e-09;66;7
0.9984096201854149;66;8
0.0025099064478747843;66;9
3.4893174532981347e-07;67;0
1.9969703763901815e-05;67;1
0.9997385697584016;67;2
2.6103895168811998e-05;67;3
0.09533528230321658;67;4
0.2688899321755029;67;5
0.977017331117201;67;6
1.3595532964167786e-06;67;7
2.459446521327897e-10;67;8
4.0024078133688953e-10;67;9
0.011073384151761713;68;0
3.665291594085468e-15;68;1
1.5184568483459187e-05;68;2
3.303029839842164e-07;68;3
3.450604770920991e-08;68;4
0.9998601596922178;68;5
0.9968211968203452;68;6
1.9255169218893435e-10;68;7
1.577908563194155e-09;68;8
0.0002743831625698343;68;9
3.0202575591602104e-11;69;0
2.586866648174993e-08;69;1
2.6474045095782165e-06;69;2
0.0025947116629364574;69;3
0.9999999793141671;69;4
7.227944454834554e-14;69;5
7.851208908408823e-07;69;6
0.0012675472474016464;69;7
0.0001504440813049997;69;8
0.00012838063857020245;69;9
0.0005064250370570776;30;0
0.0061835275315723;30;1
0.0005838411508068446;30;2
0.1247896279153023;30;3
0.9999957754649749;30;4
0.010251096325447814;30;5
0.9999996280616849;30;6
0.9999897993540008;30;7
6.132280892725514e-06;30;8
0.00464512164156397;30;9
8.561936769983488e-10;31;0
6.263470579632149e-09;31;1
0.5495803797837799;31;2
1.0;31;3
3.9296892084939935e-06;31;4
8.47272067290647e-10;31;5
1.0;31;6
0.8343239903022196;31;7
6.014380585705204e-07;31;8
1.0;31;9
6.167768886399786e-06;32;0
0.00017867980836121095;32;1
7.425871743450599e-07;32;2
2.0786977133898625e-09;32;3
1.2297990989396706e-06;32;4
9.064488843279697e-06;32;5
8.911242111950396e-09;32;6
0.001365142245011092;32;7
0.0005677979082719702;32;8
1.6444807550368685e-05;32;9
1.8938386831867075e-12;33;0
2.5301569147439245e-08;33;1
1.0;33;2
1.4923676319964968e-11;33;3
1.6775283754197117e-12;33;4
2.1894775384177362e-13;33;5
3.124723486134087e-17;33;6
9.633834762026849e-20;33;7
1.066016985097083e-18;33;8
1.0;33;9
1.310009954857431e-05;34;0
0.9867742934155228;34;1
2.3438601207256143e-13;34;2
0.9665301709573323;34;3
0.0008349605547997;34;4
0.964313194293448;34;5
0.005569774098494852;34;6
2.272207640052185e-06;34;7
9.329922616531598e-05;34;8
5.118381660427025e-05;34;9
0.9999999924560335;75;0
0.4721004597934104;75;1
0.024892157739744545;75;2
0.002326486455418233;75;3
4.597712079252362e-06;75;4
3.0171028318703507e-08;75;5
3.999801574475554e-06;75;6
1.208788642024906e-08;75;7
5.664449200571589e-06;75;8
0.9999999331145223;75;9
2.2908757948873293e-07;76;0
0.9848369674164471;76;1
6.817666301152217e-08;76;2
0.013033788549000414;76;3
7.551400847487261e-05;76;4
0.0020231282916019595;76;5
4.350797912626589e-07;76;6
0.000828299548327247;76;7
0.0005193309349712158;76;8
0.00041599224114706435;76;9
0.00021223629351476897;77;0
0.08376564700902439;77;1
0.913968937554923;77;2
0.00024988341979263176;77;3
0.39870644678544687;77;4
6.135497675553477e-07;77;5
0.26186750498796135;77;6
0.9808611904631783;77;7
0.351525706205817;77;8
0.00010172078211429131;77;9
3.676206353069626e-11;78;0
0.003745162101965663;78;1
1.6302515206402325e-11;78;2
0.961825111297523;78;3
0.8489944543000705;78;4
0.7300269973494738;78;5
6.718808263516998e-07;78;6
0.027946924359195276;78;7
1.222517297206975e-05;78;8
0.9822859784651474;78;9
6.323886425979146e-21;79;0
2.422722929659301e-14;79;1
0.022071189119654437;79;2
4.909062690615949e-11;79;3
7.479973257010214e-25;79;4
5.395493952194051e-15;79;5
2.187266797516111e-12;79;6
2.884777452976803e-16;79;7
0.006425921604013132;79;8
2.5615437016297226e-26;79;9
0.00011404075357307979;70;0
1.3913393028443909e-05;70;1
9.403078268862284e-12;70;2
2.721892225672072e-06;70;3
3.806684466710454e-08;70;4
1.4324645215428673e-11;70;5
2.1592023092545264e-06;70;6
2.5651755614068426e-10;70;7
1.9941263056901014e-08;70;8
1.382514105622395e-06;70;9
4.438106856891683e-06;71;0
1.7889666644457241e-06;71;1
9.767466946949573e-08;71;2
6.386872791546114e-07;71;3
1.9464473629948235e-10;71;4
5.759072784780917e-06;71;5
2.9660089196916647e-07;71;6
7.0715468971930055e-09;71;7
3.006918951581988e-09;71;8
0.00014620796717681946;71;9
1.2937546796414458e-06;72;0
1.5779754414424204e-05;72;1
2.1477532221771365e-06;72;2
0.013194169170165177;72;3
1.3955402172365723e-11;72;4
2.029476829857495e-06;72;5
0.0003670234134845587;72;6
0.026582100105855256;72;7
0.0015699835293596122;72;8
6.126684100318793e-05;72;9
1.3931517226919519e-06;73;0
6.345069470360422e-14;73;1
4.4940833607209017e-13;73;2
2.1701279767192582e-13;73;3
1.193294137341912e-13;73;4
1.0830842960404041e-13;73;5
3.119484717861878e-07;73;6
8.739809310228412e-15;73;7
0.25427517171034564;73;8
7.193562840189768e-13;73;9
3.606929068446161e-08;74;0
3.617475595300569e-07;74;1
0.9999999936760643;74;2
1.0071494684828254e-06;74;3
1.938091247349868e-05;74;4
8.526144434921543e-06;74;5
0.009544385677900547;74;6
1.9090789340462508e-05;74;7
1.0224014749588709e-05;74;8
0.002328705637321803;74;9
0.0001253399107801948;85;0
2.7465900682836905e-05;85;1
2.0481848993367347e-06;85;2
0.03221275638349651;85;3
2.302066026037006e-06;85;4
0.0003527587786400563;85;5
1.1598578040476067e-05;85;6
0.000927816570103583;85;7
4.246790451567616e-06;85;8
0.002810432693147729;85;9
0.01834803491628371;86;0
0.0008119297590251231;86;1
0.033686174240880634;86;2
0.000556206810320061;86;3
0.36894238971851945;86;4
0.11564324937633261;86;5
8.771335212087431e-05;86;6
0.047828920721822446;86;7
5.05293041611228e-06;86;8
0.1605527948450339;86;9
4.6167548045858064e-10;87;0
3.739686995189448e-14;87;1
1.537450497510021e-14;87;2
0.9881785295059177;87;3
1.94923420708243e-10;87;4
9.91763147522834e-11;87;5
1.958568121930307e-06;87;6
5.380182947955004e-07;87;7
2.8983320406002406e-06;87;8
4.034518061182615e-15;87;9
4.482682401197607e-05;88;0
4.895769155891433e-05;88;1
0.0001733145420379236;88;2
0.00046716725569097186;88;3
1.0441012739801543e-07;88;4
0.0007660290558677326;88;5
1.577570153701222e-05;88;6
1.3435866653228792e-06;88;7
7.980145569470954e-07;88;8
0.0004744416086393578;88;9
2.8969761528205754e-10;89;0
2.5295484396896883e-15;89;1
2.0953199384497346e-22;89;2
2.3097247129935804e-18;89;3
1.289340697044496e-12;89;4
1.7761588673373605e-10;89;5
0.7717683320340302;89;6
0.9504539093082532;89;7
2.780334433971198e-10;89;8
0.9598073619074371;89;9
0.9399124579213358;80;0
9.251901944675363e-08;80;1
6.137640018419846e-06;80;2
0.8807752332796188;80;3
0.11919492787020144;80;4
0.0015982727317457063;80;5
1.2648322000141129e-09;80;6
0.0011788465597159087;80;7
0.15154448535510334;80;8
0.006158272215978085;80;9
5.448128502091591e-20;81;0
4.663448722042255e-21;81;1
2.7664418052979985e-19;81;2
1.015379014241162e-21;81;3
0.970176148089805;81;4
7.034182162763317e-16;81;5
2.931715891809445e-28;81;6
7.629016865422081e-26;81;7
8.278952385354566e-16;81;8
4.0406940555642546e-30;81;9
0.9150161960920515;82;0
1.0;82;1
1.5502708609629004e-08;82;2
0.9223183339836026;82;3
0.011624354855654318;82;4
0.058349755840130246;82;5
0.018309724556647262;82;6
0.83067703300733;82;7
1.1560254242687637e-06;82;8
0.9999999614414107;82;9
6.893357333151413e-06;83;0
2.1549298828801023e-13;83;1
2.913887722573139e-11;83;2
0.9513792658319159;83;3
8.9188336156326e-07;83;4
3.351952334877883e-08;83;5
5.69602937864386e-09;83;6
2.1435923873710547e-12;83;7
1.4787283422789206e-06;83;8
4.1595534834362955e-14;83;9
2.788931469917715e-07;84;0
0.9966567571833367;84;1
0.999999979332502;84;2
0.008807461997383434;84;3
1.0534210692212017e-05;84;4
0.009965940772934492;84;5
0.0034789082262306724;84;6
0.03651289533596786;84;7
0.0015011197004135798;84;8
0.038206955542240496;84;9
1.0;90;0
3.650346733044491e-31;90;1
1.445447378332923e-29;90;2
9.969539486574707e-29;90;3
7.013453951655832e-24;90;4
2.6025863919435446e-28;90;5
4.528805170839097e-33;90;6
1.2050320720222249e-30;90;7
2.3091255112143063e-07;90;8
7.39160288065702e-24;90;9
0.010410097740176854;91;0
5.700128219769543e-12;91;1
1.9965484272924637e-15;91;2
3.240667806336299e-08;91;3
4.392754625666402e-14;91;4
1.3903964490413558e-12;91;5
2.4751125889080956e-10;91;6
1.6075148715484829e-09;91;7
9.427607543004348e-13;91;8
1.2239861827752128e-15;91;9
0.9914223765276222;92;0
0.9983407926885568;92;1
0.9990864024483627;92;2
0.9996479129642425;92;3
0.6791733151214826;92;4
0.985925919857679;92;5
7.0554085500551445e-09;92;6
0.38318834041133715;92;7
1.2970919500784927e-06;92;8
0.9994409025317109;92;9
0.9969081237639444;93;0
0.9737407564186765;93;1
0.990867343628679;93;2
0.9907397877806583;93;3
5.9797415525822e-10;93;4
6.9542485102272185e-09;93;5
0.9977912238788217;93;6
0.9954028084313923;93;7
0.9812415449090458;93;8
1.48062029744091e-13;93;9
6.016173714353998e-07;94;0
7.64343414482021e-06;94;1
1.4501258462073987e-07;94;2
0.9999927867695558;94;3
2.0936187862218435e-08;94;4
1.7888274763523809e-07;94;5
1.5759354456970103e-07;94;6
0.9967466496255031;94;7
1.5220657495387248e-06;94;8
0.9992045563057879;94;9
0.9239955853518815;95;0
1.5996646765714627e-09;95;1
0.2456835593435706;95;2
1.7808387359834352e-15;95;3
0.9857814544254715;95;4
0.6789885992377033;95;5
0.011588991824921985;95;6
0.06987459795286347;95;7
2.7332185796498473e-21;95;8
0.0001385256127186459;95;9
0.0009661912495632075;96;0
0.003508229285950909;96;1
0.0025053339254886738;96;2
0.03194030294207452;96;3
0.0027589971695466987;96;4
0.20372819000586068;96;5
0.0002336850886663287;96;6
0.0010208078984010474;96;7
0.008454376623400511;96;8
0.12917538837972176;96;9
1.7549366281110706e-12;97;0
0.70695014008668;97;1
4.1175425623417466e-14;97;2
4.983000582986453e-11;97;3
3.655978161180739e-16;97;4
0.7542431135608444;97;5
0.12683539472528255;97;6
3.150552973058104e-10;97;7
3.6714533420790025e-12;97;8
7.148872784179799e-11;97;9
0.003944769587613615;98;0
0.9999999965700209;98;1
0.99956942470042;98;2
0.02820685055373087;98;3
0.0003828671409837426;98;4
0.9999654886863024;98;5
0.002581179348340835;98;6
5.0816657006397776e-08;98;7
0.9999988810889873;98;8
1.4544220046804762e-06;98;9
0.9998374950418635;99;0
0.009706539759710479;99;1
9.165140156273937e-05;99;2
0.4166417453659261;99;3
0.004128376753487532;99;4
0.014862390108899514;99;5
0.9999817400914977;99;6
0.00016728995504538207;99;7
0.9997040429746629;99;8
0.00011536352025466482;99;9
0.9804848522032771;100;0
2.012569283080832e-16;100;1
7.705574570225606e-12;100;2
0.999993350290199;100;3
2.5017986095467376e-10;100;4
0.9995615033847519;100;5
2.231837470635141e-07;100;6
1.9669348464511953e-15;100;7
1.3298121112382687e-10;100;8
1.8521283818043706e-13;100;9
0.995067518536218;101;0
4.840496693552806e-05;101;1
5.858012544885574e-06;101;2
3.61344197649362e-06;101;3
7.873365696603917e-07;101;4
3.6937017808420505e-05;101;5
0.9971050107041031;101;6
0.0012750521107730837;101;7
4.2548671626975935e-08;101;8
0.0005166990041711129;101;9
1.919180121817546e-05;102;0
1.7144457079486658e-07;102;1
1.805645574983506e-05;102;2
8.721213988613774e-06;102;3
1.3207368890295604e-06;102;4
0.00010700136596293343;102;5
0.0002688123046534217;102;6
0.00018552273608754118;102;7
4.670252319907848e-05;102;8
3.2626973591711085e-05;102;9
9.117641484070643e-10;103;0
1.7226215761522844e-16;103;1
1.2382007758111457e-08;103;2
2.0782488103195635e-10;103;3
5.344212789387852e-07;103;4
0.9890130195171887;103;5
6.910329418834109e-06;103;6
3.664359647445086e-06;103;7
4.4606675536798524e-05;103;8
1.0077043030102514e-09;103;9
2.190359209145202e-12;104;0
3.645583299647958e-18;104;1
2.1870982331848345e-18;104;2
1.9684155387267017e-20;104;3
2.7917001308621645e-27;104;4
3.0989038295107347e-21;104;5
1.550640360871753e-13;104;6
1.6463374767363825e-21;104;7
2.0246905138695733e-16;104;8
1.5102614629494468e-17;104;9
4.3395677657861054e-13;105;0
4.7624235405950574e-09;105;1
0.647041097436431;105;2
0.9872729025528352;105;3
9.088285928654642e-13;105;4
1.0064850584299094e-12;105;5
9.527849741910025e-10;105;6
3.070203757225779e-10;105;7
0.9968994952144647;105;8
0.7719608164991132;105;9
0.9974759865887742;106;0
2.0537940032006426e-08;106;1
0.9933070355387515;106;2
2.37706841363324e-05;106;3
0.0004618995774541509;106;4
0.9999989154854062;106;5
2.2262935558933505e-09;106;6
0.999997025477907;106;7
0.9996620598079832;106;8
0.9975224560637852;106;9
3.351221283635148e-07;107;0
1.316285644475133e-09;107;1
1.252060942578191e-13;107;2
3.3587072608417487e-15;107;3
2.901290518966049e-20;107;4
8.692921939728307e-17;107;5
1.6050838003174268e-09;107;6
3.2707981819391215e-11;107;7
1.3015948173797194e-08;107;8
2.8531103719071816e-16;107;9
2.2379646552779537e-08;108;0
3.0325088514156e-12;108;1
0.9999999052284955;108;2
4.689070272051485e-12;108;3
5.444631005830008e-07;108;4
4.722185931774947e-08;108;5
0.9999873106949974;108;6
0.9999998786127146;108;7
0.988137778788064;108;8
0.9997582889119252;108;9
0.004450268804304419;109;0
0.0002035595096685997;109;1
0.3632746085407423;109;2
0.0003717233367251133;109;3
0.1823885343540089;109;4
0.0524942147722871;109;5
0.008566640273293142;109;6
0.03877225424264397;109;7
0.007579039724361737;109;8
0.7288164063402669;109;9
2.2920654251970455e-24;110;0
0.9183164146838007;110;1
2.951368273656229e-23;110;2
1.4742053936427122e-19;110;3
4.657563439671296e-17;110;4
0.6223900576506118;110;5
0.007107258144488526;110;6
5.2878433346139473e-23;110;7
8.647755584781804e-13;110;8
2.4267325746379943e-13;110;9
1.569193346396927e-09;111;0
2.4788046693329252e-09;111;1
3.5211542071373464e-10;111;2
6.834061117777572e-09;111;3
7.515088386671022e-09;111;4
4.5136411597474904e-20;111;5
1.0205215723942977e-11;111;6
1.6525846486554564e-16;111;7
2.999100912251277e-10;111;8
5.425891209575816e-17;111;9
1.8946347191800914e-05;112;0
0.9553221068426516;112;1
0.04105491676465493;112;2
7.729911610282403e-11;112;3
0.9995694332684414;112;4
9.862422226077985e-08;112;5
5.666624106394709e-12;112;6
1.895986627602971e-05;112;7
0.0055744828815045555;112;8
0.007687651811683652;112;9
5.7968313108065433e-08;113;0
6.805839472410233e-06;113;1
0.0001244292363377261;113;2
3.1106124831585616e-07;113;3
2.3527073316969023e-08;113;4
1.4952131226826148e-06;113;5
2.2744174739081096e-07;113;6
0.020837253970031184;113;7
1.3983251067925552e-06;113;8
3.351496141475822e-06;113;9
1.0197304219030385e-14;114;0
3.476727513285022e-09;114;1
7.035119345731693e-08;114;2
2.7285169632924085e-17;114;3
4.976672977982763e-14;114;4
1.3216293815475543e-09;114;5
4.885302156264448e-06;114;6
2.4293792547416403e-12;114;7
3.836916072938288e-05;114;8
0.0002589147524203051;114;9
1.9396261444148136e-06;35;0
2.918711274834787e-11;35;1
1.049594637979072e-06;35;2
7.808982919402899e-07;35;3
6.083678342236621e-06;35;4
5.581925326751838e-05;35;5
3.9848943350406e-06;35;6
4.926937743549959e-10;35;7
1.6847008350260775e-06;35;8
9.328267984773574e-05;35;9
3.3232842961480245e-11;36;0
8.191000405235048e-09;36;1
1.6790841268110546e-17;36;2
8.974392097006145e-10;36;3
1.2529771203165323e-07;36;4
1.0846248779818193e-11;36;5
1.2791470389691014e-12;36;6
1.0654192420903217e-15;36;7
1.0227374389806723e-16;36;8
8.457431606561747e-05;36;9
1.820849299107802e-25;37;0
6.690900133571463e-21;37;1
0.9875173414138927;37;2
4.517722169476042e-28;37;3
6.18204035954088e-19;37;4
0.9928705503046958;37;5
1.0962099992493085e-29;37;6
3.3097993968501916e-33;37;7
3.157384462492914e-17;37;8
1.1067884021420036e-05;37;9
2.7308997169623474e-07;38;0
1.6015290311663062e-06;38;1
9.647975089836977e-08;38;2
7.246743171919672e-09;38;3
3.7452140101137153e-13;38;4
6.011186878076043e-09;38;5
1.199616622596246e-08;38;6
8.726488280233863e-14;38;7
6.375631260404852e-07;38;8
1.6189409482399015e-10;38;9
6.138509703045898e-15;39;0
1.1903284954424765e-09;39;1
8.903780283178402e-13;39;2
5.287902178598517e-11;39;3
1.353718785927172e-13;39;4
2.918720686664723e-16;39;5
8.81617095522735e-17;39;6
2.5833462202145323e-15;39;7
6.458609155285629e-13;39;8
8.974776579203421e-13;39;9
0.000913581922581201;120;0
0.0003316445210593131;120;1
9.805365768995384e-05;120;2
0.0013423117412987636;120;3
0.0011438268173555102;120;4
0.021391530698461697;120;5
8.348800583720199e-05;120;6
2.0549162276255753e-05;120;7
3.829562009101339e-08;120;8
2.3497913844737566e-06;120;9
1.1959186190794093e-19;121;0
8.05567309575869e-15;121;1
8.957909633745485e-05;121;2
8.625971690886241e-10;121;3
0.0017973350260331012;121;4
4.627470980008707e-16;121;5
1.347591242284957e-15;121;6
3.561502337691769e-05;121;7
2.533374311154165e-06;121;8
4.040744280521668e-12;121;9
1.9059336014270915e-12;122;0
1.4404413970611854e-05;122;1
9.832679134683708e-10;122;2
7.553672548673014e-09;122;3
5.495274729043148e-11;122;4
1.0754968166561899e-06;122;5
8.81711988155073e-12;122;6
2.7478209484643342e-11;122;7
2.8122627249372997e-09;122;8
0.43189742627719463;122;9
1.3521183489189087e-05;123;0
4.734433910631357e-11;123;1
5.1940044249449395e-05;123;2
1.9056058158715188e-06;123;3
2.498846516475584e-05;123;4
3.67643803086868e-05;123;5
3.83354791451835e-05;123;6
0.004226891442494224;123;7
1.948313588536329e-06;123;8
1.5159439908537664e-05;123;9
9.953250212614249e-11;124;0
5.377859700420164e-05;124;1
1.0434559523668178e-05;124;2
5.872212665735099e-08;124;3
1.5512223782884333e-07;124;4
0.00018974048067766698;124;5
1.0410134492677314e-05;124;6
2.8257505906207225e-06;124;7
1.4307628343153658e-06;124;8
0.00017909380876207894;124;9
0.999999123608006;20;0
0.9975227252569746;20;1
0.8807969576713193;20;2
0.7987628017541211;20;3
0.9999966783816989;20;4
0.9997411715567205;20;5
0.028075312620120568;20;6
0.9400793482149674;20;7
0.9999994603805267;20;8
1.2161425201584553e-20;20;9
0.00018145760221747404;21;0
4.388322589384028e-08;21;1
0.0019122719596793908;21;2
0.0017748892091467728;21;3
0.00023109401596406066;21;4
0.001008060060476674;21;5
1.5840129909052566e-06;21;6
0.008473119315930528;21;7
1.1228972749790353e-06;21;8
0.013230140272593045;21;9
8.229936009055328e-11;22;0
2.5496729319330916e-07;22;1
5.35429907303609e-09;22;2
1.5326111808742007e-10;22;3
9.643152226176187e-11;22;4
1.2248497057179936e-08;22;5
2.430796301118956e-12;22;6
8.005063031351846e-11;22;7
3.599924016611652e-08;22;8
2.8764776989505604e-08;22;9
0.012982968097540558;23;0
0.0014798933846175886;23;1
7.951912027618166e-05;23;2
1.4247643394785304e-06;23;3
7.131228501341189e-07;23;4
5.161902536911722e-08;23;5
0.00021922149712663526;23;6
0.9813192149852477;23;7
0.00038730744938013796;23;8
1.750373159205511e-08;23;9
0.973783738075722;24;0
0.9999966780555617;24;1
0.9999998147170442;24;2
0.9999999629245754;24;3
0.9999250661558361;24;4
0.9999038004281242;24;5
0.9999573768808192;24;6
0.9999998811049815;24;7
0.9999970923469599;24;8
0.9995602793023227;24;9
2.7748432835732667e-07;130;0
2.726337028838979e-05;130;1
0.0017772328111191414;130;2
5.5697375596912146e-05;130;3
0.00022089269949187006;130;4
5.970328878858144e-05;130;5
0.0006547130811160319;130;6
2.0633141447966e-06;130;7
0.001035972154286451;130;8
0.0017361478236291056;130;9
1.3844391087083375e-24;131;0
9.142289437845976e-24;131;1
1.0;131;2
2.3201037885544027e-23;131;3
4.8591346817176887e-20;131;4
6.844213740989842e-18;131;5
9.846650273725207e-27;131;6
1.4649577396174374e-17;131;7
1.0;131;8
1.0;131;9
2.331036153498025e-18;132;0
0.0006505161663692745;132;1
9.145087757355948e-20;132;2
2.8903772035955534e-18;132;3
9.236130838034951e-17;132;4
1.5901451262475395e-10;132;5
1.5383728073736863e-15;132;6
3.552373214941759e-17;132;7
1.727078142169082e-17;132;8
8.367440973623842e-08;132;9
1.8300241043920758e-11;133;0
7.983226611192333e-16;133;1
3.444940093103684e-11;133;2
1.7736753209778805e-11;133;3
7.934433734001023e-14;133;4
4.4290253079795247e-16;133;5
1.227905929468982e-16;133;6
6.038750349692854e-17;133;7
1.8285819092649784e-12;133;8
2.0846765094919632e-13;133;9
3.164300311378185e-06;134;0
0.3575963991960667;134;1
2.4201730556798356e-17;134;2
2.5693890922313768e-17;134;3
2.7887003791834863e-05;134;4
9.089141213390546e-12;134;5
5.253769083434732e-27;134;6
7.710007578979419e-17;134;7
6.6515578029776525e-19;134;8
6.449846098626101e-07;134;9
5.202395948941351e-16;115;0
1.2658054523147993e-13;115;1
3.0674645655847366e-11;115;2
1.0;115;3
4.258208052599301e-09;115;4
6.785935287281908e-08;115;5
8.78115017469633e-20;115;6
8.457993109171905e-15;115;7
4.191542301384563e-12;115;8
2.0251695705014725e-14;115;9
6.176013172354955e-17;116;0
0.9999999673731017;116;1
0.9999978123643252;116;2
1.227887299361607e-18;116;3
3.0500385359021086e-13;116;4
1.0;116;5
3.427424840650138e-05;116;6
5.046558881574169e-18;116;7
7.852140664379389e-23;116;8
5.1029767425913565e-27;116;9
0.9999995975785048;117;0
0.9996128736430917;117;1
0.003953177511887176;117;2
0.9840730138414976;117;3
0.9996194414356236;117;4
0.009865990902334542;117;5
0.9473018699810273;117;6
0.999735332298509;117;7
0.9999670695249735;117;8
0.0001888858837883759;117;9
0.9261382541671724;118;0
3.3221838064690877e-19;118;1
9.648482227153719e-16;118;2
6.314418023919151e-14;118;3
8.141806770326335e-10;118;4
0.9758558868638509;118;5
1.9247658375647916e-14;118;6
0.9763618806393196;118;7
1.5776582883109943e-07;118;8
0.9882138250399999;118;9
1.352163232339071e-26;119;0
4.847585899605155e-22;119;1
1.9730167857824e-15;119;2
1.0160543132296986e-18;119;3
2.5264503629932897e-13;119;4
1.0341738674770997e-16;119;5
1.7530486964829031e-19;119;6
2.0761042032809804e-17;119;7
2.1275882363939394e-25;119;8
3.2953765485573297e-18;119;9
3.247276046533021e-10;140;0
2.550263095748464e-13;140;1
3.463367772673898e-10;140;2
3.1425739522917766e-10;140;3
2.4511928116836818e-15;140;4
6.322412809317969e-14;140;5
7.854588334537137e-11;140;6
1.2112578461150573e-08;140;7
2.433041243991655e-12;140;8
0.009267104707548308;140;9
1.3789241515050316e-15;141;0
1.5971533930784352e-20;141;1
5.727420317221123e-19;141;2
3.4491091754394986e-18;141;3
3.8845144088990726e-19;141;4
8.327648867289232e-20;141;5
5.6896048099206405e-15;141;6
5.66506954499806e-29;141;7
1.0474725339639329e-22;141;8
3.916791728936587e-18;141;9
1.5310272113874555e-06;142;0
9.51870399780076e-06;142;1
1.85533628949801e-08;142;2
3.3149440397781165e-13;142;3
5.999208154013805e-07;142;4
0.005374728321020555;142;5
1.1765852258771464e-07;142;6
0.0004639440729105325;142;7
0.0020533268036172854;142;8
2.121935477153902e-05;142;9
0.0002726656706171658;143;0
5.510908540257672e-05;143;1
0.9660257590458815;143;2
0.0021350136552189636;143;3
0.029631998546271278;143;4
0.001276358795360441;143;5
1.2257984396409393e-05;143;6
0.026278429278494934;143;7
0.0017377920060404504;143;8
0.006202889059877585;143;9
5.089213138262236e-08;144;0
3.279497886193035e-08;144;1
1.516770552331492e-07;144;2
5.473705689647933e-10;144;3
1.0;144;4
5.8031236475665625e-09;144;5
7.317655925657438e-07;144;6
4.476289288578301e-08;144;7
4.347996965917276e-09;144;8
4.636851101171474e-06;144;9
7.953016934314193e-28;125;0
1.8432233508965592e-14;125;1
6.893278588194913e-21;125;2
1.3613001151739599e-22;125;3
4.0537159205443055e-25;125;4
8.525413113233012e-18;125;5
2.7442314354587095e-24;125;6
2.3752336635380177e-24;125;7
5.98394739716724e-23;125;8
9.219801322200925e-25;125;9
0.031005699179467397;126;0
1.158654855193828e-08;126;1
1.2562248549764806e-12;126;2
1.3866745799422346e-13;126;3
3.136474226168215e-07;126;4
8.366592244721433e-09;126;5
8.940378798509764e-11;126;6
7.74848348376489e-13;126;7
0.1046387397114595;126;8
1.1196602285573433e-11;126;9
2.0427210024945316e-20;127;0
1.8701757559269377e-14;127;1
5.185473447212429e-19;127;2
9.463914772916064e-14;127;3
6.646828073123656e-22;127;4
1.944364888450811e-09;127;5
2.1836173392590194e-11;127;6
4.1956985846248106e-16;127;7
3.14864131913449e-08;127;8
4.653211771639124e-13;127;9
3.5925276658500494e-06;128;0
8.552483998807696e-05;128;1
0.0007766603412134762;128;2
2.4423710379741895e-13;128;3
9.444530174067541e-07;128;4
9.346160666591028e-10;128;5
0.0005010899091447988;128;6
5.664960587626981e-10;128;7
1.1415058622108807e-07;128;8
0.00021302484429530495;128;9
0.00028108273552371896;129;0
0.00030467372119500534;129;1
0.028453242245038556;129;2
1.8563678763939703e-05;129;3
0.00021143796822759971;129;4
2.0157367781872686e-05;129;5
0.0010924329326722567;129;6
0.015629762230573413;129;7
0.0038276165146219395;129;8
0.00012495489265470578;129;9
0.07590716435806784;150;0
0.036504150738695396;150;1
3.6741698508489197e-06;150;2
0.003219044767410616;150;3
0.0017690026530824054;150;4
0.0016042334096092704;150;5
0.013524828017841467;150;6
0.0021456665805863677;150;7
0.013631651821963613;150;8
0.12220049916239971;150;9
0.00016793863878221377;151;0
2.5244567969050322e-05;151;1
0.0010549739404280395;151;2
0.0033611465584477557;151;3
2.2200227357061316e-07;151;4
0.3004660247913217;151;5
0.00197957859144747;151;6
0.03614014140059452;151;7
0.32513054109100786;151;8
3.374405956976639e-07;151;9
7.040712061320567e-05;152;0
6.290304023991971e-06;152;1
0.002980258563094215;152;2
0.0008068937370682839;152;3
0.011776938035490575;152;4
0.08769327741661168;152;5
0.011821799569121652;152;6
0.00019952808601090904;152;7
4.905388538652383e-06;152;8
0.04581808347350326;152;9
6.921135267463833e-05;153;0
2.538130153768245e-10;153;1
9.040749811650139e-06;153;2
0.01632298773002842;153;3
1.0835255803540953e-07;153;4
1.6633439916030187e-05;153;5
1.3020305726690367e-07;153;6
6.794563888370582e-07;153;7
6.30837663357993e-13;153;8
6.16856398737645e-08;153;9
4.470727049339636e-08;154;0
1.3758635417665806e-11;154;1
1.3906460768721348e-05;154;2
1.8399159687285266e-08;154;3
1.4086438619279275e-07;154;4
0.02416664113706544;154;5
2.6838876965581733e-05;154;6
3.3169417117665244e-07;154;7
3.8173915505424974e-07;154;8
9.794291412159875e-06;154;9
7.061611549210365e-10;155;0
0.0004415743898123835;155;1
5.7350826860514204e-06;155;2
8.763633255978761e-06;155;3
2.2296529973032054e-05;155;4
9.994169657007352e-05;155;5
1.4301586284366367e-05;155;6
0.0008576208355086377;155;7
5.801992643995608e-05;155;8
1.8273275475562752e-10;155;9
0.023821854344993575;156;0
0.0006436697460446412;156;1
0.20713301540253096;156;2
3.015609914020318e-05;156;3
0.07379998463050245;156;4
1.035449553579859e-07;156;5
9.51132125603183e-05;156;6
0.00021247563655863106;156;7
0.015898998069261986;156;8
6.190257647818545e-13;156;9
3.172191560296005e-09;157;0
3.660079747881006e-23;157;1
1.6993856732857392e-15;157;2
1.4523657634222359e-11;157;3
4.852488101199533e-10;157;4
1.0;157;5
1.7819863189989758e-10;157;6
3.342059032468131e-11;157;7
1.4347367742655147e-18;157;8
8.229564395902594e-11;157;9
0.0003418316504689841;158;0
1.8367663433359236e-05;158;1
3.9420954771871975e-05;158;2
0.0016796496971226748;158;3
0.0003914013650556943;158;4
4.4705665589000655e-09;158;5
0.01087719823184617;158;6
1.4583780414065888e-05;158;7
0.00025543902134119774;158;8
0.00034680262870916546;158;9
0.0002568272878850675;159;0
0.0006927688648573108;159;1
4.869253310712444e-07;159;2
3.988762536710396e-16;159;3
2.0815781679631617e-09;159;4
8.483652623965073e-05;159;5
0.7534885022156215;159;6
5.874962268033188e-11;159;7
8.392491877372231e-11;159;8
0.37753978046695774;159;9
0.9038282532331584;160;0
1.7383993772386114e-09;160;1
1.1227000720868892e-07;160;2
0.3741673440895693;160;3
0.0063610339129961165;160;4
0.0006176718290222453;160;5
0.04007225424404174;160;6
1.699984756753763e-07;160;7
0.010887306483562193;160;8
8.280038581864584e-05;160;9
0.9999994418742306;161;0
2.1279451863065027e-07;161;1
2.445963647085619e-05;161;2
5.85527306383926e-07;161;3
0.9999995044911261;161;4
1.258967838217867e-07;161;5
2.1303989540334204e-05;161;6
0.9999476376317317;161;7
1.4250190840301523e-08;161;8
1.1365222368676939e-12;161;9
1.2483577650581303e-14;162;0
3.5856704400759335e-09;162;1
2.809810144889714e-05;162;2
4.271928059570942e-09;162;3
2.07199192725797e-13;162;4
3.48355192069963e-07;162;5
2.426375872125404e-08;162;6
1.0176673064959386e-07;162;7
1.3228505804732919e-05;162;8
1.0116225631387605e-10;162;9
1.1510882512296437e-14;163;0
9.44350990711333e-16;163;1
1.9511917131303556e-10;163;2
1.0903751284103203e-10;163;3
1.7025417900913094e-15;163;4
3.392000291718574e-11;163;5
9.495546531889143e-13;163;6
1.143800440565983e-27;163;7
2.831899042501526e-08;163;8
2.247636150501669e-10;163;9
3.2829032714489224e-07;164;0
1.6630637952377505e-12;164;1
7.320249433398913e-11;164;2
0.9853062648195035;164;3
9.737690646390174e-22;164;4
0.0001274255514664561;164;5
1.0456798900886606e-15;164;6
9.37912091175528e-08;164;7
1.2469566107265737e-05;164;8
0.05434339013250036;164;9
4.314778882542121e-06;165;0
7.556771288383158e-11;165;1
8.757188687272751e-07;165;2
1.4315012247017746e-06;165;3
0.001993156663604522;165;4
1.0326597917678002e-08;165;5
8.621717312440528e-05;165;6
0.006692213172576913;165;7
0.0005673385418107716;165;8
1.442604035882864e-07;165;9
0.10358408703007287;166;0
0.008960219578847265;166;1
5.0309890556843244e-05;166;2
0.001123909174449573;166;3
7.747931381466834e-07;166;4
0.003915207309349547;166;5
9.440709893773594e-05;166;6
0.05494481401829547;166;7
0.009492019992782548;166;8
0.0032725766162864946;166;9
5.716470218215574e-08;167;0
0.00011304011121973605;167;1
1.672029157240976e-05;167;2
0.00047687242597941226;167;3
1.7143736295161933e-06;167;4
1.4495388698539923e-06;167;5
0.00012369472748535571;167;6
2.031754413851785e-08;167;7
0.0016893264368146798;167;8
7.092597823580575e-07;167;9
0.001979150804274985;168;0
0.0027375016001784168;168;1
0.08005050613579429;168;2
0.00014410354633040816;168;3
0.008182889264606419;168;4
0.0025759524997455044;168;5
7.928225183877831e-05;168;6
0.01859577128404981;168;7
0.06822421835161202;168;8
7.005075837672994e-05;168;9
4.103728469790369e-08;169;0
1.2953324687009895e-05;169;1
3.4537041347931504e-10;169;2
3.306463933269412e-05;169;3
1.1800634458856126e-08;169;4
3.0478632065823824e-06;169;5
1.3404550701358586e-06;169;6
4.5706739454532856e-05;169;7
5.984796121264776e-11;169;8
4.473748478469525e-09;169;9
3.6404834869522143e-11;170;0
2.314751662215862e-10;170;1
3.754257942515788e-08;170;2
3.2522569167213536e-07;170;3
1.8730148079384528e-10;170;4
2.075027683040333e-18;170;5
3.6964342271425507e-07;170;6
7.431826069999558e-08;170;7
6.873846916890513e-08;170;8
2.327440265502092e-13;170;9
2.1036127575387438e-11;171;0
0.04430218568640906;171;1
2.4609722130366253e-09;171;2
2.753639269525564e-07;171;3
2.2458393489935693e-08;171;4
1.1930339403941435e-10;171;5
0.9995476420427254;171;6
7.808509960321965e-10;171;7
8.286402019754478e-05;171;8
2.719183553968005e-12;171;9
2.48865751208577e-12;172;0
2.526974621758859e-11;172;1
1.774327827889332e-07;172;2
8.733247591450796e-09;172;3
3.887708987554178e-13;172;4
3.791796618248023e-08;172;5
4.6832455724344055e-11;172;6
1.3492114305026771e-09;172;7
0.00010565087988453617;172;8
2.0826701682783357e-10;172;9
0.4892117998925941;173;0
0.9999999210475563;173;1
0.9999999031022695;173;2
0.9994467624309477;173;3
0.9999987574324929;173;4
0.9999998796968023;173;5
0.9999999754739168;173;6
0.999999624088885;173;7
0.692412798342186;173;8
0.007962130468010477;173;9
0.12054465631156336;174;0
0.00017102737307048024;174;1
4.1162515367657416e-09;174;2
0.9924228134426177;174;3
0.08167577884913237;174;4
0.0242641909445151;174;5
3.112149359941543e-07;174;6
0.9999215545967631;174;7
0.006705060009306871;174;8
0.014170947466340728;174;9
0.08527018622022906;175;0
0.059985111221557495;175;1
0.013148592262976265;175;2
0.025947414053763437;175;3
0.2813164452928668;175;4
0.038571823546806536;175;5
0.1994021894818413;175;6
0.017131832449595943;175;7
0.0004503049410678407;175;8
0.0021030724517090123;175;9
0.005755963447573791;176;0
2.7904379505277013e-06;176;1
0.006878164649115773;176;2
0.0004318071857589232;176;3
0.8807970294263018;176;4
0.9859357339702984;176;5
0.8175744457883515;176;6
5.6110416913681715e-05;176;7
0.9820131874594517;176;8
3.6444299204549366e-06;176;9
1.945583289794956e-07;177;0
1.8416548926820019e-06;177;1
0.9999598368052126;177;2
7.481523599140951e-05;177;3
6.467663718920834e-05;177;4
4.753478117740534e-06;177;5
4.354221746900069e-05;177;6
7.46616052285615e-05;177;7
8.962290038998849e-08;177;8
0.006796776638843737;177;9
0.2517946866252317;178;0
0.0029569121288744774;178;1
0.00819228104907678;178;2
0.09926484064553856;178;3
0.499676689275812;178;4
0.112068412044607;178;5
0.0033720974731206044;178;6
0.39709862209187147;178;7
0.0908698191851247;178;8
0.335904772965087;178;9
0.9997039612659899;179;0
0.996769142640309;179;1
0.999796362274728;179;2
0.9986694331478452;179;3
1.0193033845637215e-06;179;4
0.5099199712981175;179;5
0.22545628866438785;179;6
0.004231496882688848;179;7
0.9971709169241726;179;8
2.4300202851278184e-08;179;9
0.0014543574485692476;180;0
6.312247772758363e-08;180;1
1.1811743054732194e-10;180;2
3.497890237243781e-08;180;3
4.694841982223242e-08;180;4
1.2874788649535098e-06;180;5
3.183258224805733e-05;180;6
2.617925977640465e-10;180;7
3.34960664431004e-08;180;8
0.0002427052130210865;180;9
0.05424413687543785;181;0
0.9999999953193337;181;1
2.708249134221866e-14;181;2
1.2106319159102487e-06;181;3
2.570693367138491e-08;181;4
2.117631339563368e-11;181;5
1.0684325954571475e-07;181;6
0.9999999967507874;181;7
3.6912657432306166e-06;181;8
5.7607395822269715e-09;181;9
1.2027318885793702e-09;182;0
1.4852334185664284e-06;182;1
0.0022376737238031705;182;2
1.2531151460853238e-08;182;3
0.003321352678625922;182;4
0.015776360287713696;182;5
0.039700360378034025;182;6
0.015774555750319802;182;7
5.5395474506164416e-08;182;8
0.004801513022197801;182;9
3.767077076120092e-05;183;0
0.00012164329942820841;183;1
1.1996621128297248e-06;183;2
1.1238878873119712e-05;183;3
1.2094330859140956e-06;183;4
7.421107493750665e-05;183;5
9.800971201062339e-06;183;6
3.3224796046678735e-07;183;7
8.40955897672058e-05;183;8
6.830982859258247e-08;183;9
2.2066357665443094e-08;184;0
1.0310847663078378e-15;184;1
6.246033689788148e-10;184;2
2.623749165896443e-07;184;3
1.2751899115032735e-08;184;4
2.5364662650384906e-06;184;5
7.119695166836164e-10;184;6
4.231636950393634e-15;184;7
6.80082159054009e-12;184;8
3.554174174079041e-11;184;9
0.9893280554432252;185;0
0.9924828534916097;185;1
2.1846402827903403e-05;185;2
0.00010278219832377852;185;3
0.9990882119271416;185;4
7.124433709143653e-09;185;5
0.00014076265243959183;185;6
0.0003406855991826775;185;7
0.00023832867052750066;185;8
0.9975225969197049;185;9
2.7793883971866215e-05;186;0
5.630257859587466e-08;186;1
5.658604817250424e-05;186;2
0.0004849750987950795;186;3
2.6004824359392338e-08;186;4
2.0908956403916814e-10;186;5
0.005171246693714522;186;6
2.520653121884473e-17;186;7
0.018886699306196304;186;8
0.200501332650158;186;9
1.556485286944456e-06;187;0
0.0010759112581781036;187;1
2.379420679725831e-07;187;2
0.03291752620193357;187;3
0.11782418160481738;187;4
0.007305316598582449;187;5
0.0001937502709367226;187;6
2.041759116466102e-08;187;7
0.0008474099162473036;187;8
2.7207160486280472e-06;187;9
0.9240061857838758;188;0
0.004181185130068259;188;1
0.26940665372895706;188;2
0.3627870445895929;188;3
0.0012379056644031053;188;4
2.041738215105916e-05;188;5
0.9997452528234134;188;6
0.007351472482908729;188;7
6.19038562868436e-05;188;8
1.3841264305150245e-11;188;9
8.752920660240256e-06;189;0
6.0809921124801e-07;189;1
9.59982756151149e-06;189;2
1.0181176468982344e-05;189;3
0.07379869821774371;189;4
1.872612680853586e-05;189;5
0.9391083642547666;189;6
4.925174741377329e-07;189;7
2.1291660361360765e-11;189;8
2.6411021464922027e-09;189;9
1.9367917425606878e-24;190;0
1.3853324996434502e-25;190;1
8.123000140516693e-30;190;2
1.1343436121579231e-26;190;3
1.0247787127946196e-28;190;4
2.3434681428874006e-23;190;5
7.297052919438087e-23;190;6
2.6870637802237325e-19;190;7
6.8869110908019875e-28;190;8
2.002690248941392e-18;190;9
1.3254970898617027e-06;191;0
0.005619865608270665;191;1
5.970502583899433e-05;191;2
0.0006914303709937418;191;3
5.951532732786782e-06;191;4
0.055737525984912696;191;5
0.003516002289230584;191;6
0.18859506175174015;191;7
0.002023651981121761;191;8
6.200725979878905e-05;191;9
0.00012868593807213185;192;0
0.00011725846425553054;192;1
6.087928072895386e-10;192;2
7.155913993431752e-10;192;3
3.671245761232574e-08;192;4
4.6554402675656623e-10;192;5
1.7617303391661754e-09;192;6
2.5026722137057776e-10;192;7
1.025739963756004e-09;192;8
3.718517795296106e-16;192;9
1.3691555524415872e-05;193;0
1.550969347119086e-06;193;1
0.002494380001115461;193;2
3.796833611420374e-05;193;3
0.03814915164691144;193;4
0.0005921417920169981;193;5
3.377083434193821e-11;193;6
0.0007790075698055462;193;7
9.4846590301131e-06;193;8
0.00010807815770466328;193;9
0.9999593636230814;194;0
6.751786416247266e-08;194;1
0.9999999926550305;194;2
0.9998765878823156;194;3
1.7196483881551045e-05;194;4
0.999988511906069;194;5
1.9531883787072646e-05;194;6
0.0004456647073396732;194;7
3.9532774734089467e-10;194;8
0.9623501642605343;194;9
8.316044276321908e-05;135;0
0.004588205516214258;135;1
1.278785284058774e-10;135;2
2.234670713098302e-12;135;3
0.9863722188051979;135;4
2.7052563994381685e-05;135;5
4.597411019610162e-09;135;6
3.2785326722554667e-07;135;7
5.971147954212497e-06;135;8
4.687070480354811e-14;135;9
4.045597789220987e-05;136;0
4.075748633372946e-09;136;1
5.44041928937559e-09;136;2
2.4234298322890397e-05;136;3
8.464375073393464e-10;136;4
4.958594025114248e-07;136;5
0.013058831513947176;136;6
0.00037896690131153236;136;7
1.4836774299642708e-05;136;8
0.008020822342813688;136;9
1.7552725050650206e-16;137;0
5.5667844758610554e-24;137;1
2.855950227941175e-18;137;2
1.246914070105771e-10;137;3
1.944015457052767e-10;137;4
7.585167434324555e-11;137;5
3.1453783161370698e-15;137;6
2.5394709550356643e-11;137;7
7.949927878353117e-16;137;8
4.0889677005177184e-16;137;9
0.0025273572173874987;138;0
2.8988889331061682e-05;138;1
5.622267256614926e-06;138;2
2.038750014563785e-05;138;3
3.699068427453566e-09;138;4
2.98585126747074e-06;138;5
1.721358223745289e-10;138;6
3.7756140559248596e-05;138;7
0.000495742599190736;138;8
2.0248963500861116e-09;138;9
5.4532336032389127e-08;139;0
0.005594558207382575;139;1
0.0005147186768388823;139;2
0.0035518758177448856;139;3
0.0018073466678477665;139;4
0.999997394377528;139;5
2.655025885741164e-06;139;6
2.615735192221711e-08;139;7
4.443772600460609e-06;139;8
4.394251909631449e-06;139;9
0.0007220238975901778;200;0
0.7668405410163345;200;1
0.008051069798809322;200;2
2.2918329691499335e-14;200;3
0.0195051818020318;200;4
0.006350217656255864;200;5
0.8192987228277724;200;6
0.012287896978935696;200;7
0.7354293723284424;200;8
0.42511714735694994;200;9
0.9975272654944967;201;0
0.9914218028872581;201;1
5.027933073580016e-05;201;2
0.9241377934447095;201;3
0.9933071346727919;201;4
0.0015971358543906459;201;5
4.330330169149105e-06;201;6
7.502292394844531e-05;201;7
0.6791786926816161;201;8
3.696374609561391e-07;201;9
1.3593749703047534e-10;202;0
0.8519468329786123;202;1
0.9998910417015666;202;2
1.52202072070887e-08;202;3
4.732059484738494e-09;202;4
8.458962559889551e-11;202;5
2.822089403740077e-11;202;6
1.727896577118175e-06;202;7
1.4363253042452172e-11;202;8
9.454386551313761e-11;202;9
2.2753076211012582e-05;203;0
5.186617655226879e-05;203;1
1.2989086693343714e-07;203;2
1.0294105880969812e-06;203;3
0.5803684721574035;203;4
0.9603307913646294;203;5
4.891959629298195e-05;203;6
0.0021756342530102448;203;7
1.0230860609342459e-05;203;8
0.14217854058462362;203;9
2.269766857229344e-06;204;0
0.0004915313387666026;204;1
1.0820622847498549e-05;204;2
4.1452421406104303e-10;204;3
3.0158211797857525e-06;204;4
2.8364158648298717e-06;204;5
0.002803293894526582;204;6
0.0003765633756839454;204;7
0.14331287185664687;204;8
3.53843569843266e-07;204;9
3.0954763215732467e-06;205;0
0.00016748647149123074;205;1
0.12642737989920508;205;2
9.269584255133494e-07;205;3
0.931210096749569;205;4
0.00013470672338941676;205;5
0.0035692960949600993;205;6
0.04382723412378654;205;7
0.0436160267454649;205;8
1.8569073872415784e-06;205;9
0.999999995054817;206;0
0.9859363691016493;206;1
2.3393432742975718e-14;206;2
0.999972460962678;206;3
0.924139330681334;206;4
6.831221810461199e-09;206;5
0.9998766039431727;206;6
0.9525569542840355;206;7
0.9998766034070861;206;8
0.9820117967792206;206;9
1.1063480115414839e-10;207;0
6.91777648672843e-07;207;1
2.495615452902066e-11;207;2
4.994934575582488e-13;207;3
0.0020207231406270177;207;4
3.459745624562815e-11;207;5
8.06679682783098e-10;207;6
7.989462410029949e-12;207;7
1.2412527007492774e-10;207;8
5.794652152679931e-09;207;9
1.0;208;0
4.419768907782243e-17;208;1
2.8085667742955626e-15;208;2
1.038757833033001e-17;208;3
4.411055774642663e-16;208;4
1.0;208;5
1.0;208;6
0.07040572164581267;208;7
0.00032295814629600014;208;8
1.0;208;9
1.2298146898575114e-08;209;0
7.33216271654137e-09;209;1
2.3696484670495356e-16;209;2
4.4768931172938356e-08;209;3
0.00026062115226255494;209;4
4.043929102793155e-09;209;5
1.3420363144680773e-08;209;6
3.785308848314645e-08;209;7
1.5660488002182884e-09;209;8
3.53161584562885e-11;209;9
0.9715153752426643;210;0
0.9990286257025528;210;1
0.005756365778953384;210;2
3.2962997598469294e-06;210;3
0.06587764923636456;210;4
9.628411853206359e-05;210;5
0.012577778456874166;210;6
0.0077683166975230705;210;7
2.2509316254694854e-05;210;8
0.0023319816740508966;210;9
0.999922323006562;211;0
2.6383929205103562e-05;211;1
2.145450083062657e-07;211;2
0.0030506007886094344;211;3
5.179320817692451e-06;211;4
5.511528111885833e-06;211;5
0.9999928785332524;211;6
1.533243365583154e-06;211;7
1.0888301154230116e-08;211;8
2.2947267136973833e-05;211;9
0.08101232761875818;212;0
0.05810370118037139;212;1
0.9980731839293161;212;2
1.5629282796007444e-06;212;3
5.756773029219606e-06;212;4
0.9999925021082403;212;5
0.0009315467063987937;212;6
1.958889736732011e-06;212;7
0.00040833032916767325;212;8
1.5563209920452294e-09;212;9
8.629170344361967e-05;213;0
1.2518249220336539e-11;213;1
3.710927007351028e-07;213;2
4.958691725108464e-16;213;3
2.678581946906061e-11;213;4
4.810038700942474e-13;213;5
7.900358450676212e-11;213;6
1.2138895120044825e-10;213;7
4.4953393635917146e-21;213;8
2.2839014763456251e-07;213;9
0.11251870726775026;214;0
0.9999808382192302;214;1
0.030115647934229568;214;2
0.22392568893190537;214;3
0.9525704405262997;214;4
0.07915543060620146;214;5
0.9999977103018575;214;6
0.1558417980597806;214;7
0.009594554583178436;214;8
1.6143848875856096e-06;214;9
5.625608701755064e-16;145;0
1.0374177072940627e-13;145;1
0.24257816462588677;145;2
1.315267673015002e-10;145;3
4.420223244661796e-10;145;4
4.327559338347267e-23;145;5
3.8574305220400226e-10;145;6
5.1645187867130414e-15;145;7
5.8780127908352114e-21;145;8
1.3955645655025206e-13;145;9
1.4784921295078143e-24;146;0
1.6380938303519057e-20;146;1
1.7815641945773414e-19;146;2
1.2605189785556318e-25;146;3
6.432392271016563e-24;146;4
5.258966227898798e-18;146;5
2.4843327104124184e-12;146;6
2.790560945713147e-25;146;7
1.5358917269170957e-20;146;8
7.417786062860826e-19;146;9
1.0;147;0
1.0860190559998635e-13;147;1
2.8032388245608682e-11;147;2
1.0;147;3
1.0;147;4
1.0;147;5
1.0;147;6
1.0;147;7
1.0;147;8
4.692958275194349e-21;147;9
9.172562582160458e-10;148;0
1.1468265558791875e-05;148;1
4.561322199404151e-12;148;2
1.5690075484603662e-07;148;3
0.000832564857846029;148;4
9.235564687481159e-05;148;5
2.426804475736214e-07;148;6
0.0024109728625766476;148;7
1.112545819984075e-06;148;8
2.1313570185611696e-07;148;9
3.5571617325830635e-08;149;0
1.4780028440855294e-10;149;1
3.025738495722157e-17;149;2
1.1269209159492302e-12;149;3
1.3310881712154607e-29;149;4
4.787096300324176e-15;149;5
1.4623179882547837e-15;149;6
0.029801102466246888;149;7
6.738554048531425e-06;149;8
7.745674978889533e-21;149;9
1.0172880170461012e-25;220;0
1.230698997310399e-20;220;1
1.1909996646066937e-22;220;2
5.1140180356043455e-31;220;3
1.3865362136895893e-33;220;4
2.18178949857521e-22;220;5
2.874938362748731e-22;220;6
0.9998414173346156;220;7
0.9999998275882486;220;8
0.99999998576581;220;9
1.0;221;0
0.8175157807137008;221;1
1.0602410867400726e-15;221;2
1.0;221;3
1.919432334805995e-05;221;4
7.185804963647826e-13;221;5
3.1693392057785755e-05;221;6
1.657449909148414e-15;221;7
0.5621458588524634;221;8
7.486193230781874e-11;221;9
1.7879384747303568e-10;222;0
1.3461761496390526e-12;222;1
9.526297602357804e-16;222;2
3.4071119412662925e-11;222;3
2.0544618998361912e-10;222;4
2.5002780890500315e-12;222;5
1.0827724792162769e-10;222;6
9.721256843624078e-11;222;7
1.260437457250029e-12;222;8
2.9542380950940146e-08;222;9
0.9907285074658655;223;0
0.8391219401298433;223;1
0.9982195203673878;223;2
2.578107048958612e-16;223;3
0.996110608418083;223;4
0.9858584956900049;223;5
3.241589384964664e-16;223;6
1.0;223;7
0.03779007638070247;223;8
0.9819215457630041;223;9
0.9996602285318514;224;0
0.019772458304099367;224;1
0.3732645540109861;224;2
0.9259349894855899;224;3
0.00016856519384889795;224;4
0.7260781966718307;224;5
0.6424631677419276;224;6
0.9220296950448706;224;7
0.612980977160132;224;8
0.28398871276503407;224;9
3.931738972932623e-06;195;0
0.003579620257332686;195;1
1.7463090761464945e-05;195;2
0.002381878316614522;195;3
0.006516904243071925;195;4
1.6015940379661787e-07;195;5
5.30622427182153e-06;195;6
0.006909601479859974;195;7
0.000906445547187644;195;8
0.020212020095856206;195;9
1.0616278254787561e-11;196;0
2.574346834499751e-07;196;1
0.02287297367166702;196;2
1.535327875601015e-07;196;3
1.343607336660636e-06;196;4
0.0010767015497521169;196;5
0.007092025014805129;196;6
0.014647798249465594;196;7
0.0010615741478718485;196;8
0.00018755653465207922;196;9
0.0004184054910381536;197;0
0.014718249246203033;197;1
0.15163536069932654;197;2
3.548834266349065e-10;197;3
3.0108856622950213e-06;197;4
2.3274272604745022e-05;197;5
0.7257768980307728;197;6
1.0;197;7
0.14214248788382233;197;8
2.639819963018438e-12;197;9
2.1743997462249733e-10;198;0
0.027974248266970425;198;1
0.008091474178714421;198;2
0.006110336533537635;198;3
4.209845103936341e-05;198;4
0.008744832057052591;198;5
2.81802860864866e-09;198;6
1.1269104942795082e-07;198;7
0.00018520510474150787;198;8
3.6819459729874016e-05;198;9
1.0897956947898468e-09;199;0
0.007198774987665587;199;1
1.2767117164827584e-13;199;2
0.27433866369035664;199;3
9.36006647357685e-10;199;4
0.04640144972816494;199;5
5.884349336637191e-14;199;6
0.08701942220876262;199;7
1.3130881593328097e-06;199;8
0.2640362524753876;230;0
0.007534899629439629;230;1
0.0016436230462648974;230;2
3.4800260404663737e-09;230;3
4.54589326197016e-05;230;4
0.0033749439583659847;230;5
0.0012530507349976857;230;6
8.667002893473354e-05;230;7
1.5857943868957482e-06;230;8
4.2874325178568567e-10;230;9
0.9626724778201838;231;0
3.10497391187285e-09;231;1
0.6284098336169349;231;2
0.9904226962816985;231;3
0.8149915106533533;231;4
0.01511987999064438;231;5
2.436489476856073e-31;231;6
0.9996949042279456;231;7
3.036668981802061e-16;231;8
0.9980528543328048;231;9
3.63287018068479e-08;232;0
3.9922626669587555e-05;232;1
4.435369840448759e-07;232;2
2.85114482864778e-05;232;3
3.5707122677749315e-06;232;4
4.662029550366295e-06;232;5
7.782661035275641e-07;232;6
8.507666291650634e-06;232;7
2.383502021435619e-08;232;8
0.9968268031378056;232;9
5.0834226241069534e-11;233;0
2.0639595298313102e-11;233;1
4.272892028942187e-07;233;2
2.4604866990714957e-12;233;3
8.423694405393413e-05;233;4
1.4855326037716947e-12;233;5
2.9254964484341984e-16;233;6
5.2554873470503806e-08;233;7
0.00010555608637487882;233;8
7.956024072547976e-09;233;9
0.00023703374718982322;234;0
6.825087191114642e-07;234;1
6.19905421008672e-07;234;2
1.807309358490281e-07;234;3
5.657978524683042e-05;234;4
0.0001860786358623074;234;5
3.991440885035575e-08;234;6
8.659509283855581e-08;234;7
2.0162946221726052e-06;234;8
0.00013735555957621772;234;9
0.05657136639149764;235;0
0.004006673830876617;235;1
0.012731439110134475;235;2
0.027422510394612125;235;3
0.9921719227008415;235;4
1.0;235;5
3.619518053258916e-10;235;6
1.1270622704732072e-07;235;7
2.0974454987155054e-09;235;8
0.01242704757546213;235;9
5.6718553006213875e-05;236;0
1.2380346699092736e-05;236;1
1.2210386637370348e-07;236;2
0.00436571822248276;236;3
0.0021032381845334713;236;4
0.00010048885528539156;236;5
0.021862400301576553;236;6
0.004937364517862354;236;7
0.0004368704276085604;236;8
0.0034072298837060162;236;9
2.12004980811438e-05;237;0
2.313660810044577e-06;237;1
1.266799679001112e-07;237;2
0.0028702028780115277;237;3
0.00019759207287453699;237;4
6.40789075314842e-05;237;5
0.0012589958049236715;237;6
0.00019701846085100469;237;7
0.6064338465624723;237;8
4.382411997360531e-06;237;9
2.7205713764830935e-18;238;0
1.0;238;1
0.010264672341247167;238;2
1.3964253353705114e-11;238;3
0.9626288233132299;238;4
2.8107822051210965e-11;238;5
1.0;238;6
5.109601071166866e-13;238;7
1.4091385705247505e-12;238;8
0.825722403540808;238;9
0.0004573579822290301;239;0
3.6831146850214667e-07;239;1
1.3051257066109173e-09;239;2
1.3473971347630598e-06;239;3
2.080958762677877e-12;239;4
2.056166319850444e-06;239;5
2.166213862498092e-10;239;6
2.9970605348027508e-06;239;7
1.2118093035344574e-07;239;8
1.0;240;0
1.0;240;1
1.0;240;2
1.0;240;3
0.20870048113980058;240;4
1.0;240;5
0.20820409824723463;240;6
1.0;240;7
1.0;240;8
1.0;240;9
0.0041651089014481096;241;0
0.61834155886709;241;1
1.0;241;2
6.299693325445737e-05;241;3
0.0006290639212370309;241;4
0.9999596875097029;241;5
0.9999998062942747;241;6
0.37455801234334524;241;7
1.8203451814565383e-06;241;8
0.6906005273362353;241;9
0.010033362904329178;242;0
0.1408321420522099;242;1
1.48982707592318e-12;242;2
0.048255411361411746;242;3
5.24692759106495e-09;242;4
2.2062327479385547e-07;242;5
0.03496149099912051;242;6
5.767311080123275e-06;242;7
3.7970021970757024e-07;242;8
6.315898848576582e-10;242;9
1.644982588581502e-13;243;0
0.029422307944812265;243;1
1.4621252570390227e-12;243;2
9.279847679261946e-10;243;3
4.033180927297367e-07;243;4
6.214310413501449e-05;243;5
3.929815293411959e-10;243;6
7.270131518691062e-13;243;7
0.01710281664280623;243;8
0.0033576868863565497;243;9
2.784402968700515e-16;244;0
7.109457915912376e-16;244;1
4.731726183014065e-07;244;2
6.332005679848641e-06;244;3
2.1083908348600146e-14;244;4
6.428534206253155e-13;244;5
2.6312510325337268e-14;244;6
5.430849269860293e-20;244;7
0.5049779968607723;244;8
3.4586513288368634e-21;244;9
9.273489218570564e-13;245;0
2.458484699228872e-08;245;1
7.467215401984417e-12;245;2
9.199892434455486e-09;245;3
1.0930188679532378e-13;245;4
2.888605954587435e-10;245;5
3.477112786947279e-07;245;6
1.1632180422061722e-12;245;7
6.274970509731355e-13;245;8
9.408085342804548e-10;245;9
2.1077139493144903e-08;246;0
3.556579841530236e-25;246;1
5.88402774961452e-06;246;2
2.4551064653739213e-14;246;3
0.23098398553341104;246;4
1.0;246;5
1.0;246;6
0.36609664295668043;246;7
4.103277161957489e-22;246;8
2.9109359012052227e-20;246;9
0.0017480573676447184;247;0
0.9968263708660667;247;1
0.07931429955608892;247;2
0.9990827943133661;247;3
0.9998754047825623;247;4
0.999350076817907;247;5
0.9998764595819242;247;6
1.0;247;7
1.7033031050560422e-15;247;8
0.9999999708003298;247;9
1.6617484540198938e-12;248;0
1.447120922395917e-07;248;1
3.6560612286187306e-12;248;2
9.74260452216263e-18;248;3
2.0926932258906982e-14;248;4
2.355283430806257e-19;248;5
6.446730693935392e-17;248;6
7.123839572128891e-14;248;7
2.2041570195690104e-05;248;8
0.004651520490963544;248;9
0.000517017916072636;249;0
0.023002738203269264;249;1
1.12281695587407e-05;249;2
0.011484740260934349;249;3
0.00922078412300777;249;4
9.31046178262797e-09;249;5
0.0019379778511508794;249;6
0.02270402002764737;249;7
0.001423219791968447;249;8
0.0006543581169049014;249;9
3.784315492867323e-06;239;9
0.0008910461985343935;199;9
1.347181813885789e-08;215;0
7.231864229685872e-06;215;1
1.8470363258933502e-19;215;2
5.944917483641027e-13;215;3
1.6986990163554856e-23;215;4
8.054143870034226e-14;215;5
9.657686410667745e-31;215;6
7.134261417902076e-19;215;7
8.830099448912601e-09;215;8
1.1090249022341032e-21;215;9
1.6326074018081383e-33;216;0
6.304578289563459e-26;216;1
1.5491619908608888e-26;216;2
7.400297221788808e-31;216;3
1.8701850896569172e-25;216;4
5.653761797852612e-18;216;5
4.732319842650431e-37;216;6
3.2092775304828866e-15;216;7
3.2171573920309916e-30;216;8
5.3215191532075046e-21;216;9
2.392458883455754e-13;217;0
1.855352693248819e-20;217;1
0.9998736960464908;217;2
1.260079524834776e-14;217;3
0.9464990780085146;217;4
0.9853990114745219;217;5
4.540479301688317e-19;217;6
7.728817306731502e-16;217;7
1.9948981223423774e-15;217;8
1.12939540937505e-13;217;9
0.6339015115343866;218;0
0.5519370786737051;218;1
0.6023066767519633;218;2
0.39210458003238957;218;3
0.5230412689767796;218;4
0.7069771527000005;218;5
0.4311525176982185;218;6
0.5440767527428721;218;7
0.2324130591804695;218;8
8.87528031218047e-06;218;9
0.017102650210267165;219;0
0.0030006410644956736;219;1
1.1075834333462406e-07;219;2
6.587469970160786e-05;219;3
0.9999998560480359;219;4
0.9999769715701332;219;5
0.9999828396738264;219;6
0.0005210852046900279;219;7
0.021164001269741255;219;8
0.9994455984341408;219;9
6.982133309001422e-12;225;0
5.04086178684216e-10;225;1
4.6048311301460817e-11;225;2
4.479681418597107e-13;225;3
7.255566212316369e-10;225;4
1.514062861157738e-08;225;5
9.930183882584403e-11;225;6
7.479730922658167e-11;225;7
5.55108071197645e-14;225;8
8.596900927123285e-11;225;9
2.3008391718592875e-17;226;0
3.5174040131705656e-14;226;1
5.1432791114769236e-21;226;2
5.575471350662714e-18;226;3
3.956613152908382e-15;226;4
2.1498369421204482e-20;226;5
0.9988262398661235;226;6
1.9422962756264157e-13;226;7
1.0950333286002254e-15;226;8
0.9990674497547088;226;9
2.220451872572406e-05;227;0
0.0014734737455650404;227;1
0.0005279416083624888;227;2
3.6819348760394274e-06;227;3
5.8393899202326324e-08;227;4
0.0004974220864100208;227;5
2.9120485741307265e-08;227;6
0.000418834729197315;227;7
2.37647615514649e-06;227;8
0.004169458407547954;227;9
1.0;228;0
2.8431141977308232e-05;228;1
0.3509962625817498;228;2
1.0;228;3
0.9021290021078208;228;4
0.9129060763729402;228;5
0.04271542534177456;228;6
3.837740007431066e-09;228;7
0.6049252332697582;228;8
0.28951919623903943;228;9
2.0776473049322363e-06;229;0
1.838669190799455e-08;229;1
5.499517277766387e-07;229;2
4.550310006231243e-16;229;3
1.0;229;4
5.982812212079073e-06;229;5
1.0;229;6
1.0;229;7
8.375712077510576e-15;229;8
2.0762219833058942e-11;229;9
